[2026-06-08 17:48:28] backend.server INFO [backend] starting: host=0.0.0.0:5000 serve_website=True refresh=02:00 America/New_York workers=3 comp_workers=4 memory=12.0GB watcher=300s
[2026-06-08 17:48:28] backend.server INFO [flask] server thread started: 0.0.0.0:5000 (gunicorn=False)
[2026-06-08 17:48:28] backend.memory INFO [memory] monitor started: limit=12.0 GB interval=30.0s psutil=True
[2026-06-08 17:48:28] backend.server INFO [pipeline] starting (trigger=startup) -> C:\CS-Projects\BeyondTheStats\Soccer-Result-Predictor\Beyond-the-Stats\logs\pipeline-20260608-174828-startup.log
[2026-06-08 17:48:28] backend.server INFO [scheduler] next full pipeline at 2026-06-09T02:00:00-04:00 (in 8.2 h)
[2026-06-08 17:48:30] werkzeug INFO [31m[1mWARNING: This is a development server. Do not use it in a production deployment. Use a production WSGI server instead.[0m
 * Running on all addresses (0.0.0.0)
 * Running on http://127.0.0.1:5000
 * Running on http://192.168.111.118:5000
[2026-06-08 17:48:30] werkzeug INFO [33mPress CTRL+C to quit[0m
[2026-06-08 17:48:33] backend.server INFO [pipeline] C:\CS-Projects\BeyondTheStats\Soccer-Result-Predictor\Beyond-the-Stats\Extra-leagues\files\Process_Data.py:210: UserWarning: Parsing dates in %d/%m/%Y format when dayfirst=False (the default) was specified. Pass `dayfirst=True` or specify a format to silence this warning.
[2026-06-08 17:48:33] backend.server INFO [pipeline]   out["Date"] = pd.to_datetime(df["Date"], errors="coerce")
[2026-06-08 17:48:33] backend.server INFO [pipeline] C:\CS-Projects\BeyondTheStats\Soccer-Result-Predictor\Beyond-the-Stats\Extra-leagues\files\Process_Data.py:210: UserWarning: Parsing dates in %d/%m/%Y format when dayfirst=False (the default) was specified. Pass `dayfirst=True` or specify a format to silence this warning.
[2026-06-08 17:48:33] backend.server INFO [pipeline]   out["Date"] = pd.to_datetime(df["Date"], errors="coerce")
[2026-06-08 17:48:34] backend.server INFO [pipeline] C:\CS-Projects\BeyondTheStats\Soccer-Result-Predictor\Beyond-the-Stats\Extra-leagues\files\Process_Data.py:210: UserWarning: Parsing dates in %d/%m/%Y format when dayfirst=False (the default) was specified. Pass `dayfirst=True` or specify a format to silence this warning.
[2026-06-08 17:48:34] backend.server INFO [pipeline]   out["Date"] = pd.to_datetime(df["Date"], errors="coerce")
[2026-06-08 17:48:34] backend.server INFO [pipeline] C:\CS-Projects\BeyondTheStats\Soccer-Result-Predictor\Beyond-the-Stats\Extra-leagues\files\Process_Data.py:210: UserWarning: Parsing dates in %d/%m/%Y format when dayfirst=False (the default) was specified. Pass `dayfirst=True` or specify a format to silence this warning.
[2026-06-08 17:48:34] backend.server INFO [pipeline]   out["Date"] = pd.to_datetime(df["Date"], errors="coerce")
[2026-06-08 17:48:34] backend.server INFO [pipeline] C:\CS-Projects\BeyondTheStats\Soccer-Result-Predictor\Beyond-the-Stats\Extra-leagues\files\Process_Data.py:210: UserWarning: Parsing dates in %d/%m/%Y format when dayfirst=False (the default) was specified. Pass `dayfirst=True` or specify a format to silence this warning.
[2026-06-08 17:48:34] backend.server INFO [pipeline]   out["Date"] = pd.to_datetime(df["Date"], errors="coerce")
[2026-06-08 17:48:34] backend.server INFO [pipeline] C:\CS-Projects\BeyondTheStats\Soccer-Result-Predictor\Beyond-the-Stats\Extra-leagues\files\Process_Data.py:210: UserWarning: Parsing dates in %d/%m/%Y format when dayfirst=False (the default) was specified. Pass `dayfirst=True` or specify a format to silence this warning.
[2026-06-08 17:48:34] backend.server INFO [pipeline]   out["Date"] = pd.to_datetime(df["Date"], errors="coerce")
[2026-06-08 17:48:34] backend.server INFO [pipeline] C:\CS-Projects\BeyondTheStats\Soccer-Result-Predictor\Beyond-the-Stats\Extra-leagues\files\Process_Data.py:210: UserWarning: Parsing dates in %d/%m/%Y format when dayfirst=False (the default) was specified. Pass `dayfirst=True` or specify a format to silence this warning.
[2026-06-08 17:48:34] backend.server INFO [pipeline]   out["Date"] = pd.to_datetime(df["Date"], errors="coerce")
[2026-06-08 17:48:34] backend.server INFO [pipeline] C:\CS-Projects\BeyondTheStats\Soccer-Result-Predictor\Beyond-the-Stats\Extra-leagues\files\Process_Data.py:210: UserWarning: Parsing dates in %d/%m/%Y format when dayfirst=False (the default) was specified. Pass `dayfirst=True` or specify a format to silence this warning.
[2026-06-08 17:48:34] backend.server INFO [pipeline]   out["Date"] = pd.to_datetime(df["Date"], errors="coerce")
[2026-06-08 17:48:34] backend.server INFO [pipeline] C:\CS-Projects\BeyondTheStats\Soccer-Result-Predictor\Beyond-the-Stats\Extra-leagues\files\Process_Data.py:210: UserWarning: Parsing dates in %d/%m/%Y format when dayfirst=False (the default) was specified. Pass `dayfirst=True` or specify a format to silence this warning.
[2026-06-08 17:48:34] backend.server INFO [pipeline]   out["Date"] = pd.to_datetime(df["Date"], errors="coerce")
[2026-06-08 17:48:34] backend.server INFO [pipeline] C:\CS-Projects\BeyondTheStats\Soccer-Result-Predictor\Beyond-the-Stats\Extra-leagues\files\Process_Data.py:210: UserWarning: Parsing dates in %d/%m/%Y format when dayfirst=False (the default) was specified. Pass `dayfirst=True` or specify a format to silence this warning.
[2026-06-08 17:48:34] backend.server INFO [pipeline]   out["Date"] = pd.to_datetime(df["Date"], errors="coerce")
[2026-06-08 17:48:34] backend.server INFO [pipeline] C:\CS-Projects\BeyondTheStats\Soccer-Result-Predictor\Beyond-the-Stats\Extra-leagues\files\Process_Data.py:210: UserWarning: Parsing dates in %d/%m/%Y format when dayfirst=False (the default) was specified. Pass `dayfirst=True` or specify a format to silence this warning.
[2026-06-08 17:48:34] backend.server INFO [pipeline]   out["Date"] = pd.to_datetime(df["Date"], errors="coerce")
[2026-06-08 17:48:34] backend.server INFO [pipeline] C:\CS-Projects\BeyondTheStats\Soccer-Result-Predictor\Beyond-the-Stats\Extra-leagues\files\Process_Data.py:210: UserWarning: Parsing dates in %d/%m/%Y format when dayfirst=False (the default) was specified. Pass `dayfirst=True` or specify a format to silence this warning.
[2026-06-08 17:48:34] backend.server INFO [pipeline]   out["Date"] = pd.to_datetime(df["Date"], errors="coerce")
[2026-06-08 17:48:34] backend.server INFO [pipeline] C:\CS-Projects\BeyondTheStats\Soccer-Result-Predictor\Beyond-the-Stats\Extra-leagues\files\Process_Data.py:210: UserWarning: Parsing dates in %d/%m/%Y format when dayfirst=False (the default) was specified. Pass `dayfirst=True` or specify a format to silence this warning.
[2026-06-08 17:48:34] backend.server INFO [pipeline]   out["Date"] = pd.to_datetime(df["Date"], errors="coerce")
[2026-06-08 17:48:34] backend.server INFO [pipeline] C:\CS-Projects\BeyondTheStats\Soccer-Result-Predictor\Beyond-the-Stats\Extra-leagues\files\Process_Data.py:210: UserWarning: Parsing dates in %d/%m/%Y format when dayfirst=False (the default) was specified. Pass `dayfirst=True` or specify a format to silence this warning.
[2026-06-08 17:48:34] backend.server INFO [pipeline]   out["Date"] = pd.to_datetime(df["Date"], errors="coerce")
[2026-06-08 17:48:34] backend.server INFO [pipeline] C:\CS-Projects\BeyondTheStats\Soccer-Result-Predictor\Beyond-the-Stats\Extra-leagues\files\Process_Data.py:210: UserWarning: Parsing dates in %d/%m/%Y format when dayfirst=False (the default) was specified. Pass `dayfirst=True` or specify a format to silence this warning.
[2026-06-08 17:48:34] backend.server INFO [pipeline]   out["Date"] = pd.to_datetime(df["Date"], errors="coerce")
[2026-06-08 17:48:34] backend.server INFO [pipeline] C:\CS-Projects\BeyondTheStats\Soccer-Result-Predictor\Beyond-the-Stats\Extra-leagues\files\Process_Data.py:210: UserWarning: Parsing dates in %d/%m/%Y format when dayfirst=False (the default) was specified. Pass `dayfirst=True` or specify a format to silence this warning.
[2026-06-08 17:48:34] backend.server INFO [pipeline]   out["Date"] = pd.to_datetime(df["Date"], errors="coerce")
[2026-06-08 17:48:35] backend.server INFO [pipeline] C:\CS-Projects\BeyondTheStats\Soccer-Result-Predictor\Beyond-the-Stats\Extra-leagues\files\Process_Data.py:210: UserWarning: Parsing dates in %d/%m/%Y format when dayfirst=False (the default) was specified. Pass `dayfirst=True` or specify a format to silence this warning.
[2026-06-08 17:48:35] backend.server INFO [pipeline]   out["Date"] = pd.to_datetime(df["Date"], errors="coerce")
[2026-06-08 17:48:35] backend.server INFO [pipeline] C:\CS-Projects\BeyondTheStats\Soccer-Result-Predictor\Beyond-the-Stats\Extra-leagues\files\Process_Data.py:210: UserWarning: Parsing dates in %d/%m/%Y format when dayfirst=False (the default) was specified. Pass `dayfirst=True` or specify a format to silence this warning.
[2026-06-08 17:48:35] backend.server INFO [pipeline]   out["Date"] = pd.to_datetime(df["Date"], errors="coerce")
[2026-06-08 17:48:35] backend.server INFO [pipeline] C:\CS-Projects\BeyondTheStats\Soccer-Result-Predictor\Beyond-the-Stats\Extra-leagues\files\Process_Data.py:210: UserWarning: Parsing dates in %d/%m/%Y format when dayfirst=False (the default) was specified. Pass `dayfirst=True` or specify a format to silence this warning.
[2026-06-08 17:48:35] backend.server INFO [pipeline]   out["Date"] = pd.to_datetime(df["Date"], errors="coerce")
[2026-06-08 17:48:35] backend.server INFO [pipeline] C:\CS-Projects\BeyondTheStats\Soccer-Result-Predictor\Beyond-the-Stats\Extra-leagues\files\Process_Data.py:210: UserWarning: Parsing dates in %d/%m/%Y format when dayfirst=False (the default) was specified. Pass `dayfirst=True` or specify a format to silence this warning.
[2026-06-08 17:48:35] backend.server INFO [pipeline]   out["Date"] = pd.to_datetime(df["Date"], errors="coerce")
[2026-06-08 17:48:35] backend.server INFO [pipeline] C:\CS-Projects\BeyondTheStats\Soccer-Result-Predictor\Beyond-the-Stats\Extra-leagues\files\Process_Data.py:210: UserWarning: Parsing dates in %d/%m/%Y format when dayfirst=False (the default) was specified. Pass `dayfirst=True` or specify a format to silence this warning.
[2026-06-08 17:48:35] backend.server INFO [pipeline]   out["Date"] = pd.to_datetime(df["Date"], errors="coerce")
[2026-06-08 17:48:35] backend.server INFO [pipeline] C:\CS-Projects\BeyondTheStats\Soccer-Result-Predictor\Beyond-the-Stats\Extra-leagues\files\Process_Data.py:210: UserWarning: Parsing dates in %d/%m/%Y format when dayfirst=False (the default) was specified. Pass `dayfirst=True` or specify a format to silence this warning.
[2026-06-08 17:48:35] backend.server INFO [pipeline]   out["Date"] = pd.to_datetime(df["Date"], errors="coerce")
[2026-06-08 17:48:35] backend.server INFO [pipeline] C:\CS-Projects\BeyondTheStats\Soccer-Result-Predictor\Beyond-the-Stats\Extra-leagues\files\Process_Data.py:210: UserWarning: Parsing dates in %d/%m/%Y format when dayfirst=False (the default) was specified. Pass `dayfirst=True` or specify a format to silence this warning.
[2026-06-08 17:48:35] backend.server INFO [pipeline]   out["Date"] = pd.to_datetime(df["Date"], errors="coerce")
[2026-06-08 17:48:35] backend.server INFO [pipeline] C:\CS-Projects\BeyondTheStats\Soccer-Result-Predictor\Beyond-the-Stats\Extra-leagues\files\Process_Data.py:210: UserWarning: Parsing dates in %d/%m/%Y format when dayfirst=False (the default) was specified. Pass `dayfirst=True` or specify a format to silence this warning.
[2026-06-08 17:48:35] backend.server INFO [pipeline]   out["Date"] = pd.to_datetime(df["Date"], errors="coerce")
[2026-06-08 17:48:35] backend.server INFO [pipeline] C:\CS-Projects\BeyondTheStats\Soccer-Result-Predictor\Beyond-the-Stats\Extra-leagues\files\Process_Data.py:210: UserWarning: Parsing dates in %d/%m/%Y format when dayfirst=False (the default) was specified. Pass `dayfirst=True` or specify a format to silence this warning.
[2026-06-08 17:48:35] backend.server INFO [pipeline]   out["Date"] = pd.to_datetime(df["Date"], errors="coerce")
[2026-06-08 17:48:35] backend.server INFO [pipeline] C:\CS-Projects\BeyondTheStats\Soccer-Result-Predictor\Beyond-the-Stats\Extra-leagues\files\Process_Data.py:210: UserWarning: Parsing dates in %d/%m/%Y format when dayfirst=False (the default) was specified. Pass `dayfirst=True` or specify a format to silence this warning.
[2026-06-08 17:48:35] backend.server INFO [pipeline]   out["Date"] = pd.to_datetime(df["Date"], errors="coerce")
[2026-06-08 17:48:35] backend.server INFO [pipeline] C:\CS-Projects\BeyondTheStats\Soccer-Result-Predictor\Beyond-the-Stats\Extra-leagues\files\Process_Data.py:210: UserWarning: Parsing dates in %d/%m/%Y format when dayfirst=False (the default) was specified. Pass `dayfirst=True` or specify a format to silence this warning.
[2026-06-08 17:48:35] backend.server INFO [pipeline]   out["Date"] = pd.to_datetime(df["Date"], errors="coerce")
[2026-06-08 17:48:36] backend.server INFO [pipeline] C:\CS-Projects\BeyondTheStats\Soccer-Result-Predictor\Beyond-the-Stats\Extra-leagues\files\Process_Data.py:210: UserWarning: Parsing dates in %d/%m/%Y format when dayfirst=False (the default) was specified. Pass `dayfirst=True` or specify a format to silence this warning.
[2026-06-08 17:48:36] backend.server INFO [pipeline]   out["Date"] = pd.to_datetime(df["Date"], errors="coerce")
[2026-06-08 17:49:26] backend.server INFO [pipeline] 
[2026-06-08 17:49:26] backend.server INFO [pipeline] Downloading Argentina - Primera Division
[2026-06-08 17:49:26] backend.server INFO [pipeline] Kept argstat2014.csv
[2026-06-08 17:49:26] backend.server INFO [pipeline] Kept argstat2015.csv
[2026-06-08 17:49:26] backend.server INFO [pipeline] Kept argstat2016.csv
[2026-06-08 17:49:26] backend.server INFO [pipeline] Kept argstat2020.csv
[2026-06-08 17:49:26] backend.server INFO [pipeline] Kept argstat2021.csv
[2026-06-08 17:49:26] backend.server INFO [pipeline] Kept argstat2022.csv
[2026-06-08 17:49:26] backend.server INFO [pipeline] Kept argstat2023.csv
[2026-06-08 17:49:26] backend.server INFO [pipeline] Downloaded/Updated argstat2024.csv (581 rows)
[2026-06-08 17:49:26] backend.server INFO [pipeline] Downloaded/Updated argstat2025.csv (510 rows)
[2026-06-08 17:49:26] backend.server INFO [pipeline] Downloaded/Updated argstat2026.csv (254 rows)
[2026-06-08 17:49:26] backend.server INFO [pipeline] Done Argentina - Primera Division: updated 3 season files, skipped 7 historical files.
[2026-06-08 17:49:26] backend.server INFO [pipeline] 
[2026-06-08 17:49:26] backend.server INFO [pipeline] Downloading Brazil - Serie A
[2026-06-08 17:49:26] backend.server INFO [pipeline] Kept brastat2012.csv
[2026-06-08 17:49:26] backend.server INFO [pipeline] Kept brastat2013.csv
[2026-06-08 17:49:26] backend.server INFO [pipeline] Kept brastat2014.csv
[2026-06-08 17:49:26] backend.server INFO [pipeline] Kept brastat2015.csv
[2026-06-08 17:49:26] backend.server INFO [pipeline] Kept brastat2016.csv
[2026-06-08 17:49:26] backend.server INFO [pipeline] Kept brastat2017.csv
[2026-06-08 17:49:26] backend.server INFO [pipeline] Kept brastat2018.csv
[2026-06-08 17:49:26] backend.server INFO [pipeline] Kept brastat2019.csv
[2026-06-08 17:49:26] backend.server INFO [pipeline] Kept brastat2020.csv
[2026-06-08 17:49:26] backend.server INFO [pipeline] Kept brastat2021.csv
[2026-06-08 17:49:26] backend.server INFO [pipeline] Kept brastat2022.csv
[2026-06-08 17:49:26] backend.server INFO [pipeline] Kept brastat2023.csv
[2026-06-08 17:49:26] backend.server INFO [pipeline] Downloaded/Updated brastat2024.csv (380 rows)
[2026-06-08 17:49:26] backend.server INFO [pipeline] Downloaded/Updated brastat2025.csv (380 rows)
[2026-06-08 17:49:26] backend.server INFO [pipeline] Downloaded/Updated brastat2026.csv (177 rows)
[2026-06-08 17:49:26] backend.server INFO [pipeline] Done Brazil - Serie A: updated 3 season files, skipped 12 historical files.
[2026-06-08 17:49:26] backend.server INFO [pipeline] 
[2026-06-08 17:49:26] backend.server INFO [pipeline] Downloading Japan - J1 League
[2026-06-08 17:49:26] backend.server INFO [pipeline] Kept jpnstat2012.csv
[2026-06-08 17:49:26] backend.server INFO [pipeline] Kept jpnstat2013.csv
[2026-06-08 17:49:26] backend.server INFO [pipeline] Kept jpnstat2014.csv
[2026-06-08 17:49:26] backend.server INFO [pipeline] Kept jpnstat2015.csv
[2026-06-08 17:49:26] backend.server INFO [pipeline] Kept jpnstat2016.csv
[2026-06-08 17:49:26] backend.server INFO [pipeline] Kept jpnstat2017.csv
[2026-06-08 17:49:26] backend.server INFO [pipeline] Kept jpnstat2018.csv
[2026-06-08 17:49:26] backend.server INFO [pipeline] Kept jpnstat2019.csv
[2026-06-08 17:49:26] backend.server INFO [pipeline] Kept jpnstat2020.csv
[2026-06-08 17:49:26] backend.server INFO [pipeline] Kept jpnstat2021.csv
[2026-06-08 17:49:26] backend.server INFO [pipeline] Kept jpnstat2022.csv
[2026-06-08 17:49:26] backend.server INFO [pipeline] Kept jpnstat2023.csv
[2026-06-08 17:49:26] backend.server INFO [pipeline] Downloaded/Updated jpnstat2024.csv (380 rows)
[2026-06-08 17:49:26] backend.server INFO [pipeline] Downloaded/Updated jpnstat2025.csv (380 rows)
[2026-06-08 17:49:26] backend.server INFO [pipeline] Done Japan - J1 League: updated 2 season files, skipped 12 historical files.
[2026-06-08 17:49:26] backend.server INFO [pipeline] 
[2026-06-08 17:49:26] backend.server INFO [pipeline] Downloading Mexico - Liga MX
[2026-06-08 17:49:26] backend.server INFO [pipeline] Done Mexico - Liga MX: updated 0 season files, skipped 0 historical files.
[2026-06-08 17:49:26] backend.server INFO [pipeline] 
[2026-06-08 17:49:26] backend.server INFO [pipeline] Extra leagues download complete.
[2026-06-08 17:49:26] backend.server INFO [pipeline] 
[2026-06-08 17:49:26] backend.server INFO [pipeline] Processing extra-league files...
[2026-06-08 17:49:26] backend.server INFO [pipeline] Processed Japan\J1 League\jpnstat2012.csv...
[2026-06-08 17:49:26] backend.server INFO [pipeline] Processed Japan\J1 League\jpnstat2013.csv...
[2026-06-08 17:49:26] backend.server INFO [pipeline] Processed Argentina\Primera Division\argstat2014.csv...
[2026-06-08 17:49:26] backend.server INFO [pipeline] Processed Japan\J1 League\jpnstat2014.csv...
[2026-06-08 17:49:26] backend.server INFO [pipeline] Processed Brazil\Serie A\brastat2013.csv...
[2026-06-08 17:49:26] backend.server INFO [pipeline] Processed Brazil\Serie A\brastat2012.csv...
[2026-06-08 17:49:26] backend.server INFO [pipeline] Processed Brazil\Serie A\brastat2014.csv...
[2026-06-08 17:49:26] backend.server INFO [pipeline] Processed Argentina\Primera Division\argstat2015.csv...
[2026-06-08 17:49:26] backend.server INFO [pipeline] Processed Brazil\Serie A\brastat2015.csv...
[2026-06-08 17:49:26] backend.server INFO [pipeline] Processed Argentina\Primera Division\argstat2016.csv...
[2026-06-08 17:49:26] backend.server INFO [pipeline] Processed Japan\J1 League\jpnstat2015.csv...
[2026-06-08 17:49:26] backend.server INFO [pipeline] Processed Brazil\Serie A\brastat2017.csv...
[2026-06-08 17:49:26] backend.server INFO [pipeline] Processed Japan\J1 League\jpnstat2016.csv...
[2026-06-08 17:49:27] backend.server INFO [pipeline] Processed Brazil\Serie A\brastat2016.csv...
[2026-06-08 17:49:27] backend.server INFO [pipeline] Processed Japan\J1 League\jpnstat2017.csv...
[2026-06-08 17:49:27] backend.server INFO [pipeline] Processed Brazil\Serie A\brastat2018.csv...
[2026-06-08 17:49:27] backend.server INFO [pipeline] Processed Japan\J1 League\jpnstat2018.csv...
[2026-06-08 17:49:27] backend.server INFO [pipeline] Processed Argentina\Primera Division\argstat2020.csv...
[2026-06-08 17:49:27] backend.server INFO [pipeline] Processed Japan\J1 League\jpnstat2019.csv...
[2026-06-08 17:49:27] backend.server INFO [pipeline] Processed Brazil\Serie A\brastat2019.csv...
[2026-06-08 17:49:27] backend.server INFO [pipeline] Processed Brazil\Serie A\brastat2020.csv...
[2026-06-08 17:49:27] backend.server INFO [pipeline] Processed Japan\J1 League\jpnstat2020.csv...
[2026-06-08 17:49:27] backend.server INFO [pipeline] Processed Brazil\Serie A\brastat2021.csv...
[2026-06-08 17:49:27] backend.server INFO [pipeline] Processed Japan\J1 League\jpnstat2021.csv...
[2026-06-08 17:49:27] backend.server INFO [pipeline] Processed Japan\J1 League\jpnstat2022.csv...
[2026-06-08 17:49:27] backend.server INFO [pipeline] Processed Brazil\Serie A\brastat2022.csv...
[2026-06-08 17:49:27] backend.server INFO [pipeline] Processed Argentina\Primera Division\argstat2021.csv...
[2026-06-08 17:49:27] backend.server INFO [pipeline] Processed Argentina\Primera Division\argstat2022.csv...
[2026-06-08 17:49:27] backend.server INFO [pipeline] Processed Brazil\Serie A\brastat2023.csv...
[2026-06-08 17:49:27] backend.server INFO [pipeline] Processed Japan\J1 League\jpnstat2023.csv...
[2026-06-08 17:49:27] backend.server INFO [pipeline] Processed Japan\J1 League\jpnstat2024.csv...
[2026-06-08 17:49:27] backend.server INFO [pipeline] Processed Brazil\Serie A\brastat2024.csv...
[2026-06-08 17:49:27] backend.server INFO [pipeline] Processed Argentina\Primera Division\argstat2023.csv...
[2026-06-08 17:49:27] backend.server INFO [pipeline] Processed Argentina\Primera Division\argstat2024.csv...
[2026-06-08 17:49:27] backend.server INFO [pipeline] Processed Brazil\Serie A\brastat2025.csv...
[2026-06-08 17:49:27] backend.server INFO [pipeline] Processed Japan\J1 League\jpnstat2025.csv...
[2026-06-08 17:49:27] backend.server INFO [pipeline] Processed Argentina\Primera Division\argstat2026.csv...
[2026-06-08 17:49:27] backend.server INFO [pipeline] Processed Argentina\Primera Division\argstat2025.csv...
[2026-06-08 17:49:27] backend.server INFO [pipeline] Processed Brazil\Serie A\brastat2026.csv...
[2026-06-08 17:49:27] backend.server INFO [pipeline] All extra-league files processed.
[2026-06-08 17:49:27] backend.server INFO [pipeline] 
[2026-06-08 17:49:27] backend.server INFO [pipeline] Sorting extra-league team data...
[2026-06-08 17:49:27] backend.server INFO [pipeline] Processing Brazil\Serie A\brastat2012.csv
[2026-06-08 17:49:27] backend.server INFO [pipeline] Processing Japan\J1 League\jpnstat2012.csv
[2026-06-08 17:49:27] backend.server INFO [pipeline] Processing Brazil\Serie A\brastat2013.csv
[2026-06-08 17:49:27] backend.server INFO [pipeline] Processing Japan\J1 League\jpnstat2013.csv
[2026-06-08 17:49:27] backend.server INFO [pipeline] Processing Argentina\Primera Division\argstat2014.csv
[2026-06-08 17:49:27] backend.server INFO [pipeline] Processing Brazil\Serie A\brastat2014.csv
[2026-06-08 17:49:27] backend.server INFO [pipeline] Processing Japan\J1 League\jpnstat2014.csv
[2026-06-08 17:49:27] backend.server INFO [pipeline] Processing Argentina\Primera Division\argstat2015.csv
[2026-06-08 17:49:27] backend.server INFO [pipeline] Processing Brazil\Serie A\brastat2015.csv
[2026-06-08 17:49:27] backend.server INFO [pipeline] Processing Japan\J1 League\jpnstat2015.csv
[2026-06-08 17:49:27] backend.server INFO [pipeline] Processing Argentina\Primera Division\argstat2016.csv
[2026-06-08 17:49:27] backend.server INFO [pipeline] Processing Brazil\Serie A\brastat2016.csv
[2026-06-08 17:49:27] backend.server INFO [pipeline] Processing Japan\J1 League\jpnstat2016.csv
[2026-06-08 17:49:27] backend.server INFO [pipeline] Processing Brazil\Serie A\brastat2017.csv
[2026-06-08 17:49:27] backend.server INFO [pipeline] Processing Japan\J1 League\jpnstat2017.csv
[2026-06-08 17:49:27] backend.server INFO [pipeline] Processing Brazil\Serie A\brastat2018.csv
[2026-06-08 17:49:27] backend.server INFO [pipeline] Processing Japan\J1 League\jpnstat2018.csv
[2026-06-08 17:49:27] backend.server INFO [pipeline] Processing Brazil\Serie A\brastat2019.csv
[2026-06-08 17:49:27] backend.server INFO [pipeline] Processing Japan\J1 League\jpnstat2019.csv
[2026-06-08 17:49:27] backend.server INFO [pipeline] Processing Argentina\Primera Division\argstat2020.csv
[2026-06-08 17:49:27] backend.server INFO [pipeline] Processing Brazil\Serie A\brastat2020.csv
[2026-06-08 17:49:27] backend.server INFO [pipeline] Processing Japan\J1 League\jpnstat2020.csv
[2026-06-08 17:49:27] backend.server INFO [pipeline] Processing Argentina\Primera Division\argstat2021.csv
[2026-06-08 17:49:27] backend.server INFO [pipeline] Processing Brazil\Serie A\brastat2021.csv
[2026-06-08 17:49:27] backend.server INFO [pipeline] Processing Japan\J1 League\jpnstat2021.csv
[2026-06-08 17:49:27] backend.server INFO [pipeline] Processing Argentina\Primera Division\argstat2022.csv
[2026-06-08 17:49:27] backend.server INFO [pipeline] Processing Brazil\Serie A\brastat2022.csv
[2026-06-08 17:49:27] backend.server INFO [pipeline] Processing Japan\J1 League\jpnstat2022.csv
[2026-06-08 17:49:27] backend.server INFO [pipeline] Processing Argentina\Primera Division\argstat2023.csv
[2026-06-08 17:49:27] backend.server INFO [pipeline] Processing Brazil\Serie A\brastat2023.csv
[2026-06-08 17:49:27] backend.server INFO [pipeline] Processing Japan\J1 League\jpnstat2023.csv
[2026-06-08 17:49:27] backend.server INFO [pipeline] Processing Argentina\Primera Division\argstat2024.csv
[2026-06-08 17:49:27] backend.server INFO [pipeline] Processing Brazil\Serie A\brastat2024.csv
[2026-06-08 17:49:27] backend.server INFO [pipeline] Processing Japan\J1 League\jpnstat2024.csv
[2026-06-08 17:49:27] backend.server INFO [pipeline] Processing Argentina\Primera Division\argstat2025.csv
[2026-06-08 17:49:27] backend.server INFO [pipeline] Processing Brazil\Serie A\brastat2025.csv
[2026-06-08 17:49:27] backend.server INFO [pipeline] Processing Japan\J1 League\jpnstat2025.csv
[2026-06-08 17:49:27] backend.server INFO [pipeline] Processing Argentina\Primera Division\argstat2026.csv
[2026-06-08 17:49:27] backend.server INFO [pipeline] Processing Brazil\Serie A\brastat2026.csv
[2026-06-08 17:49:27] backend.server INFO [pipeline] 
[2026-06-08 17:49:27] backend.server INFO [pipeline] Done!
[2026-06-08 17:49:27] backend.server INFO [pipeline] 
[2026-06-08 17:49:27] backend.server INFO [pipeline] Current form written from Brazil\Serie A\brastat2026.csv
[2026-06-08 17:49:27] backend.server INFO [pipeline] Market values: Athletico-PR (5 players)
[2026-06-08 17:49:27] backend.server INFO [pipeline] Market values: Atletico-MG (5 players)
[2026-06-08 17:49:27] backend.server INFO [pipeline] Market values: Bahia (5 players)
[2026-06-08 17:49:27] backend.server INFO [pipeline] Market values: Bragantino (5 players)
[2026-06-08 17:49:27] backend.server INFO [pipeline] Market values: Corinthians (5 players)
[2026-06-08 17:49:27] backend.server INFO [pipeline] Market values: Coritiba (5 players)
[2026-06-08 17:49:27] backend.server INFO [pipeline] Market values: Cruzeiro (0 players)
[2026-06-08 17:49:27] backend.server INFO [pipeline] Market values: Fluminense (5 players)
[2026-06-08 17:49:27] backend.server INFO [pipeline] Market values: Gremio (5 players)
[2026-06-08 17:49:27] backend.server INFO [pipeline] Market values: Internacional (5 players)
[2026-06-08 17:49:27] backend.server INFO [pipeline] Market values: Mirassol (0 players)
[2026-06-08 17:49:27] backend.server INFO [pipeline] Market values: Palmeiras (5 players)
[2026-06-08 17:49:27] backend.server INFO [pipeline] Market values: Remo (5 players)
[2026-06-08 17:49:27] backend.server INFO [pipeline] Market values: Santos (0 players)
[2026-06-08 17:49:27] backend.server INFO [pipeline] Market values: Sao Paulo (5 players)
[2026-06-08 17:49:27] backend.server INFO [pipeline] Market values: Vasco (5 players)
[2026-06-08 17:49:27] backend.server INFO [pipeline] Market values: Vitoria (5 players)
[2026-06-08 17:49:27] backend.server INFO [pipeline] Top market value players written to team_top_market_value_players.json
[2026-06-08 17:49:27] backend.server INFO [pipeline] 
[2026-06-08 17:49:27] backend.server INFO [pipeline] Extra leagues pipeline complete (download + process + sort).
[2026-06-08 17:49:46] backend.server INFO [pipeline] 
[2026-06-08 17:49:46] backend.server INFO [pipeline] Match Predictor
[2026-06-08 17:49:46] backend.server INFO [pipeline] 
[2026-06-08 17:49:46] backend.server INFO [pipeline] Model backend: ensemble(random-forest+extra-trees)
[2026-06-08 17:49:46] backend.server INFO [pipeline] Enter teams for prediction. Team 1 is always the home team.
[2026-06-08 17:49:46] backend.server INFO [pipeline] Type 'q' to quit.
[2026-06-08 17:49:46] backend.server INFO [pipeline] 
[2026-06-08 17:49:46] backend.server INFO [pipeline] Enable debug reasoning output? (y/n): 
[2026-06-08 17:49:46] backend.server INFO [pipeline] Team 1 (Home): 
[2026-06-08 17:49:46] backend.server INFO [pipeline] Exiting predictor.
[2026-06-08 17:49:49] backend.server INFO [pipeline] C:\CS-Projects\BeyondTheStats\Soccer-Result-Predictor\Beyond-the-Stats\Extra-leagues\files\Predict_Upcoming_Matchweek.py:348: DeprecationWarning: datetime.datetime.utcnow() is deprecated and scheduled for removal in a future version. Use timezone-aware objects to represent datetimes in UTC: datetime.datetime.now(datetime.UTC).
[2026-06-08 17:49:49] backend.server INFO [pipeline]   created_at = datetime.utcnow().strftime("%Y-%m-%dT%H:%M:%SZ")
[2026-06-08 17:49:49] backend.server INFO [pipeline] Saved upcoming extra-league predictions: C:\CS-Projects\BeyondTheStats\Soccer-Result-Predictor\Beyond-the-Stats\Extra-leagues\Data\Predictions\upcoming_matchweek_predictions.csv
[2026-06-08 17:49:49] backend.server INFO [pipeline] Rows: 0
[2026-06-08 17:49:53] backend.server INFO [pipeline] Projected league tables saved: C:\CS-Projects\BeyondTheStats\Soccer-Result-Predictor\Beyond-the-Stats\Extra-leagues\Data\Predictions\projected_league_tables.csv
[2026-06-08 17:49:53] backend.server INFO [pipeline] Predicted remaining matches saved: C:\CS-Projects\BeyondTheStats\Soccer-Result-Predictor\Beyond-the-Stats\Extra-leagues\Data\Predictions\projected_future_matches.csv
[2026-06-08 17:50:02] backend.server INFO [pipeline] 
[2026-06-08 17:50:02] backend.server INFO [pipeline] Downloading MLS source: https://www.football-data.co.uk/new/USA.csv
[2026-06-08 17:50:02] backend.server INFO [pipeline] Kept mlsstat2012.csv
[2026-06-08 17:50:02] backend.server INFO [pipeline] Kept mlsstat2013.csv
[2026-06-08 17:50:02] backend.server INFO [pipeline] Kept mlsstat2014.csv
[2026-06-08 17:50:02] backend.server INFO [pipeline] Kept mlsstat2015.csv
[2026-06-08 17:50:02] backend.server INFO [pipeline] Kept mlsstat2016.csv
[2026-06-08 17:50:02] backend.server INFO [pipeline] Kept mlsstat2017.csv
[2026-06-08 17:50:02] backend.server INFO [pipeline] Kept mlsstat2018.csv
[2026-06-08 17:50:02] backend.server INFO [pipeline] Kept mlsstat2019.csv
[2026-06-08 17:50:02] backend.server INFO [pipeline] Kept mlsstat2020.csv
[2026-06-08 17:50:02] backend.server INFO [pipeline] Kept mlsstat2021.csv
[2026-06-08 17:50:02] backend.server INFO [pipeline] Kept mlsstat2022.csv
[2026-06-08 17:50:02] backend.server INFO [pipeline] Kept mlsstat2023.csv
[2026-06-08 17:50:02] backend.server INFO [pipeline] Downloaded/Updated mlsstat2024.csv (522 rows)
[2026-06-08 17:50:02] backend.server INFO [pipeline] Downloaded/Updated mlsstat2025.csv (540 rows)
[2026-06-08 17:50:02] backend.server INFO [pipeline] Downloaded/Updated mlsstat2026.csv (218 rows)
[2026-06-08 17:50:02] backend.server INFO [pipeline] 
[2026-06-08 17:50:02] backend.server INFO [pipeline] Download stage done. Updated 3 season files, skipped 12 existing historical files.
[2026-06-08 17:50:02] backend.server INFO [pipeline] 
[2026-06-08 17:50:02] backend.server INFO [pipeline] Processing MLS files...
[2026-06-08 17:50:02] backend.server INFO [pipeline] Processed United States\MLS\mlsstat2014.csv...
[2026-06-08 17:50:02] backend.server INFO [pipeline] Processed United States\MLS\mlsstat2012.csv...
[2026-06-08 17:50:02] backend.server INFO [pipeline] Processed United States\MLS\mlsstat2013.csv...
[2026-06-08 17:50:02] backend.server INFO [pipeline] Processed United States\MLS\mlsstat2019.csv...
[2026-06-08 17:50:02] backend.server INFO [pipeline] Processed United States\MLS\mlsstat2018.csv...
[2026-06-08 17:50:02] backend.server INFO [pipeline] Processed United States\MLS\mlsstat2015.csv...
[2026-06-08 17:50:02] backend.server INFO [pipeline] Processed United States\MLS\mlsstat2016.csv...
[2026-06-08 17:50:02] backend.server INFO [pipeline] Processed United States\MLS\mlsstat2017.csv...
[2026-06-08 17:50:02] backend.server INFO [pipeline] Processed United States\MLS\mlsstat2020.csv...
[2026-06-08 17:50:02] backend.server INFO [pipeline] Processed United States\MLS\mlsstat2022.csv...
[2026-06-08 17:50:02] backend.server INFO [pipeline] Processed United States\MLS\mlsstat2021.csv...
[2026-06-08 17:50:02] backend.server INFO [pipeline] Processed United States\MLS\mlsstat2026.csv...
[2026-06-08 17:50:02] backend.server INFO [pipeline] Processed United States\MLS\mlsstat2023.csv...
[2026-06-08 17:50:02] backend.server INFO [pipeline] Processed United States\MLS\mlsstat2025.csv...
[2026-06-08 17:50:02] backend.server INFO [pipeline] Processed United States\MLS\mlsstat2024.csv...
[2026-06-08 17:50:02] backend.server INFO [pipeline] All MLS files processed.
[2026-06-08 17:50:02] backend.server INFO [pipeline] 
[2026-06-08 17:50:02] backend.server INFO [pipeline] Sorting MLS team data...
[2026-06-08 17:50:02] backend.server INFO [pipeline] Processing United States\MLS\mlsstat2012.csv
[2026-06-08 17:50:02] backend.server INFO [pipeline] Processing United States\MLS\mlsstat2013.csv
[2026-06-08 17:50:02] backend.server INFO [pipeline] Processing United States\MLS\mlsstat2014.csv
[2026-06-08 17:50:02] backend.server INFO [pipeline] Processing United States\MLS\mlsstat2015.csv
[2026-06-08 17:50:02] backend.server INFO [pipeline] Processing United States\MLS\mlsstat2016.csv
[2026-06-08 17:50:02] backend.server INFO [pipeline] Processing United States\MLS\mlsstat2017.csv
[2026-06-08 17:50:02] backend.server INFO [pipeline] Processing United States\MLS\mlsstat2018.csv
[2026-06-08 17:50:02] backend.server INFO [pipeline] Processing United States\MLS\mlsstat2019.csv
[2026-06-08 17:50:02] backend.server INFO [pipeline] Processing United States\MLS\mlsstat2020.csv
[2026-06-08 17:50:02] backend.server INFO [pipeline] Processing United States\MLS\mlsstat2021.csv
[2026-06-08 17:50:02] backend.server INFO [pipeline] Processing United States\MLS\mlsstat2022.csv
[2026-06-08 17:50:02] backend.server INFO [pipeline] Processing United States\MLS\mlsstat2023.csv
[2026-06-08 17:50:02] backend.server INFO [pipeline] Processing United States\MLS\mlsstat2024.csv
[2026-06-08 17:50:02] backend.server INFO [pipeline] Processing United States\MLS\mlsstat2025.csv
[2026-06-08 17:50:02] backend.server INFO [pipeline] Processing United States\MLS\mlsstat2026.csv
[2026-06-08 17:50:02] backend.server INFO [pipeline] 
[2026-06-08 17:50:02] backend.server INFO [pipeline] Done!
[2026-06-08 17:50:02] backend.server INFO [pipeline] 
[2026-06-08 17:50:02] backend.server INFO [pipeline] Current form written from United States\MLS\mlsstat2026.csv
[2026-06-08 17:50:02] backend.server INFO [pipeline] Market values: Austin FC (5 players)
[2026-06-08 17:50:02] backend.server INFO [pipeline] Market values: CF Montreal (5 players)
[2026-06-08 17:50:02] backend.server INFO [pipeline] Market values: Charlotte (5 players)
[2026-06-08 17:50:02] backend.server INFO [pipeline] Market values: Chicago Fire (5 players)
[2026-06-08 17:50:02] backend.server INFO [pipeline] Market values: Colorado Rapids (5 players)
[2026-06-08 17:50:02] backend.server INFO [pipeline] Market values: Columbus Crew (5 players)
[2026-06-08 17:50:02] backend.server INFO [pipeline] Market values: DC United (5 players)
[2026-06-08 17:50:02] backend.server INFO [pipeline] Market values: FC Cincinnati (5 players)
[2026-06-08 17:50:02] backend.server INFO [pipeline] Market values: FC Dallas (5 players)
[2026-06-08 17:50:02] backend.server INFO [pipeline] Market values: Houston Dynamo (5 players)
[2026-06-08 17:50:02] backend.server INFO [pipeline] Market values: Inter Miami (5 players)
[2026-06-08 17:50:02] backend.server INFO [pipeline] Market values: Los Angeles FC (5 players)
[2026-06-08 17:50:02] backend.server INFO [pipeline] Market values: Los Angeles Galaxy (5 players)
[2026-06-08 17:50:02] backend.server INFO [pipeline] Market values: Minnesota United (5 players)
[2026-06-08 17:50:02] backend.server INFO [pipeline] Market values: Nashville SC (5 players)
[2026-06-08 17:50:02] backend.server INFO [pipeline] Market values: New England Revolution (5 players)
[2026-06-08 17:50:02] backend.server INFO [pipeline] Market values: New York City (5 players)
[2026-06-08 17:50:02] backend.server INFO [pipeline] Market values: New York Red Bulls (5 players)
[2026-06-08 17:50:02] backend.server INFO [pipeline] Market values: Orlando City (5 players)
[2026-06-08 17:50:02] backend.server INFO [pipeline] Market values: Philadelphia Union (5 players)
[2026-06-08 17:50:02] backend.server INFO [pipeline] Market values: Portland Timbers (5 players)
[2026-06-08 17:50:02] backend.server INFO [pipeline] Market values: Real Salt Lake (5 players)
[2026-06-08 17:50:02] backend.server INFO [pipeline] Market values: San Diego FC (5 players)
[2026-06-08 17:50:02] backend.server INFO [pipeline] Market values: San Jose Earthquakes (5 players)
[2026-06-08 17:50:02] backend.server INFO [pipeline] Market values: Seattle Sounders (5 players)
[2026-06-08 17:50:02] backend.server INFO [pipeline] Market values: Sporting Kansas City (5 players)
[2026-06-08 17:50:02] backend.server INFO [pipeline] Market values: St. Louis City (5 players)
[2026-06-08 17:50:02] backend.server INFO [pipeline] Market values: Toronto FC (5 players)
[2026-06-08 17:50:02] backend.server INFO [pipeline] Market values: Vancouver Whitecaps (5 players)
[2026-06-08 17:50:02] backend.server INFO [pipeline] Top market value players written to team_top_market_value_players.json
[2026-06-08 17:50:02] backend.server INFO [pipeline] 
[2026-06-08 17:50:02] backend.server INFO [pipeline] MLS pipeline complete (download + process + sort).
[2026-06-08 17:50:12] backend.server INFO [pipeline] 
[2026-06-08 17:50:12] backend.server INFO [pipeline] Match Predictor
[2026-06-08 17:50:12] backend.server INFO [pipeline] 
[2026-06-08 17:50:12] backend.server INFO [pipeline] Model backend: ensemble(random-forest+extra-trees)
[2026-06-08 17:50:12] backend.server INFO [pipeline] Enter teams for prediction. Team 1 is always the home team.
[2026-06-08 17:50:12] backend.server INFO [pipeline] Type 'q' to quit.
[2026-06-08 17:50:12] backend.server INFO [pipeline] 
[2026-06-08 17:50:12] backend.server INFO [pipeline] Enable debug reasoning output? (y/n): 
[2026-06-08 17:50:12] backend.server INFO [pipeline] Team 1 (Home): 
[2026-06-08 17:50:12] backend.server INFO [pipeline] Exiting predictor.
[2026-06-08 17:50:23] backend.server INFO [pipeline] football-data.org returned 403 for MLS. Falling back to football-data.co.uk source.
[2026-06-08 17:50:23] backend.server INFO [pipeline] No upcoming matchweek fixtures returned by API.
[2026-06-08 17:50:39] backend.server INFO [pipeline] 
[2026-06-08 17:50:39] backend.server INFO [pipeline] Downloading England - Premier League (E0)
[2026-06-08 17:50:39] backend.server INFO [pipeline] Kept premstat2002-03.csv
[2026-06-08 17:50:39] backend.server INFO [pipeline] Kept premstat2003-04.csv
[2026-06-08 17:50:39] backend.server INFO [pipeline] Kept premstat2004-05.csv
[2026-06-08 17:50:39] backend.server INFO [pipeline] Kept premstat2005-06.csv
[2026-06-08 17:50:39] backend.server INFO [pipeline] Kept premstat2006-07.csv
[2026-06-08 17:50:39] backend.server INFO [pipeline] Kept premstat2007-08.csv
[2026-06-08 17:50:39] backend.server INFO [pipeline] Kept premstat2008-09.csv
[2026-06-08 17:50:39] backend.server INFO [pipeline] Kept premstat2009-10.csv
[2026-06-08 17:50:39] backend.server INFO [pipeline] Kept premstat2010-11.csv
[2026-06-08 17:50:39] backend.server INFO [pipeline] Kept premstat2011-12.csv
[2026-06-08 17:50:39] backend.server INFO [pipeline] Kept premstat2012-13.csv
[2026-06-08 17:50:39] backend.server INFO [pipeline] Kept premstat2013-14.csv
[2026-06-08 17:50:39] backend.server INFO [pipeline] Kept premstat2014-15.csv
[2026-06-08 17:50:39] backend.server INFO [pipeline] Kept premstat2015-16.csv
[2026-06-08 17:50:39] backend.server INFO [pipeline] Kept premstat2016-17.csv
[2026-06-08 17:50:39] backend.server INFO [pipeline] Kept premstat2017-18.csv
[2026-06-08 17:50:39] backend.server INFO [pipeline] Kept premstat2018-19.csv
[2026-06-08 17:50:39] backend.server INFO [pipeline] Kept premstat2019-20.csv
[2026-06-08 17:50:39] backend.server INFO [pipeline] Kept premstat2020-21.csv
[2026-06-08 17:50:39] backend.server INFO [pipeline] Kept premstat2021-22.csv
[2026-06-08 17:50:39] backend.server INFO [pipeline] Kept premstat2022-23.csv
[2026-06-08 17:50:39] backend.server INFO [pipeline] Kept premstat2023-24.csv
[2026-06-08 17:50:39] backend.server INFO [pipeline] Downloaded/Updated premstat2024-25.csv
[2026-06-08 17:50:39] backend.server INFO [pipeline] Downloaded/Updated premstat2025-26.csv
[2026-06-08 17:50:39] backend.server INFO [pipeline] 
[2026-06-08 17:50:39] backend.server INFO [pipeline] Downloading England - Championship (E1)
[2026-06-08 17:50:39] backend.server INFO [pipeline] Kept champstat2002-03.csv
[2026-06-08 17:50:39] backend.server INFO [pipeline] Kept champstat2003-04.csv
[2026-06-08 17:50:39] backend.server INFO [pipeline] Kept champstat2004-05.csv
[2026-06-08 17:50:39] backend.server INFO [pipeline] Kept champstat2005-06.csv
[2026-06-08 17:50:39] backend.server INFO [pipeline] Kept champstat2006-07.csv
[2026-06-08 17:50:39] backend.server INFO [pipeline] Kept champstat2007-08.csv
[2026-06-08 17:50:39] backend.server INFO [pipeline] Kept champstat2008-09.csv
[2026-06-08 17:50:39] backend.server INFO [pipeline] Kept champstat2009-10.csv
[2026-06-08 17:50:39] backend.server INFO [pipeline] Kept champstat2010-11.csv
[2026-06-08 17:50:39] backend.server INFO [pipeline] Kept champstat2011-12.csv
[2026-06-08 17:50:39] backend.server INFO [pipeline] Kept champstat2012-13.csv
[2026-06-08 17:50:39] backend.server INFO [pipeline] Kept champstat2013-14.csv
[2026-06-08 17:50:39] backend.server INFO [pipeline] Kept champstat2014-15.csv
[2026-06-08 17:50:39] backend.server INFO [pipeline] Kept champstat2015-16.csv
[2026-06-08 17:50:39] backend.server INFO [pipeline] Kept champstat2016-17.csv
[2026-06-08 17:50:39] backend.server INFO [pipeline] Kept champstat2017-18.csv
[2026-06-08 17:50:39] backend.server INFO [pipeline] Kept champstat2018-19.csv
[2026-06-08 17:50:39] backend.server INFO [pipeline] Kept champstat2019-20.csv
[2026-06-08 17:50:39] backend.server INFO [pipeline] Kept champstat2020-21.csv
[2026-06-08 17:50:39] backend.server INFO [pipeline] Kept champstat2021-22.csv
[2026-06-08 17:50:39] backend.server INFO [pipeline] Kept champstat2022-23.csv
[2026-06-08 17:50:39] backend.server INFO [pipeline] Kept champstat2023-24.csv
[2026-06-08 17:50:39] backend.server INFO [pipeline] Downloaded/Updated champstat2024-25.csv
[2026-06-08 17:50:39] backend.server INFO [pipeline] Downloaded/Updated champstat2025-26.csv
[2026-06-08 17:50:39] backend.server INFO [pipeline] 
[2026-06-08 17:50:39] backend.server INFO [pipeline] Downloading Spain - La Liga (SP1)
[2026-06-08 17:50:39] backend.server INFO [pipeline] Kept laligastat2005-06.csv
[2026-06-08 17:50:39] backend.server INFO [pipeline] Kept laligastat2006-07.csv
[2026-06-08 17:50:39] backend.server INFO [pipeline] Kept laligastat2007-08.csv
[2026-06-08 17:50:39] backend.server INFO [pipeline] Kept laligastat2008-09.csv
[2026-06-08 17:50:39] backend.server INFO [pipeline] Kept laligastat2009-10.csv
[2026-06-08 17:50:39] backend.server INFO [pipeline] Kept laligastat2010-11.csv
[2026-06-08 17:50:39] backend.server INFO [pipeline] Kept laligastat2011-12.csv
[2026-06-08 17:50:39] backend.server INFO [pipeline] Kept laligastat2012-13.csv
[2026-06-08 17:50:39] backend.server INFO [pipeline] Kept laligastat2013-14.csv
[2026-06-08 17:50:39] backend.server INFO [pipeline] Kept laligastat2014-15.csv
[2026-06-08 17:50:39] backend.server INFO [pipeline] Kept laligastat2015-16.csv
[2026-06-08 17:50:39] backend.server INFO [pipeline] Kept laligastat2016-17.csv
[2026-06-08 17:50:39] backend.server INFO [pipeline] Kept laligastat2017-18.csv
[2026-06-08 17:50:39] backend.server INFO [pipeline] Kept laligastat2018-19.csv
[2026-06-08 17:50:39] backend.server INFO [pipeline] Kept laligastat2019-20.csv
[2026-06-08 17:50:39] backend.server INFO [pipeline] Kept laligastat2020-21.csv
[2026-06-08 17:50:39] backend.server INFO [pipeline] Kept laligastat2021-22.csv
[2026-06-08 17:50:39] backend.server INFO [pipeline] Kept laligastat2022-23.csv
[2026-06-08 17:50:39] backend.server INFO [pipeline] Kept laligastat2023-24.csv
[2026-06-08 17:50:39] backend.server INFO [pipeline] Downloaded/Updated laligastat2024-25.csv
[2026-06-08 17:50:39] backend.server INFO [pipeline] Downloaded/Updated laligastat2025-26.csv
[2026-06-08 17:50:39] backend.server INFO [pipeline] 
[2026-06-08 17:50:39] backend.server INFO [pipeline] Downloading Spain - La Liga 2 (SP2)
[2026-06-08 17:50:39] backend.server INFO [pipeline] Kept laliga2stat2017-18.csv
[2026-06-08 17:50:39] backend.server INFO [pipeline] Kept laliga2stat2018-19.csv
[2026-06-08 17:50:39] backend.server INFO [pipeline] Kept laliga2stat2019-20.csv
[2026-06-08 17:50:39] backend.server INFO [pipeline] Kept laliga2stat2020-21.csv
[2026-06-08 17:50:39] backend.server INFO [pipeline] Kept laliga2stat2021-22.csv
[2026-06-08 17:50:39] backend.server INFO [pipeline] Kept laliga2stat2022-23.csv
[2026-06-08 17:50:39] backend.server INFO [pipeline] Kept laliga2stat2023-24.csv
[2026-06-08 17:50:39] backend.server INFO [pipeline] Downloaded/Updated laliga2stat2024-25.csv
[2026-06-08 17:50:39] backend.server INFO [pipeline] Downloaded/Updated laliga2stat2025-26.csv
[2026-06-08 17:50:39] backend.server INFO [pipeline] 
[2026-06-08 17:50:39] backend.server INFO [pipeline] Downloading Italy - Serie A (I1)
[2026-06-08 17:50:39] backend.server INFO [pipeline] Kept seriaastat2005-06.csv
[2026-06-08 17:50:39] backend.server INFO [pipeline] Kept seriaastat2006-07.csv
[2026-06-08 17:50:39] backend.server INFO [pipeline] Kept seriaastat2007-08.csv
[2026-06-08 17:50:39] backend.server INFO [pipeline] Kept seriaastat2008-09.csv
[2026-06-08 17:50:39] backend.server INFO [pipeline] Kept seriaastat2009-10.csv
[2026-06-08 17:50:39] backend.server INFO [pipeline] Kept seriaastat2010-11.csv
[2026-06-08 17:50:39] backend.server INFO [pipeline] Kept seriaastat2011-12.csv
[2026-06-08 17:50:39] backend.server INFO [pipeline] Kept seriaastat2012-13.csv
[2026-06-08 17:50:39] backend.server INFO [pipeline] Kept seriaastat2013-14.csv
[2026-06-08 17:50:39] backend.server INFO [pipeline] Kept seriaastat2014-15.csv
[2026-06-08 17:50:39] backend.server INFO [pipeline] Kept seriaastat2015-16.csv
[2026-06-08 17:50:39] backend.server INFO [pipeline] Kept seriaastat2016-17.csv
[2026-06-08 17:50:39] backend.server INFO [pipeline] Kept seriaastat2017-18.csv
[2026-06-08 17:50:39] backend.server INFO [pipeline] Kept seriaastat2018-19.csv
[2026-06-08 17:50:39] backend.server INFO [pipeline] Kept seriaastat2019-20.csv
[2026-06-08 17:50:39] backend.server INFO [pipeline] Kept seriaastat2020-21.csv
[2026-06-08 17:50:39] backend.server INFO [pipeline] Kept seriaastat2021-22.csv
[2026-06-08 17:50:39] backend.server INFO [pipeline] Kept seriaastat2022-23.csv
[2026-06-08 17:50:39] backend.server INFO [pipeline] Kept seriaastat2023-24.csv
[2026-06-08 17:50:39] backend.server INFO [pipeline] Downloaded/Updated seriaastat2024-25.csv
[2026-06-08 17:50:39] backend.server INFO [pipeline] Downloaded/Updated seriaastat2025-26.csv
[2026-06-08 17:50:39] backend.server INFO [pipeline] 
[2026-06-08 17:50:39] backend.server INFO [pipeline] Downloading Italy - Serie B (I2)
[2026-06-08 17:50:39] backend.server INFO [pipeline] Kept seriabstat2017-18.csv
[2026-06-08 17:50:39] backend.server INFO [pipeline] Kept seriabstat2018-19.csv
[2026-06-08 17:50:39] backend.server INFO [pipeline] Kept seriabstat2019-20.csv
[2026-06-08 17:50:39] backend.server INFO [pipeline] Kept seriabstat2020-21.csv
[2026-06-08 17:50:39] backend.server INFO [pipeline] Kept seriabstat2021-22.csv
[2026-06-08 17:50:39] backend.server INFO [pipeline] Kept seriabstat2022-23.csv
[2026-06-08 17:50:39] backend.server INFO [pipeline] Kept seriabstat2023-24.csv
[2026-06-08 17:50:39] backend.server INFO [pipeline] Downloaded/Updated seriabstat2024-25.csv
[2026-06-08 17:50:39] backend.server INFO [pipeline] Downloaded/Updated seriabstat2025-26.csv
[2026-06-08 17:50:39] backend.server INFO [pipeline] 
[2026-06-08 17:50:39] backend.server INFO [pipeline] Downloading Germany - Bundesliga (D1)
[2026-06-08 17:50:39] backend.server INFO [pipeline] Kept bundstat2006-07.csv
[2026-06-08 17:50:39] backend.server INFO [pipeline] Kept bundstat2007-08.csv
[2026-06-08 17:50:39] backend.server INFO [pipeline] Kept bundstat2008-09.csv
[2026-06-08 17:50:39] backend.server INFO [pipeline] Kept bundstat2009-10.csv
[2026-06-08 17:50:39] backend.server INFO [pipeline] Kept bundstat2010-11.csv
[2026-06-08 17:50:39] backend.server INFO [pipeline] Kept bundstat2011-12.csv
[2026-06-08 17:50:39] backend.server INFO [pipeline] Kept bundstat2012-13.csv
[2026-06-08 17:50:39] backend.server INFO [pipeline] Kept bundstat2013-14.csv
[2026-06-08 17:50:39] backend.server INFO [pipeline] Kept bundstat2014-15.csv
[2026-06-08 17:50:39] backend.server INFO [pipeline] Kept bundstat2015-16.csv
[2026-06-08 17:50:39] backend.server INFO [pipeline] Kept bundstat2016-17.csv
[2026-06-08 17:50:39] backend.server INFO [pipeline] Kept bundstat2017-18.csv
[2026-06-08 17:50:39] backend.server INFO [pipeline] Kept bundstat2018-19.csv
[2026-06-08 17:50:39] backend.server INFO [pipeline] Kept bundstat2019-20.csv
[2026-06-08 17:50:39] backend.server INFO [pipeline] Kept bundstat2020-21.csv
[2026-06-08 17:50:39] backend.server INFO [pipeline] Kept bundstat2021-22.csv
[2026-06-08 17:50:39] backend.server INFO [pipeline] Kept bundstat2022-23.csv
[2026-06-08 17:50:39] backend.server INFO [pipeline] Kept bundstat2023-24.csv
[2026-06-08 17:50:39] backend.server INFO [pipeline] Downloaded/Updated bundstat2024-25.csv
[2026-06-08 17:50:39] backend.server INFO [pipeline] Downloaded/Updated bundstat2025-26.csv
[2026-06-08 17:50:39] backend.server INFO [pipeline] 
[2026-06-08 17:50:39] backend.server INFO [pipeline] Downloading Germany - Bundesliga 2 (D2)
[2026-06-08 17:50:39] backend.server INFO [pipeline] Kept bund2stat2006-07.csv
[2026-06-08 17:50:39] backend.server INFO [pipeline] Kept bund2stat2017-18.csv
[2026-06-08 17:50:39] backend.server INFO [pipeline] Kept bund2stat2018-19.csv
[2026-06-08 17:50:39] backend.server INFO [pipeline] Kept bund2stat2019-20.csv
[2026-06-08 17:50:39] backend.server INFO [pipeline] Kept bund2stat2020-21.csv
[2026-06-08 17:50:39] backend.server INFO [pipeline] Kept bund2stat2021-22.csv
[2026-06-08 17:50:39] backend.server INFO [pipeline] Kept bund2stat2022-23.csv
[2026-06-08 17:50:39] backend.server INFO [pipeline] Kept bund2stat2023-24.csv
[2026-06-08 17:50:39] backend.server INFO [pipeline] Downloaded/Updated bund2stat2024-25.csv
[2026-06-08 17:50:39] backend.server INFO [pipeline] Downloaded/Updated bund2stat2025-26.csv
[2026-06-08 17:50:39] backend.server INFO [pipeline] 
[2026-06-08 17:50:39] backend.server INFO [pipeline] Downloading France - Ligue 1 (F1)
[2026-06-08 17:50:39] backend.server INFO [pipeline] Kept ligue1stat2005-06.csv
[2026-06-08 17:50:39] backend.server INFO [pipeline] Kept ligue1stat2006-07.csv
[2026-06-08 17:50:39] backend.server INFO [pipeline] Kept ligue1stat2007-08.csv
[2026-06-08 17:50:39] backend.server INFO [pipeline] Kept ligue1stat2008-09.csv
[2026-06-08 17:50:39] backend.server INFO [pipeline] Kept ligue1stat2009-10.csv
[2026-06-08 17:50:39] backend.server INFO [pipeline] Kept ligue1stat2010-11.csv
[2026-06-08 17:50:39] backend.server INFO [pipeline] Kept ligue1stat2011-12.csv
[2026-06-08 17:50:39] backend.server INFO [pipeline] Kept ligue1stat2012-13.csv
[2026-06-08 17:50:39] backend.server INFO [pipeline] Kept ligue1stat2013-14.csv
[2026-06-08 17:50:39] backend.server INFO [pipeline] Kept ligue1stat2014-15.csv
[2026-06-08 17:50:39] backend.server INFO [pipeline] Kept ligue1stat2015-16.csv
[2026-06-08 17:50:39] backend.server INFO [pipeline] Kept ligue1stat2016-17.csv
[2026-06-08 17:50:39] backend.server INFO [pipeline] Kept ligue1stat2017-18.csv
[2026-06-08 17:50:39] backend.server INFO [pipeline] Kept ligue1stat2018-19.csv
[2026-06-08 17:50:39] backend.server INFO [pipeline] Kept ligue1stat2019-20.csv
[2026-06-08 17:50:39] backend.server INFO [pipeline] Kept ligue1stat2020-21.csv
[2026-06-08 17:50:39] backend.server INFO [pipeline] Kept ligue1stat2021-22.csv
[2026-06-08 17:50:39] backend.server INFO [pipeline] Kept ligue1stat2022-23.csv
[2026-06-08 17:50:39] backend.server INFO [pipeline] Kept ligue1stat2023-24.csv
[2026-06-08 17:50:39] backend.server INFO [pipeline] Downloaded/Updated ligue1stat2024-25.csv
[2026-06-08 17:50:39] backend.server INFO [pipeline] Downloaded/Updated ligue1stat2025-26.csv
[2026-06-08 17:50:39] backend.server INFO [pipeline] 
[2026-06-08 17:50:39] backend.server INFO [pipeline] Downloading France - Ligue 2 (F2)
[2026-06-08 17:50:39] backend.server INFO [pipeline] Kept ligue2stat2017-18.csv
[2026-06-08 17:50:39] backend.server INFO [pipeline] Kept ligue2stat2018-19.csv
[2026-06-08 17:50:39] backend.server INFO [pipeline] Kept ligue2stat2019-20.csv
[2026-06-08 17:50:39] backend.server INFO [pipeline] Kept ligue2stat2020-21.csv
[2026-06-08 17:50:39] backend.server INFO [pipeline] Kept ligue2stat2021-22.csv
[2026-06-08 17:50:39] backend.server INFO [pipeline] Kept ligue2stat2022-23.csv
[2026-06-08 17:50:39] backend.server INFO [pipeline] Kept ligue2stat2023-24.csv
[2026-06-08 17:50:39] backend.server INFO [pipeline] Downloaded/Updated ligue2stat2024-25.csv
[2026-06-08 17:50:39] backend.server INFO [pipeline] Downloaded/Updated ligue2stat2025-26.csv
[2026-06-08 17:50:39] backend.server INFO [pipeline] 
[2026-06-08 17:50:39] backend.server INFO [pipeline] Downloading Portugal - Liga Portugal (P1)
[2026-06-08 17:50:39] backend.server INFO [pipeline] Kept portstat2017-18.csv
[2026-06-08 17:50:39] backend.server INFO [pipeline] Kept portstat2018-19.csv
[2026-06-08 17:50:39] backend.server INFO [pipeline] Kept portstat2019-20.csv
[2026-06-08 17:50:39] backend.server INFO [pipeline] Kept portstat2020-21.csv
[2026-06-08 17:50:39] backend.server INFO [pipeline] Kept portstat2021-22.csv
[2026-06-08 17:50:39] backend.server INFO [pipeline] Kept portstat2022-23.csv
[2026-06-08 17:50:39] backend.server INFO [pipeline] Kept portstat2023-24.csv
[2026-06-08 17:50:39] backend.server INFO [pipeline] Downloaded/Updated portstat2024-25.csv
[2026-06-08 17:50:39] backend.server INFO [pipeline] Downloaded/Updated portstat2025-26.csv
[2026-06-08 17:50:39] backend.server INFO [pipeline] 
[2026-06-08 17:50:39] backend.server INFO [pipeline] Downloading Netherlands - Eredivisie (N1)
[2026-06-08 17:50:39] backend.server INFO [pipeline] Kept eredivisiestat2017-18.csv
[2026-06-08 17:50:39] backend.server INFO [pipeline] Kept eredivisiestat2018-19.csv
[2026-06-08 17:50:39] backend.server INFO [pipeline] Kept eredivisiestat2019-20.csv
[2026-06-08 17:50:39] backend.server INFO [pipeline] Kept eredivisiestat2020-21.csv
[2026-06-08 17:50:39] backend.server INFO [pipeline] Kept eredivisiestat2021-22.csv
[2026-06-08 17:50:39] backend.server INFO [pipeline] Kept eredivisiestat2022-23.csv
[2026-06-08 17:50:39] backend.server INFO [pipeline] Kept eredivisiestat2023-24.csv
[2026-06-08 17:50:39] backend.server INFO [pipeline] Downloaded/Updated eredivisiestat2024-25.csv
[2026-06-08 17:50:39] backend.server INFO [pipeline] Downloaded/Updated eredivisiestat2025-26.csv
[2026-06-08 17:50:39] backend.server INFO [pipeline] 
[2026-06-08 17:50:39] backend.server INFO [pipeline] Downloading Belgium - First Division A (B1)
[2026-06-08 17:50:39] backend.server INFO [pipeline] Kept belgiestat2017-18.csv
[2026-06-08 17:50:39] backend.server INFO [pipeline] Kept belgiestat2018-19.csv
[2026-06-08 17:50:39] backend.server INFO [pipeline] Kept belgiestat2019-20.csv
[2026-06-08 17:50:39] backend.server INFO [pipeline] Kept belgiestat2020-21.csv
[2026-06-08 17:50:39] backend.server INFO [pipeline] Kept belgiestat2021-22.csv
[2026-06-08 17:50:39] backend.server INFO [pipeline] Kept belgiestat2022-23.csv
[2026-06-08 17:50:39] backend.server INFO [pipeline] Kept belgiestat2023-24.csv
[2026-06-08 17:50:39] backend.server INFO [pipeline] Downloaded/Updated belgiestat2024-25.csv
[2026-06-08 17:50:39] backend.server INFO [pipeline] Downloaded/Updated belgiestat2025-26.csv
[2026-06-08 17:50:39] backend.server INFO [pipeline] 
[2026-06-08 17:50:39] backend.server INFO [pipeline] Downloading Scotland - Premiership (SC0)
[2026-06-08 17:50:39] backend.server INFO [pipeline] Kept scotpremstat2005-06.csv
[2026-06-08 17:50:39] backend.server INFO [pipeline] Kept scotpremstat2006-07.csv
[2026-06-08 17:50:39] backend.server INFO [pipeline] Kept scotpremstat2007-08.csv
[2026-06-08 17:50:39] backend.server INFO [pipeline] Kept scotpremstat2008-09.csv
[2026-06-08 17:50:39] backend.server INFO [pipeline] Kept scotpremstat2009-10.csv
[2026-06-08 17:50:39] backend.server INFO [pipeline] Kept scotpremstat2010-11.csv
[2026-06-08 17:50:39] backend.server INFO [pipeline] Kept scotpremstat2011-12.csv
[2026-06-08 17:50:39] backend.server INFO [pipeline] Kept scotpremstat2012-13.csv
[2026-06-08 17:50:39] backend.server INFO [pipeline] Kept scotpremstat2013-14.csv
[2026-06-08 17:50:39] backend.server INFO [pipeline] Kept scotpremstat2014-15.csv
[2026-06-08 17:50:39] backend.server INFO [pipeline] Kept scotpremstat2015-16.csv
[2026-06-08 17:50:39] backend.server INFO [pipeline] Kept scotpremstat2016-17.csv
[2026-06-08 17:50:39] backend.server INFO [pipeline] Kept scotpremstat2017-18.csv
[2026-06-08 17:50:39] backend.server INFO [pipeline] Kept scotpremstat2018-19.csv
[2026-06-08 17:50:39] backend.server INFO [pipeline] Kept scotpremstat2020-21.csv
[2026-06-08 17:50:39] backend.server INFO [pipeline] Kept scotpremstat2021-22.csv
[2026-06-08 17:50:39] backend.server INFO [pipeline] Kept scotpremstat2022-23.csv
[2026-06-08 17:50:39] backend.server INFO [pipeline] Kept scotpremstat2023-24.csv
[2026-06-08 17:50:39] backend.server INFO [pipeline] Downloaded/Updated scotpremstat2024-25.csv
[2026-06-08 17:50:39] backend.server INFO [pipeline] Downloaded/Updated scotpremstat2025-26.csv
[2026-06-08 17:50:39] backend.server INFO [pipeline] 
[2026-06-08 17:50:39] backend.server INFO [pipeline] Downloading Turkey - Super Lig (T1)
[2026-06-08 17:50:39] backend.server INFO [pipeline] Kept turkstat2017-18.csv
[2026-06-08 17:50:39] backend.server INFO [pipeline] Kept turkstat2018-19.csv
[2026-06-08 17:50:39] backend.server INFO [pipeline] Kept turkstat2019-20.csv
[2026-06-08 17:50:39] backend.server INFO [pipeline] Kept turkstat2020-21.csv
[2026-06-08 17:50:39] backend.server INFO [pipeline] Kept turkstat2021-22.csv
[2026-06-08 17:50:39] backend.server INFO [pipeline] Kept turkstat2022-23.csv
[2026-06-08 17:50:39] backend.server INFO [pipeline] Kept turkstat2023-24.csv
[2026-06-08 17:50:39] backend.server INFO [pipeline] Downloaded/Updated turkstat2024-25.csv
[2026-06-08 17:50:39] backend.server INFO [pipeline] Downloaded/Updated turkstat2025-26.csv
[2026-06-08 17:50:39] backend.server INFO [pipeline] 
[2026-06-08 17:50:39] backend.server INFO [pipeline] Downloading France - Ligue 2 (F2)
[2026-06-08 17:50:39] backend.server INFO [pipeline] Kept ligue2stat2017-18.csv
[2026-06-08 17:50:39] backend.server INFO [pipeline] Kept ligue2stat2018-19.csv
[2026-06-08 17:50:39] backend.server INFO [pipeline] Kept ligue2stat2019-20.csv
[2026-06-08 17:50:39] backend.server INFO [pipeline] Kept ligue2stat2020-21.csv
[2026-06-08 17:50:39] backend.server INFO [pipeline] Kept ligue2stat2021-22.csv
[2026-06-08 17:50:39] backend.server INFO [pipeline] Kept ligue2stat2022-23.csv
[2026-06-08 17:50:39] backend.server INFO [pipeline] Kept ligue2stat2023-24.csv
[2026-06-08 17:50:39] backend.server INFO [pipeline] Downloaded/Updated ligue2stat2024-25.csv
[2026-06-08 17:50:39] backend.server INFO [pipeline] Downloaded/Updated ligue2stat2025-26.csv
[2026-06-08 17:50:39] backend.server INFO [pipeline] 
[2026-06-08 17:50:39] backend.server INFO [pipeline] Done. Updated 32 CSV files across all configured competitions.
[2026-06-08 17:50:42] backend.server INFO [pipeline] Processed England\Championship\champstat2004-05.csv...
[2026-06-08 17:50:42] backend.server INFO [pipeline] Processed England\Premier League\premstat2003-04.csv...
[2026-06-08 17:50:42] backend.server INFO [pipeline] Processed England\Premier League\premstat2004-05.csv...
[2026-06-08 17:50:42] backend.server INFO [pipeline] Processed England\Premier League\premstat2002-03.csv...
[2026-06-08 17:50:42] backend.server INFO [pipeline] Processed England\Premier League\premstat2005-06.csv...
[2026-06-08 17:50:42] backend.server INFO [pipeline] Processed England\Championship\champstat2002-03.csv...
[2026-06-08 17:50:42] backend.server INFO [pipeline] Processed England\Championship\champstat2005-06.csv...
[2026-06-08 17:50:42] backend.server INFO [pipeline] Processed England\Championship\champstat2003-04.csv...
[2026-06-08 17:50:42] backend.server INFO [pipeline] Skipped Scotland\Premiership\scotpremstat2005-06.csv (insufficient data)...
[2026-06-08 17:50:42] backend.server INFO [pipeline] Processed France\Ligue 1\ligue1stat2005-06.csv...
[2026-06-08 17:50:42] backend.server INFO [pipeline] Processed Spain\La Liga\laligastat2005-06.csv...
[2026-06-08 17:50:42] backend.server INFO [pipeline] Processed Italy\Serie A\seriaastat2005-06.csv...
[2026-06-08 17:50:42] backend.server INFO [pipeline] Processed England\Premier League\premstat2006-07.csv...
[2026-06-08 17:50:42] backend.server INFO [pipeline] Processed France\Ligue 1\ligue1stat2006-07.csv...
[2026-06-08 17:50:42] backend.server INFO [pipeline] Processed Germany\Bundesliga\bundstat2006-07.csv...
[2026-06-08 17:50:42] backend.server INFO [pipeline] Processed England\Championship\champstat2006-07.csv...
[2026-06-08 17:50:42] backend.server INFO [pipeline] Skipped Scotland\Premiership\scotpremstat2006-07.csv (insufficient data)...
[2026-06-08 17:50:42] backend.server INFO [pipeline] Processed Germany\Bundesliga 2\bund2stat2006-07.csv...
[2026-06-08 17:50:42] backend.server INFO [pipeline] Processed Spain\La Liga\laligastat2006-07.csv...
[2026-06-08 17:50:42] backend.server INFO [pipeline] Processed Italy\Serie A\seriaastat2006-07.csv...
[2026-06-08 17:50:42] backend.server INFO [pipeline] Processed France\Ligue 1\ligue1stat2007-08.csv...
[2026-06-08 17:50:42] backend.server INFO [pipeline] Processed England\Premier League\premstat2007-08.csv...
[2026-06-08 17:50:42] backend.server INFO [pipeline] Skipped Scotland\Premiership\scotpremstat2007-08.csv (insufficient data)...
[2026-06-08 17:50:42] backend.server INFO [pipeline] Processed Germany\Bundesliga\bundstat2007-08.csv...
[2026-06-08 17:50:42] backend.server INFO [pipeline] Processed England\Championship\champstat2007-08.csv...
[2026-06-08 17:50:42] backend.server INFO [pipeline] Processed Italy\Serie A\seriaastat2007-08.csv...
[2026-06-08 17:50:42] backend.server INFO [pipeline] Processed Spain\La Liga\laligastat2007-08.csv...
[2026-06-08 17:50:42] backend.server INFO [pipeline] Processed England\Premier League\premstat2008-09.csv...
[2026-06-08 17:50:42] backend.server INFO [pipeline] Processed Germany\Bundesliga\bundstat2008-09.csv...
[2026-06-08 17:50:42] backend.server INFO [pipeline] Skipped Scotland\Premiership\scotpremstat2008-09.csv (insufficient data)...
[2026-06-08 17:50:42] backend.server INFO [pipeline] Processed Italy\Serie A\seriaastat2008-09.csv...
[2026-06-08 17:50:42] backend.server INFO [pipeline] Processed France\Ligue 1\ligue1stat2008-09.csv...
[2026-06-08 17:50:42] backend.server INFO [pipeline] Processed England\Championship\champstat2008-09.csv...
[2026-06-08 17:50:42] backend.server INFO [pipeline] Processed Spain\La Liga\laligastat2008-09.csv...
[2026-06-08 17:50:42] backend.server INFO [pipeline] Processed Germany\Bundesliga\bundstat2009-10.csv...
[2026-06-08 17:50:42] backend.server INFO [pipeline] Processed England\Premier League\premstat2009-10.csv...
[2026-06-08 17:50:42] backend.server INFO [pipeline] Skipped Scotland\Premiership\scotpremstat2009-10.csv (insufficient data)...
[2026-06-08 17:50:42] backend.server INFO [pipeline] Processed France\Ligue 1\ligue1stat2009-10.csv...
[2026-06-08 17:50:42] backend.server INFO [pipeline] Processed Italy\Serie A\seriaastat2009-10.csv...
[2026-06-08 17:50:42] backend.server INFO [pipeline] Processed England\Championship\champstat2009-10.csv...
[2026-06-08 17:50:42] backend.server INFO [pipeline] Processed Spain\La Liga\laligastat2009-10.csv...
[2026-06-08 17:50:42] backend.server INFO [pipeline] Processed France\Ligue 1\ligue1stat2010-11.csv...
[2026-06-08 17:50:42] backend.server INFO [pipeline] Processed England\Premier League\premstat2010-11.csv...
[2026-06-08 17:50:42] backend.server INFO [pipeline] Processed Germany\Bundesliga\bundstat2010-11.csv...
[2026-06-08 17:50:42] backend.server INFO [pipeline] Processed Italy\Serie A\seriaastat2010-11.csv...
[2026-06-08 17:50:42] backend.server INFO [pipeline] Skipped Scotland\Premiership\scotpremstat2010-11.csv (insufficient data)...
[2026-06-08 17:50:42] backend.server INFO [pipeline] Processed England\Championship\champstat2010-11.csv...
[2026-06-08 17:50:42] backend.server INFO [pipeline] Processed Spain\La Liga\laligastat2010-11.csv...
[2026-06-08 17:50:42] backend.server INFO [pipeline] Processed England\Premier League\premstat2011-12.csv...
[2026-06-08 17:50:42] backend.server INFO [pipeline] Processed France\Ligue 1\ligue1stat2011-12.csv...
[2026-06-08 17:50:42] backend.server INFO [pipeline] Processed Germany\Bundesliga\bundstat2011-12.csv...
[2026-06-08 17:50:42] backend.server INFO [pipeline] Skipped Scotland\Premiership\scotpremstat2011-12.csv (insufficient data)...
[2026-06-08 17:50:42] backend.server INFO [pipeline] Processed Italy\Serie A\seriaastat2011-12.csv...
[2026-06-08 17:50:42] backend.server INFO [pipeline] Processed England\Championship\champstat2011-12.csv...
[2026-06-08 17:50:42] backend.server INFO [pipeline] Processed Spain\La Liga\laligastat2011-12.csv...
[2026-06-08 17:50:42] backend.server INFO [pipeline] Processed England\Championship\champstat2012-13.csv...
[2026-06-08 17:50:42] backend.server INFO [pipeline] Processed England\Premier League\premstat2012-13.csv...
[2026-06-08 17:50:42] backend.server INFO [pipeline] Processed France\Ligue 1\ligue1stat2012-13.csv...
[2026-06-08 17:50:42] backend.server INFO [pipeline] Processed Germany\Bundesliga\bundstat2012-13.csv...
[2026-06-08 17:50:42] backend.server INFO [pipeline] Skipped Scotland\Premiership\scotpremstat2012-13.csv (insufficient data)...
[2026-06-08 17:50:42] backend.server INFO [pipeline] Processed Spain\La Liga\laligastat2012-13.csv...
[2026-06-08 17:50:42] backend.server INFO [pipeline] Processed Italy\Serie A\seriaastat2012-13.csv...
[2026-06-08 17:50:42] backend.server INFO [pipeline] Processed Germany\Bundesliga\bundstat2013-14.csv...
[2026-06-08 17:50:42] backend.server INFO [pipeline] Skipped Scotland\Premiership\scotpremstat2013-14.csv (insufficient data)...
[2026-06-08 17:50:42] backend.server INFO [pipeline] Processed England\Premier League\premstat2013-14.csv...
[2026-06-08 17:50:42] backend.server INFO [pipeline] Processed France\Ligue 1\ligue1stat2013-14.csv...
[2026-06-08 17:50:42] backend.server INFO [pipeline] Processed England\Championship\champstat2013-14.csv...
[2026-06-08 17:50:42] backend.server INFO [pipeline] Processed Spain\La Liga\laligastat2013-14.csv...
[2026-06-08 17:50:42] backend.server INFO [pipeline] Processed Italy\Serie A\seriaastat2013-14.csv...
[2026-06-08 17:50:42] backend.server INFO [pipeline] Processed England\Premier League\premstat2014-15.csv...
[2026-06-08 17:50:42] backend.server INFO [pipeline] Processed France\Ligue 1\ligue1stat2014-15.csv...
[2026-06-08 17:50:42] backend.server INFO [pipeline] Skipped Scotland\Premiership\scotpremstat2014-15.csv (insufficient data)...
[2026-06-08 17:50:42] backend.server INFO [pipeline] Processed Germany\Bundesliga\bundstat2014-15.csv...
[2026-06-08 17:50:42] backend.server INFO [pipeline] Processed Italy\Serie A\seriaastat2014-15.csv...
[2026-06-08 17:50:42] backend.server INFO [pipeline] Processed Spain\La Liga\laligastat2014-15.csv...
[2026-06-08 17:50:42] backend.server INFO [pipeline] Processed England\Championship\champstat2014-15.csv...
[2026-06-08 17:50:42] backend.server INFO [pipeline] Skipped Scotland\Premiership\scotpremstat2015-16.csv (insufficient data)...
[2026-06-08 17:50:42] backend.server INFO [pipeline] Processed France\Ligue 1\ligue1stat2015-16.csv...
[2026-06-08 17:50:42] backend.server INFO [pipeline] Processed Germany\Bundesliga\bundstat2015-16.csv...
[2026-06-08 17:50:42] backend.server INFO [pipeline] Processed England\Premier League\premstat2015-16.csv...
[2026-06-08 17:50:42] backend.server INFO [pipeline] Processed Italy\Serie A\seriaastat2015-16.csv...
[2026-06-08 17:50:42] backend.server INFO [pipeline] Processed England\Championship\champstat2015-16.csv...
[2026-06-08 17:50:42] backend.server INFO [pipeline] Processed Spain\La Liga\laligastat2015-16.csv...
[2026-06-08 17:50:42] backend.server INFO [pipeline] Processed England\Premier League\premstat2016-17.csv...
[2026-06-08 17:50:42] backend.server INFO [pipeline] Processed England\Championship\champstat2016-17.csv...
[2026-06-08 17:50:42] backend.server INFO [pipeline] Skipped Scotland\Premiership\scotpremstat2016-17.csv (insufficient data)...
[2026-06-08 17:50:42] backend.server INFO [pipeline] Processed France\Ligue 1\ligue1stat2016-17.csv...
[2026-06-08 17:50:42] backend.server INFO [pipeline] Processed Germany\Bundesliga\bundstat2016-17.csv...
[2026-06-08 17:50:42] backend.server INFO [pipeline] Processed Italy\Serie A\seriaastat2016-17.csv...
[2026-06-08 17:50:42] backend.server INFO [pipeline] Skipped Belgium\First Division A\belgiestat2017-18.csv (insufficient data)...
[2026-06-08 17:50:42] backend.server INFO [pipeline] Processed Spain\La Liga\laligastat2016-17.csv...
[2026-06-08 17:50:42] backend.server INFO [pipeline] Processed Germany\Bundesliga\bundstat2017-18.csv...
[2026-06-08 17:50:42] backend.server INFO [pipeline] Processed France\Ligue 1\ligue1stat2017-18.csv...
[2026-06-08 17:50:42] backend.server INFO [pipeline] Processed France\Ligue 2\ligue2stat2017-18.csv...
[2026-06-08 17:50:42] backend.server INFO [pipeline] Processed England\Premier League\premstat2017-18.csv...
[2026-06-08 17:50:42] backend.server INFO [pipeline] Processed Germany\Bundesliga 2\bund2stat2017-18.csv...
[2026-06-08 17:50:42] backend.server INFO [pipeline] Processed Italy\Serie A\seriaastat2017-18.csv...
[2026-06-08 17:50:42] backend.server INFO [pipeline] Processed Italy\Serie B\seriabstat2017-18.csv...
[2026-06-08 17:50:42] backend.server INFO [pipeline] Processed England\Championship\champstat2017-18.csv...
[2026-06-08 17:50:42] backend.server INFO [pipeline] Skipped Scotland\Premiership\scotpremstat2017-18.csv (insufficient data)...
[2026-06-08 17:50:42] backend.server INFO [pipeline] Processed Netherlands\Eredivisie\eredivisiestat2017-18.csv...
[2026-06-08 17:50:42] backend.server INFO [pipeline] Processed Portugal\Liga Portugal\portstat2017-18.csv...
[2026-06-08 17:50:42] backend.server INFO [pipeline] Processed Spain\La Liga\laligastat2017-18.csv...
[2026-06-08 17:50:42] backend.server INFO [pipeline] Skipped Belgium\First Division A\belgiestat2018-19.csv (insufficient data)...
[2026-06-08 17:50:42] backend.server INFO [pipeline] Processed Spain\La Liga 2\laliga2stat2017-18.csv...
[2026-06-08 17:50:42] backend.server INFO [pipeline] Processed Turkey\Super Lig\turkstat2017-18.csv...
[2026-06-08 17:50:42] backend.server INFO [pipeline] Processed England\Premier League\premstat2018-19.csv...
[2026-06-08 17:50:42] backend.server INFO [pipeline] Processed Italy\Serie B\seriabstat2018-19.csv...
[2026-06-08 17:50:42] backend.server INFO [pipeline] Processed France\Ligue 1\ligue1stat2018-19.csv...
[2026-06-08 17:50:42] backend.server INFO [pipeline] Processed Germany\Bundesliga\bundstat2018-19.csv...
[2026-06-08 17:50:42] backend.server INFO [pipeline] Processed France\Ligue 2\ligue2stat2018-19.csv...
[2026-06-08 17:50:42] backend.server INFO [pipeline] Processed Germany\Bundesliga 2\bund2stat2018-19.csv...
[2026-06-08 17:50:42] backend.server INFO [pipeline] Processed England\Championship\champstat2018-19.csv...
[2026-06-08 17:50:42] backend.server INFO [pipeline] Processed Italy\Serie A\seriaastat2018-19.csv...
[2026-06-08 17:50:42] backend.server INFO [pipeline] Skipped Scotland\Premiership\scotpremstat2018-19.csv (insufficient data)...
[2026-06-08 17:50:42] backend.server INFO [pipeline] Processed Netherlands\Eredivisie\eredivisiestat2018-19.csv...
[2026-06-08 17:50:42] backend.server INFO [pipeline] Processed Portugal\Liga Portugal\portstat2018-19.csv...
[2026-06-08 17:50:42] backend.server INFO [pipeline] Processed Spain\La Liga 2\laliga2stat2018-19.csv...
[2026-06-08 17:50:42] backend.server INFO [pipeline] Processed Spain\La Liga\laligastat2018-19.csv...
[2026-06-08 17:50:42] backend.server INFO [pipeline] Processed Turkey\Super Lig\turkstat2018-19.csv...
[2026-06-08 17:50:42] backend.server INFO [pipeline] Skipped Belgium\First Division A\belgiestat2019-20.csv (insufficient data)...
[2026-06-08 17:50:42] backend.server INFO [pipeline] Processed England\Premier League\premstat2019-20.csv...
[2026-06-08 17:50:42] backend.server INFO [pipeline] Processed France\Ligue 2\ligue2stat2019-20.csv...
[2026-06-08 17:50:42] backend.server INFO [pipeline] Processed France\Ligue 1\ligue1stat2019-20.csv...
[2026-06-08 17:50:42] backend.server INFO [pipeline] Processed Germany\Bundesliga\bundstat2019-20.csv...
[2026-06-08 17:50:42] backend.server INFO [pipeline] Processed Germany\Bundesliga 2\bund2stat2019-20.csv...
[2026-06-08 17:50:42] backend.server INFO [pipeline] Processed Italy\Serie A\seriaastat2019-20.csv...
[2026-06-08 17:50:42] backend.server INFO [pipeline] Processed England\Championship\champstat2019-20.csv...
[2026-06-08 17:50:42] backend.server INFO [pipeline] Processed Italy\Serie B\seriabstat2019-20.csv...
[2026-06-08 17:50:42] backend.server INFO [pipeline] Skipped Netherlands\Eredivisie\eredivisiestat2019-20.csv (insufficient data)...
[2026-06-08 17:50:42] backend.server INFO [pipeline] Processed Portugal\Liga Portugal\portstat2019-20.csv...
[2026-06-08 17:50:42] backend.server INFO [pipeline] Processed Spain\La Liga\laligastat2019-20.csv...
[2026-06-08 17:50:42] backend.server INFO [pipeline] Processed Spain\La Liga 2\laliga2stat2019-20.csv...
[2026-06-08 17:50:42] backend.server INFO [pipeline] Processed Turkey\Super Lig\turkstat2019-20.csv...
[2026-06-08 17:50:42] backend.server INFO [pipeline] Processed Belgium\First Division A\belgiestat2020-21.csv...
[2026-06-08 17:50:42] backend.server INFO [pipeline] Processed France\Ligue 1\ligue1stat2020-21.csv...
[2026-06-08 17:50:42] backend.server INFO [pipeline] Processed England\Premier League\premstat2020-21.csv...
[2026-06-08 17:50:42] backend.server INFO [pipeline] Processed Germany\Bundesliga\bundstat2020-21.csv...
[2026-06-08 17:50:42] backend.server INFO [pipeline] Processed France\Ligue 2\ligue2stat2020-21.csv...
[2026-06-08 17:50:42] backend.server INFO [pipeline] Processed England\Championship\champstat2020-21.csv...
[2026-06-08 17:50:42] backend.server INFO [pipeline] Processed Germany\Bundesliga 2\bund2stat2020-21.csv...
[2026-06-08 17:50:42] backend.server INFO [pipeline] Processed Italy\Serie B\seriabstat2020-21.csv...
[2026-06-08 17:50:42] backend.server INFO [pipeline] Processed Italy\Serie A\seriaastat2020-21.csv...
[2026-06-08 17:50:42] backend.server INFO [pipeline] Processed Netherlands\Eredivisie\eredivisiestat2020-21.csv...
[2026-06-08 17:50:42] backend.server INFO [pipeline] Processed Portugal\Liga Portugal\portstat2020-21.csv...
[2026-06-08 17:50:43] backend.server INFO [pipeline] Skipped Scotland\Premiership\scotpremstat2020-21.csv (insufficient data)...
[2026-06-08 17:50:43] backend.server INFO [pipeline] Processed Spain\La Liga\laligastat2020-21.csv...
[2026-06-08 17:50:43] backend.server INFO [pipeline] Processed Spain\La Liga 2\laliga2stat2020-21.csv...
[2026-06-08 17:50:43] backend.server INFO [pipeline] Processed Turkey\Super Lig\turkstat2020-21.csv...
[2026-06-08 17:50:43] backend.server INFO [pipeline] Processed Belgium\First Division A\belgiestat2021-22.csv...
[2026-06-08 17:50:43] backend.server INFO [pipeline] Processed France\Ligue 1\ligue1stat2021-22.csv...
[2026-06-08 17:50:43] backend.server INFO [pipeline] Processed England\Premier League\premstat2021-22.csv...
[2026-06-08 17:50:43] backend.server INFO [pipeline] Processed France\Ligue 2\ligue2stat2021-22.csv...
[2026-06-08 17:50:43] backend.server INFO [pipeline] Processed England\Championship\champstat2021-22.csv...
[2026-06-08 17:50:43] backend.server INFO [pipeline] Processed Germany\Bundesliga\bundstat2021-22.csv...
[2026-06-08 17:50:43] backend.server INFO [pipeline] Processed Germany\Bundesliga 2\bund2stat2021-22.csv...
[2026-06-08 17:50:43] backend.server INFO [pipeline] Processed Italy\Serie A\seriaastat2021-22.csv...
[2026-06-08 17:50:43] backend.server INFO [pipeline] Processed Netherlands\Eredivisie\eredivisiestat2021-22.csv...
[2026-06-08 17:50:43] backend.server INFO [pipeline] Skipped Scotland\Premiership\scotpremstat2021-22.csv (insufficient data)...
[2026-06-08 17:50:43] backend.server INFO [pipeline] Processed Italy\Serie B\seriabstat2021-22.csv...
[2026-06-08 17:50:43] backend.server INFO [pipeline] Processed Portugal\Liga Portugal\portstat2021-22.csv...
[2026-06-08 17:50:43] backend.server INFO [pipeline] Processed Spain\La Liga\laligastat2021-22.csv...
[2026-06-08 17:50:43] backend.server INFO [pipeline] Processed Spain\La Liga 2\laliga2stat2021-22.csv...
[2026-06-08 17:50:43] backend.server INFO [pipeline] Processed Turkey\Super Lig\turkstat2021-22.csv...
[2026-06-08 17:50:43] backend.server INFO [pipeline] Processed Belgium\First Division A\belgiestat2022-23.csv...
[2026-06-08 17:50:43] backend.server INFO [pipeline] Processed England\Premier League\premstat2022-23.csv...
[2026-06-08 17:50:43] backend.server INFO [pipeline] Processed France\Ligue 2\ligue2stat2022-23.csv...
[2026-06-08 17:50:43] backend.server INFO [pipeline] Processed Germany\Bundesliga\bundstat2022-23.csv...
[2026-06-08 17:50:43] backend.server INFO [pipeline] Processed France\Ligue 1\ligue1stat2022-23.csv...
[2026-06-08 17:50:43] backend.server INFO [pipeline] Processed Germany\Bundesliga 2\bund2stat2022-23.csv...
[2026-06-08 17:50:43] backend.server INFO [pipeline] Processed Italy\Serie A\seriaastat2022-23.csv...
[2026-06-08 17:50:43] backend.server INFO [pipeline] Processed England\Championship\champstat2022-23.csv...
[2026-06-08 17:50:43] backend.server INFO [pipeline] Processed Italy\Serie B\seriabstat2022-23.csv...
[2026-06-08 17:50:43] backend.server INFO [pipeline] Processed Netherlands\Eredivisie\eredivisiestat2022-23.csv...
[2026-06-08 17:50:43] backend.server INFO [pipeline] Processed Portugal\Liga Portugal\portstat2022-23.csv...
[2026-06-08 17:50:43] backend.server INFO [pipeline] Skipped Scotland\Premiership\scotpremstat2022-23.csv (insufficient data)...
[2026-06-08 17:50:43] backend.server INFO [pipeline] Processed Spain\La Liga\laligastat2022-23.csv...
[2026-06-08 17:50:43] backend.server INFO [pipeline] Skipped Turkey\Super Lig\turkstat2022-23.csv (insufficient data)...
[2026-06-08 17:50:43] backend.server INFO [pipeline] Processed Spain\La Liga 2\laliga2stat2022-23.csv...
[2026-06-08 17:50:43] backend.server INFO [pipeline] Processed Belgium\First Division A\belgiestat2023-24.csv...
[2026-06-08 17:50:43] backend.server INFO [pipeline] Processed England\Premier League\premstat2023-24.csv...
[2026-06-08 17:50:43] backend.server INFO [pipeline] Processed France\Ligue 1\ligue1stat2023-24.csv...
[2026-06-08 17:50:43] backend.server INFO [pipeline] Processed France\Ligue 2\ligue2stat2023-24.csv...
[2026-06-08 17:50:43] backend.server INFO [pipeline] Processed Germany\Bundesliga\bundstat2023-24.csv...
[2026-06-08 17:50:43] backend.server INFO [pipeline] Processed Germany\Bundesliga 2\bund2stat2023-24.csv...
[2026-06-08 17:50:43] backend.server INFO [pipeline] Processed England\Championship\champstat2023-24.csv...
[2026-06-08 17:50:43] backend.server INFO [pipeline] Processed Italy\Serie A\seriaastat2023-24.csv...
[2026-06-08 17:50:43] backend.server INFO [pipeline] Processed Italy\Serie B\seriabstat2023-24.csv...
[2026-06-08 17:50:43] backend.server INFO [pipeline] Processed Netherlands\Eredivisie\eredivisiestat2023-24.csv...
[2026-06-08 17:50:43] backend.server INFO [pipeline] Skipped Scotland\Premiership\scotpremstat2023-24.csv (insufficient data)...
[2026-06-08 17:50:43] backend.server INFO [pipeline] Processed Portugal\Liga Portugal\portstat2023-24.csv...
[2026-06-08 17:50:43] backend.server INFO [pipeline] Processed Spain\La Liga\laligastat2023-24.csv...
[2026-06-08 17:50:43] backend.server INFO [pipeline] Processed Turkey\Super Lig\turkstat2023-24.csv...
[2026-06-08 17:50:43] backend.server INFO [pipeline] Processed Spain\La Liga 2\laliga2stat2023-24.csv...
[2026-06-08 17:50:43] backend.server INFO [pipeline] Processed Belgium\First Division A\belgiestat2024-25.csv...
[2026-06-08 17:50:43] backend.server INFO [pipeline] Processed England\Premier League\premstat2024-25.csv...
[2026-06-08 17:50:43] backend.server INFO [pipeline] Processed France\Ligue 1\ligue1stat2024-25.csv...
[2026-06-08 17:50:43] backend.server INFO [pipeline] Processed France\Ligue 2\ligue2stat2024-25.csv...
[2026-06-08 17:50:43] backend.server INFO [pipeline] Processed Germany\Bundesliga\bundstat2024-25.csv...
[2026-06-08 17:50:43] backend.server INFO [pipeline] Processed Germany\Bundesliga 2\bund2stat2024-25.csv...
[2026-06-08 17:50:43] backend.server INFO [pipeline] Processed England\Championship\champstat2024-25.csv...
[2026-06-08 17:50:43] backend.server INFO [pipeline] Processed Italy\Serie B\seriabstat2024-25.csv...
[2026-06-08 17:50:43] backend.server INFO [pipeline] Processed Italy\Serie A\seriaastat2024-25.csv...
[2026-06-08 17:50:43] backend.server INFO [pipeline] Processed Netherlands\Eredivisie\eredivisiestat2024-25.csv...
[2026-06-08 17:50:43] backend.server INFO [pipeline] Processed Portugal\Liga Portugal\portstat2024-25.csv...
[2026-06-08 17:50:43] backend.server INFO [pipeline] Skipped Scotland\Premiership\scotpremstat2024-25.csv (insufficient data)...
[2026-06-08 17:50:43] backend.server INFO [pipeline] Processed Spain\La Liga\laligastat2024-25.csv...
[2026-06-08 17:50:43] backend.server INFO [pipeline] Processed Spain\La Liga 2\laliga2stat2024-25.csv...
[2026-06-08 17:50:43] backend.server INFO [pipeline] Processed Turkey\Super Lig\turkstat2024-25.csv...
[2026-06-08 17:50:43] backend.server INFO [pipeline] Processed Belgium\First Division A\belgiestat2025-26.csv...
[2026-06-08 17:50:43] backend.server INFO [pipeline] Processed France\Ligue 1\ligue1stat2025-26.csv...
[2026-06-08 17:50:43] backend.server INFO [pipeline] Processed England\Premier League\premstat2025-26.csv...
[2026-06-08 17:50:43] backend.server INFO [pipeline] Processed France\Ligue 2\ligue2stat2025-26.csv...
[2026-06-08 17:50:43] backend.server INFO [pipeline] Processed Germany\Bundesliga\bundstat2025-26.csv...
[2026-06-08 17:50:43] backend.server INFO [pipeline] Processed England\Championship\champstat2025-26.csv...
[2026-06-08 17:50:43] backend.server INFO [pipeline] Processed Germany\Bundesliga 2\bund2stat2025-26.csv...
[2026-06-08 17:50:43] backend.server INFO [pipeline] Processed Italy\Serie A\seriaastat2025-26.csv...
[2026-06-08 17:50:43] backend.server INFO [pipeline] Processed Netherlands\Eredivisie\eredivisiestat2025-26.csv...
[2026-06-08 17:50:43] backend.server INFO [pipeline] Processed Italy\Serie B\seriabstat2025-26.csv...
[2026-06-08 17:50:43] backend.server INFO [pipeline] Processed Portugal\Liga Portugal\portstat2025-26.csv...
[2026-06-08 17:50:43] backend.server INFO [pipeline] Processed Scotland\Premiership\scotpremstat2025-26.csv...
[2026-06-08 17:50:43] backend.server INFO [pipeline] Processed Spain\La Liga 2\laliga2stat2025-26.csv...
[2026-06-08 17:50:43] backend.server INFO [pipeline] Processed Spain\La Liga\laligastat2025-26.csv...
[2026-06-08 17:50:43] backend.server INFO [pipeline] Processed Turkey\Super Lig\turkstat2025-26.csv...
[2026-06-08 17:50:43] backend.server INFO [pipeline] All files processed.
[2026-06-08 17:50:45] backend.server INFO [pipeline] Processing England\Championship\champstat2002-03.csv
[2026-06-08 17:50:45] backend.server INFO [pipeline] Processing England\Premier League\premstat2002-03.csv
[2026-06-08 17:50:45] backend.server INFO [pipeline] Processing England\Championship\champstat2003-04.csv
[2026-06-08 17:50:45] backend.server INFO [pipeline] Processing England\Premier League\premstat2003-04.csv
[2026-06-08 17:50:45] backend.server INFO [pipeline] Processing England\Championship\champstat2004-05.csv
[2026-06-08 17:50:45] backend.server INFO [pipeline] Processing England\Premier League\premstat2004-05.csv
[2026-06-08 17:50:45] backend.server INFO [pipeline] Processing England\Championship\champstat2005-06.csv
[2026-06-08 17:50:45] backend.server INFO [pipeline] Processing England\Premier League\premstat2005-06.csv
[2026-06-08 17:50:45] backend.server INFO [pipeline] Processing France\Ligue 1\ligue1stat2005-06.csv
[2026-06-08 17:50:45] backend.server INFO [pipeline] Processing Italy\Serie A\seriaastat2005-06.csv
[2026-06-08 17:50:45] backend.server INFO [pipeline] Processing Spain\La Liga\laligastat2005-06.csv
[2026-06-08 17:50:45] backend.server INFO [pipeline] Processing England\Championship\champstat2006-07.csv
[2026-06-08 17:50:45] backend.server INFO [pipeline] Processing England\Premier League\premstat2006-07.csv
[2026-06-08 17:50:45] backend.server INFO [pipeline] Processing France\Ligue 1\ligue1stat2006-07.csv
[2026-06-08 17:50:45] backend.server INFO [pipeline] Processing Germany\Bundesliga\bundstat2006-07.csv
[2026-06-08 17:50:45] backend.server INFO [pipeline] Processing Germany\Bundesliga 2\bund2stat2006-07.csv
[2026-06-08 17:50:45] backend.server INFO [pipeline] Processing Italy\Serie A\seriaastat2006-07.csv
[2026-06-08 17:50:45] backend.server INFO [pipeline] Processing Spain\La Liga\laligastat2006-07.csv
[2026-06-08 17:50:45] backend.server INFO [pipeline] Processing England\Championship\champstat2007-08.csv
[2026-06-08 17:50:45] backend.server INFO [pipeline] Processing England\Premier League\premstat2007-08.csv
[2026-06-08 17:50:45] backend.server INFO [pipeline] Processing France\Ligue 1\ligue1stat2007-08.csv
[2026-06-08 17:50:45] backend.server INFO [pipeline] Processing Germany\Bundesliga\bundstat2007-08.csv
[2026-06-08 17:50:45] backend.server INFO [pipeline] Processing Italy\Serie A\seriaastat2007-08.csv
[2026-06-08 17:50:45] backend.server INFO [pipeline] Processing Spain\La Liga\laligastat2007-08.csv
[2026-06-08 17:50:45] backend.server INFO [pipeline] Processing England\Championship\champstat2008-09.csv
[2026-06-08 17:50:45] backend.server INFO [pipeline] Processing England\Premier League\premstat2008-09.csv
[2026-06-08 17:50:45] backend.server INFO [pipeline] Processing France\Ligue 1\ligue1stat2008-09.csv
[2026-06-08 17:50:45] backend.server INFO [pipeline] Processing Germany\Bundesliga\bundstat2008-09.csv
[2026-06-08 17:50:45] backend.server INFO [pipeline] Processing Italy\Serie A\seriaastat2008-09.csv
[2026-06-08 17:50:45] backend.server INFO [pipeline] Processing Spain\La Liga\laligastat2008-09.csv
[2026-06-08 17:50:45] backend.server INFO [pipeline] Processing England\Championship\champstat2009-10.csv
[2026-06-08 17:50:45] backend.server INFO [pipeline] Processing England\Premier League\premstat2009-10.csv
[2026-06-08 17:50:45] backend.server INFO [pipeline] Processing France\Ligue 1\ligue1stat2009-10.csv
[2026-06-08 17:50:45] backend.server INFO [pipeline] Processing Germany\Bundesliga\bundstat2009-10.csv
[2026-06-08 17:50:45] backend.server INFO [pipeline] Processing Italy\Serie A\seriaastat2009-10.csv
[2026-06-08 17:50:45] backend.server INFO [pipeline] Processing Spain\La Liga\laligastat2009-10.csv
[2026-06-08 17:50:45] backend.server INFO [pipeline] Processing England\Championship\champstat2010-11.csv
[2026-06-08 17:50:45] backend.server INFO [pipeline] Processing England\Premier League\premstat2010-11.csv
[2026-06-08 17:50:45] backend.server INFO [pipeline] Processing France\Ligue 1\ligue1stat2010-11.csv
[2026-06-08 17:50:45] backend.server INFO [pipeline] Processing Germany\Bundesliga\bundstat2010-11.csv
[2026-06-08 17:50:45] backend.server INFO [pipeline] Processing Italy\Serie A\seriaastat2010-11.csv
[2026-06-08 17:50:45] backend.server INFO [pipeline] Processing Spain\La Liga\laligastat2010-11.csv
[2026-06-08 17:50:45] backend.server INFO [pipeline] Processing England\Championship\champstat2011-12.csv
[2026-06-08 17:50:45] backend.server INFO [pipeline] Processing England\Premier League\premstat2011-12.csv
[2026-06-08 17:50:45] backend.server INFO [pipeline] Processing France\Ligue 1\ligue1stat2011-12.csv
[2026-06-08 17:50:45] backend.server INFO [pipeline] Processing Germany\Bundesliga\bundstat2011-12.csv
[2026-06-08 17:50:45] backend.server INFO [pipeline] Processing Italy\Serie A\seriaastat2011-12.csv
[2026-06-08 17:50:45] backend.server INFO [pipeline] Processing Spain\La Liga\laligastat2011-12.csv
[2026-06-08 17:50:45] backend.server INFO [pipeline] Processing England\Championship\champstat2012-13.csv
[2026-06-08 17:50:45] backend.server INFO [pipeline] Processing England\Premier League\premstat2012-13.csv
[2026-06-08 17:50:45] backend.server INFO [pipeline] Processing France\Ligue 1\ligue1stat2012-13.csv
[2026-06-08 17:50:45] backend.server INFO [pipeline] Processing Germany\Bundesliga\bundstat2012-13.csv
[2026-06-08 17:50:45] backend.server INFO [pipeline] Processing Italy\Serie A\seriaastat2012-13.csv
[2026-06-08 17:50:45] backend.server INFO [pipeline] Processing Spain\La Liga\laligastat2012-13.csv
[2026-06-08 17:50:45] backend.server INFO [pipeline] Processing England\Championship\champstat2013-14.csv
[2026-06-08 17:50:45] backend.server INFO [pipeline] Processing England\Premier League\premstat2013-14.csv
[2026-06-08 17:50:45] backend.server INFO [pipeline] Processing France\Ligue 1\ligue1stat2013-14.csv
[2026-06-08 17:50:45] backend.server INFO [pipeline] Processing Germany\Bundesliga\bundstat2013-14.csv
[2026-06-08 17:50:45] backend.server INFO [pipeline] Processing Italy\Serie A\seriaastat2013-14.csv
[2026-06-08 17:50:45] backend.server INFO [pipeline] Processing Spain\La Liga\laligastat2013-14.csv
[2026-06-08 17:50:45] backend.server INFO [pipeline] Processing England\Championship\champstat2014-15.csv
[2026-06-08 17:50:45] backend.server INFO [pipeline] Processing England\Premier League\premstat2014-15.csv
[2026-06-08 17:50:45] backend.server INFO [pipeline] Processing France\Ligue 1\ligue1stat2014-15.csv
[2026-06-08 17:50:45] backend.server INFO [pipeline] Processing Germany\Bundesliga\bundstat2014-15.csv
[2026-06-08 17:50:45] backend.server INFO [pipeline] Processing Italy\Serie A\seriaastat2014-15.csv
[2026-06-08 17:50:45] backend.server INFO [pipeline] Processing Spain\La Liga\laligastat2014-15.csv
[2026-06-08 17:50:45] backend.server INFO [pipeline] Processing England\Championship\champstat2015-16.csv
[2026-06-08 17:50:45] backend.server INFO [pipeline] Processing England\Premier League\premstat2015-16.csv
[2026-06-08 17:50:45] backend.server INFO [pipeline] Processing France\Ligue 1\ligue1stat2015-16.csv
[2026-06-08 17:50:45] backend.server INFO [pipeline] Processing Germany\Bundesliga\bundstat2015-16.csv
[2026-06-08 17:50:45] backend.server INFO [pipeline] Processing Italy\Serie A\seriaastat2015-16.csv
[2026-06-08 17:50:45] backend.server INFO [pipeline] Processing Spain\La Liga\laligastat2015-16.csv
[2026-06-08 17:50:45] backend.server INFO [pipeline] Processing England\Championship\champstat2016-17.csv
[2026-06-08 17:50:45] backend.server INFO [pipeline] Processing England\Premier League\premstat2016-17.csv
[2026-06-08 17:50:45] backend.server INFO [pipeline] Processing France\Ligue 1\ligue1stat2016-17.csv
[2026-06-08 17:50:45] backend.server INFO [pipeline] Processing Germany\Bundesliga\bundstat2016-17.csv
[2026-06-08 17:50:45] backend.server INFO [pipeline] Processing Italy\Serie A\seriaastat2016-17.csv
[2026-06-08 17:50:45] backend.server INFO [pipeline] Processing Spain\La Liga\laligastat2016-17.csv
[2026-06-08 17:50:45] backend.server INFO [pipeline] Processing England\Championship\champstat2017-18.csv
[2026-06-08 17:50:45] backend.server INFO [pipeline] Processing England\Premier League\premstat2017-18.csv
[2026-06-08 17:50:45] backend.server INFO [pipeline] Processing France\Ligue 1\ligue1stat2017-18.csv
[2026-06-08 17:50:45] backend.server INFO [pipeline] Processing France\Ligue 2\ligue2stat2017-18.csv
[2026-06-08 17:50:45] backend.server INFO [pipeline] Processing Germany\Bundesliga\bundstat2017-18.csv
[2026-06-08 17:50:45] backend.server INFO [pipeline] Processing Germany\Bundesliga 2\bund2stat2017-18.csv
[2026-06-08 17:50:45] backend.server INFO [pipeline] Processing Italy\Serie A\seriaastat2017-18.csv
[2026-06-08 17:50:45] backend.server INFO [pipeline] Processing Italy\Serie B\seriabstat2017-18.csv
[2026-06-08 17:50:45] backend.server INFO [pipeline] Processing Netherlands\Eredivisie\eredivisiestat2017-18.csv
[2026-06-08 17:50:45] backend.server INFO [pipeline] Processing Portugal\Liga Portugal\portstat2017-18.csv
[2026-06-08 17:50:45] backend.server INFO [pipeline] Processing Spain\La Liga\laligastat2017-18.csv
[2026-06-08 17:50:45] backend.server INFO [pipeline] Processing Spain\La Liga 2\laliga2stat2017-18.csv
[2026-06-08 17:50:45] backend.server INFO [pipeline] Processing Turkey\Super Lig\turkstat2017-18.csv
[2026-06-08 17:50:45] backend.server INFO [pipeline] Processing England\Championship\champstat2018-19.csv
[2026-06-08 17:50:45] backend.server INFO [pipeline] Processing England\Premier League\premstat2018-19.csv
[2026-06-08 17:50:45] backend.server INFO [pipeline] Processing France\Ligue 1\ligue1stat2018-19.csv
[2026-06-08 17:50:45] backend.server INFO [pipeline] Processing France\Ligue 2\ligue2stat2018-19.csv
[2026-06-08 17:50:45] backend.server INFO [pipeline] Processing Germany\Bundesliga\bundstat2018-19.csv
[2026-06-08 17:50:45] backend.server INFO [pipeline] Processing Germany\Bundesliga 2\bund2stat2018-19.csv
[2026-06-08 17:50:45] backend.server INFO [pipeline] Processing Italy\Serie A\seriaastat2018-19.csv
[2026-06-08 17:50:45] backend.server INFO [pipeline] Processing Italy\Serie B\seriabstat2018-19.csv
[2026-06-08 17:50:45] backend.server INFO [pipeline] Processing Netherlands\Eredivisie\eredivisiestat2018-19.csv
[2026-06-08 17:50:45] backend.server INFO [pipeline] Processing Portugal\Liga Portugal\portstat2018-19.csv
[2026-06-08 17:50:45] backend.server INFO [pipeline] Processing Spain\La Liga\laligastat2018-19.csv
[2026-06-08 17:50:45] backend.server INFO [pipeline] Processing Spain\La Liga 2\laliga2stat2018-19.csv
[2026-06-08 17:50:45] backend.server INFO [pipeline] Processing Turkey\Super Lig\turkstat2018-19.csv
[2026-06-08 17:50:45] backend.server INFO [pipeline] Processing England\Championship\champstat2019-20.csv
[2026-06-08 17:50:45] backend.server INFO [pipeline] Processing England\Premier League\premstat2019-20.csv
[2026-06-08 17:50:45] backend.server INFO [pipeline] Processing France\Ligue 1\ligue1stat2019-20.csv
[2026-06-08 17:50:45] backend.server INFO [pipeline] Processing France\Ligue 2\ligue2stat2019-20.csv
[2026-06-08 17:50:45] backend.server INFO [pipeline] Processing Germany\Bundesliga\bundstat2019-20.csv
[2026-06-08 17:50:45] backend.server INFO [pipeline] Processing Germany\Bundesliga 2\bund2stat2019-20.csv
[2026-06-08 17:50:45] backend.server INFO [pipeline] Processing Italy\Serie A\seriaastat2019-20.csv
[2026-06-08 17:50:45] backend.server INFO [pipeline] Processing Italy\Serie B\seriabstat2019-20.csv
[2026-06-08 17:50:45] backend.server INFO [pipeline] Processing Portugal\Liga Portugal\portstat2019-20.csv
[2026-06-08 17:50:45] backend.server INFO [pipeline] Processing Spain\La Liga\laligastat2019-20.csv
[2026-06-08 17:50:45] backend.server INFO [pipeline] Processing Spain\La Liga 2\laliga2stat2019-20.csv
[2026-06-08 17:50:45] backend.server INFO [pipeline] Processing Turkey\Super Lig\turkstat2019-20.csv
[2026-06-08 17:50:45] backend.server INFO [pipeline] Processing Belgium\First Division A\belgiestat2020-21.csv
[2026-06-08 17:50:45] backend.server INFO [pipeline] Processing England\Championship\champstat2020-21.csv
[2026-06-08 17:50:45] backend.server INFO [pipeline] Processing England\Premier League\premstat2020-21.csv
[2026-06-08 17:50:45] backend.server INFO [pipeline] Processing France\Ligue 1\ligue1stat2020-21.csv
[2026-06-08 17:50:45] backend.server INFO [pipeline] Processing France\Ligue 2\ligue2stat2020-21.csv
[2026-06-08 17:50:45] backend.server INFO [pipeline] Processing Germany\Bundesliga\bundstat2020-21.csv
[2026-06-08 17:50:45] backend.server INFO [pipeline] Processing Germany\Bundesliga 2\bund2stat2020-21.csv
[2026-06-08 17:50:45] backend.server INFO [pipeline] Processing Italy\Serie A\seriaastat2020-21.csv
[2026-06-08 17:50:45] backend.server INFO [pipeline] Processing Italy\Serie B\seriabstat2020-21.csv
[2026-06-08 17:50:45] backend.server INFO [pipeline] Processing Netherlands\Eredivisie\eredivisiestat2020-21.csv
[2026-06-08 17:50:45] backend.server INFO [pipeline] Processing Portugal\Liga Portugal\portstat2020-21.csv
[2026-06-08 17:50:45] backend.server INFO [pipeline] Processing Spain\La Liga\laligastat2020-21.csv
[2026-06-08 17:50:45] backend.server INFO [pipeline] Processing Spain\La Liga 2\laliga2stat2020-21.csv
[2026-06-08 17:50:45] backend.server INFO [pipeline] Processing Turkey\Super Lig\turkstat2020-21.csv
[2026-06-08 17:50:45] backend.server INFO [pipeline] Processing Belgium\First Division A\belgiestat2021-22.csv
[2026-06-08 17:50:45] backend.server INFO [pipeline] Processing England\Championship\champstat2021-22.csv
[2026-06-08 17:50:45] backend.server INFO [pipeline] Processing England\Premier League\premstat2021-22.csv
[2026-06-08 17:50:45] backend.server INFO [pipeline] Processing France\Ligue 1\ligue1stat2021-22.csv
[2026-06-08 17:50:45] backend.server INFO [pipeline] Processing France\Ligue 2\ligue2stat2021-22.csv
[2026-06-08 17:50:45] backend.server INFO [pipeline] Processing Germany\Bundesliga\bundstat2021-22.csv
[2026-06-08 17:50:45] backend.server INFO [pipeline] Processing Germany\Bundesliga 2\bund2stat2021-22.csv
[2026-06-08 17:50:45] backend.server INFO [pipeline] Processing Italy\Serie A\seriaastat2021-22.csv
[2026-06-08 17:50:45] backend.server INFO [pipeline] Processing Italy\Serie B\seriabstat2021-22.csv
[2026-06-08 17:50:45] backend.server INFO [pipeline] Processing Netherlands\Eredivisie\eredivisiestat2021-22.csv
[2026-06-08 17:50:45] backend.server INFO [pipeline] Processing Portugal\Liga Portugal\portstat2021-22.csv
[2026-06-08 17:50:45] backend.server INFO [pipeline] Processing Spain\La Liga\laligastat2021-22.csv
[2026-06-08 17:50:45] backend.server INFO [pipeline] Processing Spain\La Liga 2\laliga2stat2021-22.csv
[2026-06-08 17:50:45] backend.server INFO [pipeline] Processing Turkey\Super Lig\turkstat2021-22.csv
[2026-06-08 17:50:45] backend.server INFO [pipeline] Processing Belgium\First Division A\belgiestat2022-23.csv
[2026-06-08 17:50:45] backend.server INFO [pipeline] Processing England\Championship\champstat2022-23.csv
[2026-06-08 17:50:45] backend.server INFO [pipeline] Processing England\Premier League\premstat2022-23.csv
[2026-06-08 17:50:45] backend.server INFO [pipeline] Processing France\Ligue 1\ligue1stat2022-23.csv
[2026-06-08 17:50:45] backend.server INFO [pipeline] Processing France\Ligue 2\ligue2stat2022-23.csv
[2026-06-08 17:50:45] backend.server INFO [pipeline] Processing Germany\Bundesliga\bundstat2022-23.csv
[2026-06-08 17:50:45] backend.server INFO [pipeline] Processing Germany\Bundesliga 2\bund2stat2022-23.csv
[2026-06-08 17:50:45] backend.server INFO [pipeline] Processing Italy\Serie A\seriaastat2022-23.csv
[2026-06-08 17:50:45] backend.server INFO [pipeline] Processing Italy\Serie B\seriabstat2022-23.csv
[2026-06-08 17:50:45] backend.server INFO [pipeline] Processing Netherlands\Eredivisie\eredivisiestat2022-23.csv
[2026-06-08 17:50:45] backend.server INFO [pipeline] Processing Portugal\Liga Portugal\portstat2022-23.csv
[2026-06-08 17:50:45] backend.server INFO [pipeline] Processing Spain\La Liga\laligastat2022-23.csv
[2026-06-08 17:50:45] backend.server INFO [pipeline] Processing Spain\La Liga 2\laliga2stat2022-23.csv
[2026-06-08 17:50:45] backend.server INFO [pipeline] Processing Belgium\First Division A\belgiestat2023-24.csv
[2026-06-08 17:50:48] backend.server INFO [pipeline] Processing England\Championship\champstat2023-24.csv
[2026-06-08 17:50:48] backend.server INFO [pipeline] Processing England\Premier League\premstat2023-24.csv
[2026-06-08 17:50:48] backend.server INFO [pipeline] Processing France\Ligue 1\ligue1stat2023-24.csv
[2026-06-08 17:50:48] backend.server INFO [pipeline] Processing France\Ligue 2\ligue2stat2023-24.csv
[2026-06-08 17:50:48] backend.server INFO [pipeline] Processing Germany\Bundesliga\bundstat2023-24.csv
[2026-06-08 17:50:48] backend.server INFO [pipeline] Processing Germany\Bundesliga 2\bund2stat2023-24.csv
[2026-06-08 17:50:48] backend.server INFO [pipeline] Processing Italy\Serie A\seriaastat2023-24.csv
[2026-06-08 17:50:48] backend.server INFO [pipeline] Processing Italy\Serie B\seriabstat2023-24.csv
[2026-06-08 17:50:48] backend.server INFO [pipeline] Processing Netherlands\Eredivisie\eredivisiestat2023-24.csv
[2026-06-08 17:50:48] backend.server INFO [pipeline] Processing Portugal\Liga Portugal\portstat2023-24.csv
[2026-06-08 17:50:48] backend.server INFO [pipeline] Processing Spain\La Liga\laligastat2023-24.csv
[2026-06-08 17:50:48] backend.server INFO [pipeline] Processing Spain\La Liga 2\laliga2stat2023-24.csv
[2026-06-08 17:50:48] backend.server INFO [pipeline] Processing Turkey\Super Lig\turkstat2023-24.csv
[2026-06-08 17:50:48] backend.server INFO [pipeline] Processing Belgium\First Division A\belgiestat2024-25.csv
[2026-06-08 17:50:48] backend.server INFO [pipeline] Processing England\Championship\champstat2024-25.csv
[2026-06-08 17:50:48] backend.server INFO [pipeline] Processing England\Premier League\premstat2024-25.csv
[2026-06-08 17:50:48] backend.server INFO [pipeline] Processing France\Ligue 1\ligue1stat2024-25.csv
[2026-06-08 17:50:48] backend.server INFO [pipeline] Processing France\Ligue 2\ligue2stat2024-25.csv
[2026-06-08 17:50:48] backend.server INFO [pipeline] Processing Germany\Bundesliga\bundstat2024-25.csv
[2026-06-08 17:50:48] backend.server INFO [pipeline] Processing Germany\Bundesliga 2\bund2stat2024-25.csv
[2026-06-08 17:50:48] backend.server INFO [pipeline] Processing Italy\Serie A\seriaastat2024-25.csv
[2026-06-08 17:50:48] backend.server INFO [pipeline] Processing Italy\Serie B\seriabstat2024-25.csv
[2026-06-08 17:50:48] backend.server INFO [pipeline] Processing Netherlands\Eredivisie\eredivisiestat2024-25.csv
[2026-06-08 17:50:48] backend.server INFO [pipeline] Processing Portugal\Liga Portugal\portstat2024-25.csv
[2026-06-08 17:50:48] backend.server INFO [pipeline] Processing Spain\La Liga\laligastat2024-25.csv
[2026-06-08 17:50:48] backend.server INFO [pipeline] Processing Spain\La Liga 2\laliga2stat2024-25.csv
[2026-06-08 17:50:48] backend.server INFO [pipeline] Processing Turkey\Super Lig\turkstat2024-25.csv
[2026-06-08 17:50:48] backend.server INFO [pipeline] Processing Belgium\First Division A\belgiestat2025-26.csv
[2026-06-08 17:50:48] backend.server INFO [pipeline] Processing England\Championship\champstat2025-26.csv
[2026-06-08 17:50:48] backend.server INFO [pipeline] Processing England\Premier League\premstat2025-26.csv
[2026-06-08 17:50:48] backend.server INFO [pipeline] Processing France\Ligue 1\ligue1stat2025-26.csv
[2026-06-08 17:50:48] backend.server INFO [pipeline] Processing France\Ligue 2\ligue2stat2025-26.csv
[2026-06-08 17:50:48] backend.server INFO [pipeline] Processing Germany\Bundesliga\bundstat2025-26.csv
[2026-06-08 17:50:48] backend.server INFO [pipeline] Processing Germany\Bundesliga 2\bund2stat2025-26.csv
[2026-06-08 17:50:48] backend.server INFO [pipeline] Processing Italy\Serie A\seriaastat2025-26.csv
[2026-06-08 17:50:48] backend.server INFO [pipeline] Processing Italy\Serie B\seriabstat2025-26.csv
[2026-06-08 17:50:48] backend.server INFO [pipeline] Processing Netherlands\Eredivisie\eredivisiestat2025-26.csv
[2026-06-08 17:50:48] backend.server INFO [pipeline] Processing Portugal\Liga Portugal\portstat2025-26.csv
[2026-06-08 17:50:48] backend.server INFO [pipeline] Processing Scotland\Premiership\scotpremstat2025-26.csv
[2026-06-08 17:50:48] backend.server INFO [pipeline] Processing Spain\La Liga\laligastat2025-26.csv
[2026-06-08 17:50:48] backend.server INFO [pipeline] Processing Spain\La Liga 2\laliga2stat2025-26.csv
[2026-06-08 17:50:48] backend.server INFO [pipeline] Processing Turkey\Super Lig\turkstat2025-26.csv
[2026-06-08 17:50:48] backend.server INFO [pipeline] 
[2026-06-08 17:50:48] backend.server INFO [pipeline] Done!
[2026-06-08 17:50:48] backend.server INFO [pipeline] 
[2026-06-08 17:50:48] backend.server INFO [pipeline] Current form written from Turkey\Super Lig\turkstat2025-26.csv
[2026-06-08 17:51:15] backend.server INFO [pipeline] Model cache ready: C:\CS-Projects\BeyondTheStats\Soccer-Result-Predictor\Beyond-the-Stats\Data\Team_Data\model_cache.pkl (backend=random-forest-cpu)
[2026-06-08 17:51:15] backend.server INFO [pipeline] C:\CS-Projects\BeyondTheStats\Soccer-Result-Predictor\Beyond-the-Stats\MLS\files\Project_League_Table.py:732: DeprecationWarning: datetime.datetime.utcnow() is deprecated and scheduled for removal in a future version. Use timezone-aware objects to represent datetimes in UTC: datetime.datetime.now(datetime.UTC).
[2026-06-08 17:51:15] backend.server INFO [pipeline]   "generated_at_utc": datetime.utcnow().isoformat() + "Z",
[2026-06-08 17:51:15] backend.server INFO [pipeline] Projected league tables saved: C:\CS-Projects\BeyondTheStats\Soccer-Result-Predictor\Beyond-the-Stats\MLS\Data\Predictions\projected_league_tables.csv
[2026-06-08 17:51:15] backend.server INFO [pipeline] Predicted remaining matches saved: C:\CS-Projects\BeyondTheStats\Soccer-Result-Predictor\Beyond-the-Stats\MLS\Data\Predictions\projected_future_matches.csv
[2026-06-08 17:51:15] backend.server INFO [pipeline] Predicted MLS playoff bracket saved: C:\CS-Projects\BeyondTheStats\Soccer-Result-Predictor\Beyond-the-Stats\MLS\Data\Predictions\projected_mls_playoff_bracket.json
[2026-06-08 17:51:46] backend.server INFO [pipeline] No upcoming matchweek fixtures returned by API or raw CSVs.
[2026-06-08 17:52:08] backend.server INFO [pipeline] Projected league tables saved: C:\CS-Projects\BeyondTheStats\Soccer-Result-Predictor\Beyond-the-Stats\Data\Predictions\projected_league_tables.csv
[2026-06-08 17:52:08] backend.server INFO [pipeline] Predicted remaining matches saved: C:\CS-Projects\BeyondTheStats\Soccer-Result-Predictor\Beyond-the-Stats\Data\Predictions\projected_future_matches.csv
[2026-06-08 17:52:33] backend.server INFO [pipeline] =====================================================================
[2026-06-08 17:52:33] backend.server INFO [pipeline] STARTING CUP PREDICTION PIPELINE
[2026-06-08 17:52:33] backend.server INFO [pipeline] =====================================================================
[2026-06-08 17:52:33] backend.server INFO [pipeline] 
[2026-06-08 17:52:33] backend.server INFO [pipeline] [STEP 1/5] Skipping data refresh (using existing raw data).
[2026-06-08 17:52:33] backend.server INFO [pipeline] 
[2026-06-08 17:52:33] backend.server INFO [pipeline] [STEP 2/5] Loading upcoming fixtures from all sources...
[2026-06-08 17:52:33] backend.server INFO [pipeline] 
[2026-06-08 17:52:33] backend.server INFO [pipeline] --- Checking Source for: FA Cup (7-day fixture window) ---
[2026-06-08 17:52:33] backend.server INFO [pipeline] TheSportsDB: No events found for England/FA Cup
[2026-06-08 17:52:33] backend.server INFO [pipeline] 
[2026-06-08 17:52:33] backend.server INFO [pipeline] --- Checking Source for: Carabao Cup (5-day fixture window) ---
[2026-06-08 17:52:33] backend.server INFO [pipeline] TheSportsDB: No events found for England/League Cup
[2026-06-08 17:52:33] backend.server INFO [pipeline] 
[2026-06-08 17:52:33] backend.server INFO [pipeline] --- Checking Source for: UCL (5-day fixture window) ---
[2026-06-08 17:52:33] backend.server INFO [pipeline] TheSportsDB: No events found for UEFA/Champions League
[2026-06-08 17:52:33] backend.server INFO [pipeline] 
[2026-06-08 17:52:33] backend.server INFO [pipeline] --- Checking Source for: UEL (6-day fixture window) ---
[2026-06-08 17:52:33] backend.server INFO [pipeline] TheSportsDB: No events found for UEFA/Europa League
[2026-06-08 17:52:33] backend.server INFO [pipeline] 
[2026-06-08 17:52:33] backend.server INFO [pipeline] --- Checking Source for: UECL (6-day fixture window) ---
[2026-06-08 17:52:33] backend.server INFO [pipeline] TheSportsDB: No events found for UEFA/Conference League
[2026-06-08 17:52:33] backend.server INFO [pipeline] 
[2026-06-08 17:52:33] backend.server INFO [pipeline] --- Checking Source for: Coppa Italia (5-day fixture window) ---
[2026-06-08 17:52:33] backend.server INFO [pipeline] TheSportsDB: No events found for Italy/Coppa Italia
[2026-06-08 17:52:33] backend.server INFO [pipeline] 
[2026-06-08 17:52:33] backend.server INFO [pipeline] --- Checking Source for: Copa del Rey (5-day fixture window) ---
[2026-06-08 17:52:33] backend.server INFO [pipeline] TheSportsDB: No events found for Spain/Copa del Rey
[2026-06-08 17:52:33] backend.server INFO [pipeline] 
[2026-06-08 17:52:33] backend.server INFO [pipeline] --- Checking Source for: DFB-Pokal (6-day fixture window) ---
[2026-06-08 17:52:33] backend.server INFO [pipeline] TheSportsDB Germany/DFB-Pokal: First fixture 2026-08-22 anchors 6-day cutoff at 2026-08-28.
[2026-06-08 17:52:33] backend.server INFO [pipeline] TheSportsDB: Loaded 1 fixtures for Germany/DFB-Pokal
[2026-06-08 17:52:33] backend.server INFO [pipeline] SUCCESS: Loaded 1 fixtures for DFB-Pokal from TheSportsDB.
[2026-06-08 17:52:33] backend.server INFO [pipeline] 
[2026-06-08 17:52:33] backend.server INFO [pipeline] --- Checking Source for: Coupe de France (6-day fixture window) ---
[2026-06-08 17:52:33] backend.server INFO [pipeline] TheSportsDB: No events found for France/Coupe de France
[2026-06-08 17:52:33] backend.server INFO [pipeline] 
[2026-06-08 17:52:33] backend.server INFO [pipeline] [STEP 3/5] Building prediction context (Loading models and stats)...
[2026-06-08 17:52:33] backend.server INFO [pipeline] Building prediction context: Loading ML models and historical stats...
[2026-06-08 17:52:33] backend.server INFO [pipeline] 
[2026-06-08 17:52:33] backend.server INFO [pipeline] [STEP 4/5] Updating team mappings...
[2026-06-08 17:52:33] backend.server INFO [pipeline] 
[2026-06-08 17:52:33] backend.server INFO [pipeline] [STEP 5/5] Running predictions and saving results...
[2026-06-08 17:52:33] backend.server INFO [pipeline] 
[2026-06-08 17:52:33] backend.server INFO [pipeline] =====================================================================
[2026-06-08 17:52:33] backend.server INFO [pipeline] Traceback (most recent call last):
[2026-06-08 17:52:33] backend.server INFO [pipeline]   File "C:\CS-Projects\BeyondTheStats\Soccer-Result-Predictor\Beyond-the-Stats\files\Predict_Upcoming_Cups", line 1332, in <module>
[2026-06-08 17:52:33] backend.server INFO [pipeline]     main()
[2026-06-08 17:52:33] backend.server INFO [pipeline]     ~~~~^^
[2026-06-08 17:52:33] backend.server INFO [pipeline]   File "C:\CS-Projects\BeyondTheStats\Soccer-Result-Predictor\Beyond-the-Stats\files\Predict_Upcoming_Cups", line 1320, in main
[2026-06-08 17:52:33] backend.server INFO [pipeline]     print("\u2705 CUP PREDICTION PIPELINE FINISHED SUCCESSFULLY \u2705")
[2026-06-08 17:52:33] backend.server INFO [pipeline]     ~~~~~^^^^^^^^^^^^^^^^^^^^^^^^^^^^^^^^^^^^^^^^^^^^^^^^^^^^^^^
[2026-06-08 17:52:33] backend.server INFO [pipeline]   File "C:\Program Files\WindowsApps\PythonSoftwareFoundation.Python.3.13_3.13.3568.0_x64__qbz5n2kfra8p0\Lib\encodings\cp1252.py", line 19, in encode
[2026-06-08 17:52:33] backend.server INFO [pipeline]     return codecs.charmap_encode(input,self.errors,encoding_table)[0]
[2026-06-08 17:52:33] backend.server INFO [pipeline]            ~~~~~~~~~~~~~~~~~~~~~^^^^^^^^^^^^^^^^^^^^^^^^^^^^^^^^^^
[2026-06-08 17:52:33] backend.server INFO [pipeline] UnicodeEncodeError: 'charmap' codec can't encode character '\u2705' in position 0: character maps to <undefined>
[2026-06-08 17:57:09] backend.server INFO [pipeline] [TIMING] fetch_world_cup_team_names: 0.7s
[2026-06-08 17:57:09] backend.server INFO [pipeline] Loaded 211 rankings from all_team_rankings.json
[2026-06-08 17:57:09] backend.server INFO [pipeline] [TIMING] load_fifa_rankings: 0.0s
[2026-06-08 17:57:09] backend.server INFO [pipeline] [TIMING] load_squad_values: 0.0s
[2026-06-08 17:57:09] backend.server INFO [pipeline] Scanning ESPN FIFA/World Cup for recent national-team matches...
[2026-06-08 17:57:09] backend.server INFO [pipeline] Scanning ESPN FIFA/World Cup Qualifying - UEFA for recent national-team matches...
[2026-06-08 17:57:09] backend.server INFO [pipeline] Scanning ESPN FIFA/World Cup Qualifying - CONMEBOL for recent national-team matches...
[2026-06-08 17:57:09] backend.server INFO [pipeline] Scanning ESPN FIFA/World Cup Qualifying - CONCACAF for recent national-team matches...
[2026-06-08 17:57:09] backend.server INFO [pipeline] Scanning ESPN FIFA/Friendly for recent national-team matches...
[2026-06-08 17:57:09] backend.server INFO [pipeline] Scanning ESPN UEFA/European Championship for recent national-team matches...
[2026-06-08 17:57:09] backend.server INFO [pipeline] Scanning ESPN CONMEBOL/Copa America for recent national-team matches...
[2026-06-08 17:57:09] backend.server INFO [pipeline] Scanning ESPN CONCACAF/Gold Cup for recent national-team matches...
[2026-06-08 17:57:09] backend.server INFO [pipeline] Scanning ESPN CAF/Africa Cup of Nations for recent national-team matches...
[2026-06-08 17:57:09] backend.server INFO [pipeline] Scanning ESPN UEFA/Nations League for recent national-team matches...
[2026-06-08 17:57:09] backend.server INFO [pipeline] Scanning ESPN FIFA/World Cup Qualifying - AFC for recent national-team matches...
[2026-06-08 17:57:09] backend.server INFO [pipeline] [TIMING] fetch_recent_espn_matches: 272.2s (955 matches)
[2026-06-08 17:57:09] backend.server INFO [pipeline] [TIMING] build_team_context: 0.0s
[2026-06-08 17:57:09] backend.server INFO [pipeline] [TIMING] build_context_bundle (incl model train): 0.6s
[2026-06-08 17:57:09] backend.server INFO [pipeline] [TIMING] joblib.dump: 0.1s
[2026-06-08 17:57:09] backend.server INFO [pipeline] [TIMING] run_pipeline total: 273.7s
[2026-06-08 17:57:09] backend.server INFO [pipeline] 
[2026-06-08 17:57:09] backend.server INFO [pipeline] National-team current-context predictor generated
[2026-06-08 17:57:09] backend.server INFO [pipeline] Teams loaded: 48
[2026-06-08 17:57:09] backend.server INFO [pipeline] Recent ESPN matches loaded: 955
[2026-06-08 17:57:09] backend.server INFO [pipeline] Model type: sklearn
[2026-06-08 17:57:09] backend.server INFO [pipeline] Model backend: random-forest-cpu
[2026-06-08 17:57:09] backend.server INFO [pipeline] Training rows: 955 (min: 24)
[2026-06-08 17:57:09] backend.server INFO [pipeline] Train feature columns: 51
[2026-06-08 17:57:09] backend.server INFO [pipeline] Ranking source: api_or_file
[2026-06-08 17:57:09] backend.server INFO [pipeline] Squad value source: file
[2026-06-08 17:57:09] backend.server INFO [pipeline] Context data: C:\CS-Projects\BeyondTheStats\Soccer-Result-Predictor\Beyond-the-Stats\Data\National_Team_Data\national_team_recent_context.csv
[2026-06-08 17:57:09] backend.server INFO [pipeline] Model cache: C:\CS-Projects\BeyondTheStats\Soccer-Result-Predictor\Beyond-the-Stats\Data\National_Team_Data\national_team_model_cache.pkl
[2026-06-08 17:57:27] backend.server INFO [pipeline] Scheduling ESPN fixtures for FIFA/World Cup (fifa.world)
[2026-06-08 17:57:27] backend.server INFO [pipeline] 
[2026-06-08 17:57:27] backend.server INFO [pipeline] Upcoming national-team predictions generated
[2026-06-08 17:57:27] backend.server INFO [pipeline] Fixtures found: 107
[2026-06-08 17:57:27] backend.server INFO [pipeline] Predictions written: 107
[2026-06-08 17:57:27] backend.server INFO [pipeline] World Cup predictions currently in file: 104
[2026-06-08 17:57:27] backend.server INFO [pipeline] Skipped fixtures: 0
[2026-06-08 17:57:27] backend.server INFO [pipeline] Saved tracking file: C:\CS-Projects\BeyondTheStats\Soccer-Result-Predictor\Beyond-the-Stats\Data\Predictions\upcoming_national_team_predictions.csv
[2026-06-08 17:57:37] backend.server INFO [pipeline] Generating tournament simulations...
[2026-06-08 17:57:37] backend.server INFO [pipeline] Running 1000 tournament simulations...
[2026-06-08 17:57:37] backend.server INFO [pipeline]   Pre-cached 72 group fixtures.
[2026-06-08 17:57:37] backend.server INFO [pipeline]   Pre-cached 2256 knockout pair predictions.
[2026-06-08 17:57:37] backend.server INFO [pipeline]   Progress: 100/1000 simulations...
[2026-06-08 17:57:37] backend.server INFO [pipeline]   Progress: 200/1000 simulations...
[2026-06-08 17:57:37] backend.server INFO [pipeline]   Progress: 300/1000 simulations...
[2026-06-08 17:57:37] backend.server INFO [pipeline]   Progress: 400/1000 simulations...
[2026-06-08 17:57:37] backend.server INFO [pipeline]   Progress: 500/1000 simulations...
[2026-06-08 17:57:37] backend.server INFO [pipeline]   Progress: 600/1000 simulations...
[2026-06-08 17:57:37] backend.server INFO [pipeline]   Progress: 700/1000 simulations...
[2026-06-08 17:57:37] backend.server INFO [pipeline]   Progress: 800/1000 simulations...
[2026-06-08 17:57:37] backend.server INFO [pipeline]   Progress: 900/1000 simulations...
[2026-06-08 17:57:37] backend.server INFO [pipeline]   Progress: 1000/1000 simulations...
[2026-06-08 17:57:37] backend.server INFO [pipeline]   Completed 1000 successful simulations
[2026-06-08 17:57:37] backend.server INFO [pipeline] World Cup projection saved: C:\CS-Projects\BeyondTheStats\Soccer-Result-Predictor\Beyond-the-Stats\Data\Predictions\world_cup_projection.json
[2026-06-08 17:57:37] backend.server INFO [pipeline] Groups projected: 12
[2026-06-08 17:57:37] backend.server INFO [pipeline] Champion projection: Spain
[2026-06-08 17:57:38] backend.server INFO [pipeline] 
[2026-06-08 17:57:38] backend.server INFO [pipeline] === [extra] Download/process/sort latest data ===
[2026-06-08 17:57:38] backend.server INFO [pipeline] C:\Users\dylan\AppData\Local\Microsoft\WindowsApps\PythonSoftwareFoundation.Python.3.13_qbz5n2kfra8p0\python.exe C:\CS-Projects\BeyondTheStats\Soccer-Result-Predictor\Beyond-the-Stats\Extra-leagues\files\Download_Latest_Data.py
[2026-06-08 17:57:38] backend.server INFO [pipeline] [OK] [extra] Download/process/sort latest data (58.2s)
[2026-06-08 17:57:38] backend.server INFO [pipeline] 
[2026-06-08 17:57:38] backend.server INFO [pipeline] === [extra] Build model cache (non-interactive) ===
[2026-06-08 17:57:38] backend.server INFO [pipeline] C:\Users\dylan\AppData\Local\Microsoft\WindowsApps\PythonSoftwareFoundation.Python.3.13_qbz5n2kfra8p0\python.exe C:\CS-Projects\BeyondTheStats\Soccer-Result-Predictor\Beyond-the-Stats\Extra-leagues\files\Predict_Match.py
[2026-06-08 17:57:38] backend.server INFO [pipeline] [OK] [extra] Build model cache (non-interactive) (19.7s)
[2026-06-08 17:57:38] backend.server INFO [pipeline] 
[2026-06-08 17:57:38] backend.server INFO [pipeline] === [extra] Upcoming matchweek predictions ===
[2026-06-08 17:57:38] backend.server INFO [pipeline] C:\Users\dylan\AppData\Local\Microsoft\WindowsApps\PythonSoftwareFoundation.Python.3.13_qbz5n2kfra8p0\python.exe C:\CS-Projects\BeyondTheStats\Soccer-Result-Predictor\Beyond-the-Stats\Extra-leagues\files\Predict_Upcoming_Matchweek.py --window-days 3
[2026-06-08 17:57:38] backend.server INFO [pipeline] [OK] [extra] Upcoming matchweek predictions (3.3s)
[2026-06-08 17:57:38] backend.server INFO [pipeline] 
[2026-06-08 17:57:38] backend.server INFO [pipeline] === [extra] Projected league tables ===
[2026-06-08 17:57:38] backend.server INFO [pipeline] C:\Users\dylan\AppData\Local\Microsoft\WindowsApps\PythonSoftwareFoundation.Python.3.13_qbz5n2kfra8p0\python.exe C:\CS-Projects\BeyondTheStats\Soccer-Result-Predictor\Beyond-the-Stats\Extra-leagues\files\Project_League_Table.py --competition-workers 4
[2026-06-08 17:57:38] backend.server INFO [pipeline] [OK] [extra] Projected league tables (3.2s)
[2026-06-08 17:57:38] backend.server INFO [pipeline] 
[2026-06-08 17:57:38] backend.server INFO [pipeline] === [global] Download latest data ===
[2026-06-08 17:57:38] backend.server INFO [pipeline] C:\Users\dylan\AppData\Local\Microsoft\WindowsApps\PythonSoftwareFoundation.Python.3.13_qbz5n2kfra8p0\python.exe C:\CS-Projects\BeyondTheStats\Soccer-Result-Predictor\Beyond-the-Stats\files\Download_Latest_Data.py
[2026-06-08 17:57:38] backend.server INFO [pipeline] [OK] [global] Download latest data (131.1s)
[2026-06-08 17:57:38] backend.server INFO [pipeline] 
[2026-06-08 17:57:38] backend.server INFO [pipeline] === [global] Process data ===
[2026-06-08 17:57:38] backend.server INFO [pipeline] C:\Users\dylan\AppData\Local\Microsoft\WindowsApps\PythonSoftwareFoundation.Python.3.13_qbz5n2kfra8p0\python.exe C:\CS-Projects\BeyondTheStats\Soccer-Result-Predictor\Beyond-the-Stats\files\Process_Data.py
[2026-06-08 17:57:38] backend.server INFO [pipeline] [OK] [global] Process data (3.8s)
[2026-06-08 17:57:38] backend.server INFO [pipeline] 
[2026-06-08 17:57:38] backend.server INFO [pipeline] === [global] Sort data ===
[2026-06-08 17:57:38] backend.server INFO [pipeline] C:\Users\dylan\AppData\Local\Microsoft\WindowsApps\PythonSoftwareFoundation.Python.3.13_qbz5n2kfra8p0\python.exe C:\CS-Projects\BeyondTheStats\Soccer-Result-Predictor\Beyond-the-Stats\files\Sort_Data.py
[2026-06-08 17:57:38] backend.server INFO [pipeline] [OK] [global] Sort data (4.7s)
[2026-06-08 17:57:38] backend.server INFO [pipeline] 
[2026-06-08 17:57:38] backend.server INFO [pipeline] === [global] Build model cache (non-interactive) ===
[2026-06-08 17:57:38] backend.server INFO [pipeline] C:\Users\dylan\AppData\Local\Microsoft\WindowsApps\PythonSoftwareFoundation.Python.3.13_qbz5n2kfra8p0\python.exe C:\CS-Projects\BeyondTheStats\Soccer-Result-Predictor\Beyond-the-Stats\files\Predict_Match.py --build-cache-only
[2026-06-08 17:57:38] backend.server INFO [pipeline] [OK] [global] Build model cache (non-interactive) (26.8s)
[2026-06-08 17:57:38] backend.server INFO [pipeline] 
[2026-06-08 17:57:38] backend.server INFO [pipeline] === [global] Upcoming matchweek predictions ===
[2026-06-08 17:57:38] backend.server INFO [pipeline] C:\Users\dylan\AppData\Local\Microsoft\WindowsApps\PythonSoftwareFoundation.Python.3.13_qbz5n2kfra8p0\python.exe C:\CS-Projects\BeyondTheStats\Soccer-Result-Predictor\Beyond-the-Stats\files\Predict_Upcoming_Matchweek.py --window-days 3 --api-token f35c03c275474bbdbff0197ed691a041
[2026-06-08 17:57:38] backend.server INFO [pipeline] [OK] [global] Upcoming matchweek predictions (31.7s)
[2026-06-08 17:57:38] backend.server INFO [pipeline] 
[2026-06-08 17:57:38] backend.server INFO [pipeline] === [global] Projected league tables ===
[2026-06-08 17:57:38] backend.server INFO [pipeline] C:\Users\dylan\AppData\Local\Microsoft\WindowsApps\PythonSoftwareFoundation.Python.3.13_qbz5n2kfra8p0\python.exe C:\CS-Projects\BeyondTheStats\Soccer-Result-Predictor\Beyond-the-Stats\files\Project_League_Table.py --competition-workers 4
[2026-06-08 17:57:38] backend.server INFO [pipeline] [OK] [global] Projected league tables (21.4s)
[2026-06-08 17:57:38] backend.server INFO [pipeline] 
[2026-06-08 17:57:38] backend.server INFO [pipeline] === [global] Upcoming cup predictions ===
[2026-06-08 17:57:38] backend.server INFO [pipeline] C:\Users\dylan\AppData\Local\Microsoft\WindowsApps\PythonSoftwareFoundation.Python.3.13_qbz5n2kfra8p0\python.exe C:\CS-Projects\BeyondTheStats\Soccer-Result-Predictor\Beyond-the-Stats\files\Predict_Upcoming_Cups --window-days 3
[2026-06-08 17:57:38] backend.server INFO [pipeline] [ERROR] [global] Upcoming cup predictions failed with exit code 1 (after 25.9s)
[2026-06-08 17:57:38] backend.server INFO [pipeline] 
[2026-06-08 17:57:38] backend.server INFO [pipeline] === [global] National team World Cup model ===
[2026-06-08 17:57:38] backend.server INFO [pipeline] C:\Users\dylan\AppData\Local\Microsoft\WindowsApps\PythonSoftwareFoundation.Python.3.13_qbz5n2kfra8p0\python.exe C:\CS-Projects\BeyondTheStats\Soccer-Result-Predictor\Beyond-the-Stats\files\Process_National_Team_Data.py --world-cup-only
[2026-06-08 17:57:38] backend.server INFO [pipeline] [OK] [global] National team World Cup model (275.4s)
[2026-06-08 17:57:38] backend.server INFO [pipeline] 
[2026-06-08 17:57:38] backend.server INFO [pipeline] === [global] Upcoming World Cup predictions ===
[2026-06-08 17:57:38] backend.server INFO [pipeline] C:\Users\dylan\AppData\Local\Microsoft\WindowsApps\PythonSoftwareFoundation.Python.3.13_qbz5n2kfra8p0\python.exe C:\CS-Projects\BeyondTheStats\Soccer-Result-Predictor\Beyond-the-Stats\files\Predict_Upcoming_National_Team_Games.py --world-cup-only --window-days 90 --api-token f35c03c275474bbdbff0197ed691a041
[2026-06-08 17:57:38] backend.server INFO [pipeline] [OK] [global] Upcoming World Cup predictions (18.2s)
[2026-06-08 17:57:38] backend.server INFO [pipeline] 
[2026-06-08 17:57:38] backend.server INFO [pipeline] === [global] Projected World Cup groups and bracket ===
[2026-06-08 17:57:38] backend.server INFO [pipeline] C:\Users\dylan\AppData\Local\Microsoft\WindowsApps\PythonSoftwareFoundation.Python.3.13_qbz5n2kfra8p0\python.exe C:\CS-Projects\BeyondTheStats\Soccer-Result-Predictor\Beyond-the-Stats\files\Project_World_Cup.py --api-token f35c03c275474bbdbff0197ed691a041
[2026-06-08 17:57:38] backend.server INFO [pipeline] [OK] [global] Projected World Cup groups and bracket (10.3s)
[2026-06-08 17:57:38] backend.server INFO [pipeline] 
[2026-06-08 17:57:38] backend.server INFO [pipeline] === [mls] Download/process/sort latest data ===
[2026-06-08 17:57:38] backend.server INFO [pipeline] C:\Users\dylan\AppData\Local\Microsoft\WindowsApps\PythonSoftwareFoundation.Python.3.13_qbz5n2kfra8p0\python.exe C:\CS-Projects\BeyondTheStats\Soccer-Result-Predictor\Beyond-the-Stats\MLS\files\Download_Latest_Data.py
[2026-06-08 17:57:38] backend.server INFO [pipeline] [OK] [mls] Download/process/sort latest data (93.6s)
[2026-06-08 17:57:38] backend.server INFO [pipeline] 
[2026-06-08 17:57:38] backend.server INFO [pipeline] === [mls] Build model cache (non-interactive) ===
[2026-06-08 17:57:38] backend.server INFO [pipeline] C:\Users\dylan\AppData\Local\Microsoft\WindowsApps\PythonSoftwareFoundation.Python.3.13_qbz5n2kfra8p0\python.exe C:\CS-Projects\BeyondTheStats\Soccer-Result-Predictor\Beyond-the-Stats\MLS\files\Predict_Match.py
[2026-06-08 17:57:38] backend.server INFO [pipeline] [OK] [mls] Build model cache (non-interactive) (10.2s)
[2026-06-08 17:57:38] backend.server INFO [pipeline] 
[2026-06-08 17:57:38] backend.server INFO [pipeline] === [mls] Upcoming matchweek predictions ===
[2026-06-08 17:57:38] backend.server INFO [pipeline] C:\Users\dylan\AppData\Local\Microsoft\WindowsApps\PythonSoftwareFoundation.Python.3.13_qbz5n2kfra8p0\python.exe C:\CS-Projects\BeyondTheStats\Soccer-Result-Predictor\Beyond-the-Stats\MLS\files\Predict_Upcoming_Matchweek.py --window-days 3 --api-token f35c03c275474bbdbff0197ed691a041
[2026-06-08 17:57:38] backend.server INFO [pipeline] [OK] [mls] Upcoming matchweek predictions (11.1s)
[2026-06-08 17:57:38] backend.server INFO [pipeline] 
[2026-06-08 17:57:38] backend.server INFO [pipeline] === [mls] Projected league tables ===
[2026-06-08 17:57:38] backend.server INFO [pipeline] C:\Users\dylan\AppData\Local\Microsoft\WindowsApps\PythonSoftwareFoundation.Python.3.13_qbz5n2kfra8p0\python.exe C:\CS-Projects\BeyondTheStats\Soccer-Result-Predictor\Beyond-the-Stats\MLS\files\Project_League_Table.py --competition-workers 4
[2026-06-08 17:57:38] backend.server INFO [pipeline] [OK] [mls] Projected league tables (52.1s)
[2026-06-08 17:57:38] backend.server INFO [pipeline] Traceback (most recent call last):
[2026-06-08 17:57:38] backend.server INFO [pipeline]   File "C:\CS-Projects\BeyondTheStats\Soccer-Result-Predictor\Beyond-the-Stats\files\Update_Live_Prediction_Results.py", line 743, in <module>
[2026-06-08 17:57:38] backend.server INFO [pipeline]     main()
[2026-06-08 17:57:38] backend.server INFO [pipeline]     ~~~~^^
[2026-06-08 17:57:38] backend.server INFO [pipeline]   File "C:\CS-Projects\BeyondTheStats\Soccer-Result-Predictor\Beyond-the-Stats\files\Update_Live_Prediction_Results.py", line 655, in main
[2026-06-08 17:57:38] backend.server INFO [pipeline]     raise ValueError("No predictions CSV files found to update.")
[2026-06-08 17:57:38] backend.server INFO [pipeline] ValueError: No predictions CSV files found to update.
[2026-06-08 17:57:39] backend.server INFO [pipeline] Skipping cup Germany/DFB-Pokal: no ESPN cup mapping configured.
[2026-06-08 17:57:39] backend.server INFO [pipeline] Cup mapping auto-added: 0 (drift detected: 0)
[2026-06-08 17:57:39] backend.server INFO [pipeline] Cup predictions updated: 0
[2026-06-08 17:57:39] backend.server INFO [pipeline] Cup completed rows added to history: 0
[2026-06-08 17:57:39] backend.server INFO [pipeline] Cup completed rows removed from upcoming list: 0
[2026-06-08 17:57:39] backend.server INFO [pipeline] Cup totals entries added: 0
[2026-06-08 17:57:39] backend.server INFO [pipeline] Cup projected table rows written: 0
[2026-06-08 17:57:39] backend.server INFO [pipeline] Cup bracket sections written: 15
[2026-06-08 17:57:39] backend.server INFO [pipeline] Cup completed predictions file: C:\CS-Projects\BeyondTheStats\Soccer-Result-Predictor\Beyond-the-Stats\Data\Predictions\completed_cup_predictions.csv
[2026-06-08 17:57:39] backend.server INFO [pipeline] Cup projected tables file: C:\CS-Projects\BeyondTheStats\Soccer-Result-Predictor\Beyond-the-Stats\Data\Predictions\projected_cup_tables.csv
[2026-06-08 17:57:39] backend.server INFO [pipeline] Cup projected brackets file: C:\CS-Projects\BeyondTheStats\Soccer-Result-Predictor\Beyond-the-Stats\Data\Predictions\projected_cup_brackets.json
[2026-06-08 17:57:39] backend.server INFO [pipeline] Done.
[2026-06-08 17:57:40] backend.server INFO [pipeline] [startup] Accuracy history updated: global_files=0, global_new_rows=0, mls_files=0, mls_new_rows=0, extra_files=0, extra_new_rows=0, cup_files=0, cup_new_rows=0
[2026-06-08 18:36:48] backend.server INFO [backend] received signal 2 -- shutting down
[2026-06-08 18:36:48] backend.server INFO [pipeline] 
[2026-06-08 18:36:48] backend.server INFO [backend] shutting down
[2026-06-08 18:36:48] backend.server INFO [pipeline] ################################################################################
[2026-06-08 18:36:48] backend.server WARNING [pipeline] sending SIGTERM to pid 45260
[2026-06-08 18:36:48] backend.server INFO [pipeline]   PIPELINE RUN #1  -  2026-06-08T21:48:28+00:00
[2026-06-08 18:36:48] backend.server INFO [pipeline] ################################################################################
[2026-06-08 18:36:48] backend.server INFO [pipeline] 
[2026-06-08 18:36:48] backend.server INFO [pipeline] >>> Running 3 sub-pipelines in parallel (max_workers=3)
[2026-06-08 18:36:48] backend.server INFO [pipeline]   [OK] extra sub-pipeline finished
[2026-06-08 18:36:48] backend.server INFO [pipeline]   [OK] mls sub-pipeline finished
[2026-06-08 18:36:48] backend.server INFO [pipeline]   [OK] global sub-pipeline finished
[2026-06-08 18:36:48] backend.server INFO [pipeline] 
[2026-06-08 18:36:48] backend.server INFO [pipeline] >>> Running post-pipeline steps
[2026-06-08 18:36:48] backend.server INFO [pipeline] 
[2026-06-08 18:36:48] backend.server INFO [pipeline] === Settle predictions with live/final results ===
[2026-06-08 18:36:48] backend.server INFO [pipeline] C:\Users\dylan\AppData\Local\Microsoft\WindowsApps\PythonSoftwareFoundation.Python.3.13_qbz5n2kfra8p0\python.exe C:\CS-Projects\BeyondTheStats\Soccer-Result-Predictor\Beyond-the-Stats\files\Update_Live_Prediction_Results.py
[2026-06-08 18:36:48] backend.server INFO [pipeline] [ERROR] Settle predictions with live/final results failed with exit code 1 (after 0.6s)
[2026-06-08 18:36:48] backend.server INFO [pipeline] 
[2026-06-08 18:36:48] backend.server INFO [pipeline] === Track completed cup predictions and cup projections ===
[2026-06-08 18:36:48] backend.server INFO [pipeline] C:\Users\dylan\AppData\Local\Microsoft\WindowsApps\PythonSoftwareFoundation.Python.3.13_qbz5n2kfra8p0\python.exe C:\CS-Projects\BeyondTheStats\Soccer-Result-Predictor\Beyond-the-Stats\files\Track_Cup_Results.py
[2026-06-08 18:36:48] backend.server INFO [pipeline] [OK] Track completed cup predictions and cup projections (0.6s)
[2026-06-08 18:36:48] backend.server INFO [pipeline] 
[2026-06-08 18:36:48] backend.server INFO [pipeline] === Update website accuracy history ===
[2026-06-08 18:36:48] backend.server INFO [pipeline] C:\Users\dylan\AppData\Local\Microsoft\WindowsApps\PythonSoftwareFoundation.Python.3.13_qbz5n2kfra8p0\python.exe -c import importlib.util; p=r'Beyond-the-Stats/Website/app.py'; s=importlib.util.spec_from_file_location('webapp', p); m=importlib.util.module_from_spec(s); s.loader.exec_module(m); m.update_accuracy_history_files()
[2026-06-08 18:36:48] backend.server INFO [pipeline] [OK] Update website accuracy history (1.6s)
[2026-06-08 18:36:48] backend.server INFO [pipeline]   [TIMING] post-pipeline steps: 2.7s
[2026-06-08 18:36:48] backend.server INFO [pipeline] 
[2026-06-08 18:36:48] backend.server INFO [pipeline] [TIMING] full pipeline: 552.2s
[2026-06-08 18:36:48] backend.server INFO [pipeline] [OK] Mobile-app feed written: C:\CS-Projects\BeyondTheStats\Soccer-Result-Predictor\Beyond-the-Stats\Output\mobile_app_feed.json
[2026-06-08 18:36:48] backend.server INFO [pipeline] [OK] Output/europe: 16 file(s) published
[2026-06-08 18:36:48] backend.server INFO [pipeline] [OK] Output/other: 3 file(s) published
[2026-06-08 18:36:48] backend.server INFO [pipeline] [OK] Output/national: 2 file(s) published
[2026-06-08 18:36:48] backend.server INFO [pipeline] [OK] Output/combined: 1 file(s) published
[2026-06-08 18:36:48] backend.server INFO [pipeline] 
[2026-06-08 18:36:48] backend.server INFO [pipeline] [INFO] Next run in 24.00h. Press Ctrl-C to stop.
[2026-06-08 18:36:48] backend.server INFO [pipeline] 
[2026-06-08 18:36:48] backend.server INFO [pipeline] [INFO] Shutdown requested. Finishing current run, then exiting.
[2026-06-08 18:36:48] backend.server INFO [pipeline] [INFO] Daily pipeline exiting.
[2026-06-08 18:36:53] backend.server INFO [backend] received signal 2 -- shutting down
[2026-06-08 18:36:53] backend.server INFO [backend] shutdown complete
