home_games,home_win_rate,home_draw_rate,home_loss_rate,home_points_per_game,home_goals_for_per_game,home_goals_against_per_game,home_goal_diff_per_game,home_home_goals_for_per_game,home_home_goals_against_per_game,home_away_goals_for_per_game,home_away_goals_against_per_game,home_recent_points_per_game,home_recent_goals_for,home_recent_goals_against,home_elo,away_games,away_win_rate,away_draw_rate,away_loss_rate,away_points_per_game,away_goals_for_per_game,away_goals_against_per_game,away_goal_diff_per_game,away_home_goals_for_per_game,away_home_goals_against_per_game,away_away_goals_for_per_game,away_away_goals_against_per_game,away_recent_points_per_game,away_recent_goals_for,away_recent_goals_against,away_elo,games_diff,points_per_game_diff,goal_diff_per_game_diff,recent_points_per_game_diff,elo_diff,h2h_games,h2h_home_win_rate,h2h_draw_rate,h2h_goal_diff_per_game,is_world_cup,is_knockout,is_neutral_site,competition,stage,match_id,match_datetime_utc,match_date,home_team,away_team,FTHG,FTAG,FTR,home_shots,away_shots,home_sot,away_sot,source
0.0,0.0,0.0,0.0,0.0,0.0,0.0,0.0,0.0,0.0,0.0,0.0,0.0,0.0,0.0,1500.0,0.0,0.0,0.0,0.0,0.0,0.0,0.0,0.0,0.0,0.0,0.0,0.0,0.0,0.0,0.0,1500.0,0.0,0.0,0.0,0.0,0.0,0.0,0.0,0.0,0.0,1.0,0.0,1.0,FIFA/World Cup,group-stage,46457,2002-05-31T11:30:00+00:00,2002-05-31,France,Senegal,0,1,A,16.0,6.0,7.0,5.0,espn
0.0,0.0,0.0,0.0,0.0,0.0,0.0,0.0,0.0,0.0,0.0,0.0,0.0,0.0,0.0,1500.0,0.0,0.0,0.0,0.0,0.0,0.0,0.0,0.0,0.0,0.0,0.0,0.0,0.0,0.0,0.0,1500.0,0.0,0.0,0.0,0.0,0.0,0.0,0.0,0.0,0.0,1.0,0.0,1.0,FIFA/World Cup,group-stage,48811,2002-06-01T06:30:00+00:00,2002-06-01,Republic of Ireland,Cameroon,1,1,D,9.0,11.0,5.0,5.0,espn
0.0,0.0,0.0,0.0,0.0,0.0,0.0,0.0,0.0,0.0,0.0,0.0,0.0,0.0,0.0,1500.0,0.0,0.0,0.0,0.0,0.0,0.0,0.0,0.0,0.0,0.0,0.0,0.0,0.0,0.0,0.0,1500.0,0.0,0.0,0.0,0.0,0.0,0.0,0.0,0.0,0.0,1.0,0.0,1.0,FIFA/World Cup,group-stage,48812,2002-06-01T09:00:00+00:00,2002-06-01,Uruguay,Denmark,1,2,A,5.0,6.0,4.0,4.0,espn
0.0,0.0,0.0,0.0,0.0,0.0,0.0,0.0,0.0,0.0,0.0,0.0,0.0,0.0,0.0,1500.0,0.0,0.0,0.0,0.0,0.0,0.0,0.0,0.0,0.0,0.0,0.0,0.0,0.0,0.0,0.0,1500.0,0.0,0.0,0.0,0.0,0.0,0.0,0.0,0.0,0.0,1.0,0.0,1.0,FIFA/World Cup,group-stage,48278,2002-06-01T11:30:00+00:00,2002-06-01,Germany,Saudi Arabia,8,0,H,24.0,2.0,14.0,0.0,espn
0.0,0.0,0.0,0.0,0.0,0.0,0.0,0.0,0.0,0.0,0.0,0.0,0.0,0.0,0.0,1500.0,0.0,0.0,0.0,0.0,0.0,0.0,0.0,0.0,0.0,0.0,0.0,0.0,0.0,0.0,0.0,1500.0,0.0,0.0,0.0,0.0,0.0,0.0,0.0,0.0,0.0,1.0,0.0,1.0,FIFA/World Cup,group-stage,48813,2002-06-02T05:30:00+00:00,2002-06-02,Argentina,Nigeria,1,0,H,18.0,7.0,9.0,2.0,espn
0.0,0.0,0.0,0.0,0.0,0.0,0.0,0.0,0.0,0.0,0.0,0.0,0.0,0.0,0.0,1500.0,0.0,0.0,0.0,0.0,0.0,0.0,0.0,0.0,0.0,0.0,0.0,0.0,0.0,0.0,0.0,1500.0,0.0,0.0,0.0,0.0,0.0,0.0,0.0,0.0,0.0,1.0,0.0,1.0,FIFA/World Cup,group-stage,48814,2002-06-02T07:30:00+00:00,2002-06-02,Paraguay,South Africa,2,2,D,9.0,9.0,6.0,4.0,espn
0.0,0.0,0.0,0.0,0.0,0.0,0.0,0.0,0.0,0.0,0.0,0.0,0.0,0.0,0.0,1500.0,0.0,0.0,0.0,0.0,0.0,0.0,0.0,0.0,0.0,0.0,0.0,0.0,0.0,0.0,0.0,1500.0,0.0,0.0,0.0,0.0,0.0,0.0,0.0,0.0,0.0,1.0,0.0,1.0,FIFA/World Cup,group-stage,48815,2002-06-02T09:30:00+00:00,2002-06-02,England,Sweden,1,1,D,10.0,13.0,4.0,6.0,espn
0.0,0.0,0.0,0.0,0.0,0.0,0.0,0.0,0.0,0.0,0.0,0.0,0.0,0.0,0.0,1500.0,0.0,0.0,0.0,0.0,0.0,0.0,0.0,0.0,0.0,0.0,0.0,0.0,0.0,0.0,0.0,1500.0,0.0,0.0,0.0,0.0,0.0,0.0,0.0,0.0,0.0,1.0,0.0,1.0,FIFA/World Cup,group-stage,48816,2002-06-02T11:30:00+00:00,2002-06-02,Spain,Slovenia,3,1,H,13.0,10.0,7.0,3.0,espn
0.0,0.0,0.0,0.0,0.0,0.0,0.0,0.0,0.0,0.0,0.0,0.0,0.0,0.0,0.0,1500.0,0.0,0.0,0.0,0.0,0.0,0.0,0.0,0.0,0.0,0.0,0.0,0.0,0.0,0.0,0.0,1500.0,0.0,0.0,0.0,0.0,0.0,0.0,0.0,0.0,0.0,1.0,0.0,1.0,FIFA/World Cup,group-stage,48817,2002-06-03T06:30:00+00:00,2002-06-03,Croatia,Mexico,0,1,A,8.0,8.0,4.0,4.0,espn
0.0,0.0,0.0,0.0,0.0,0.0,0.0,0.0,0.0,0.0,0.0,0.0,0.0,0.0,0.0,1500.0,0.0,0.0,0.0,0.0,0.0,0.0,0.0,0.0,0.0,0.0,0.0,0.0,0.0,0.0,0.0,1500.0,0.0,0.0,0.0,0.0,0.0,0.0,0.0,0.0,0.0,1.0,0.0,1.0,FIFA/World Cup,group-stage,48818,2002-06-03T09:00:00+00:00,2002-06-03,Brazil,Türkiye,2,1,H,18.0,6.0,11.0,4.0,espn
0.0,0.0,0.0,0.0,0.0,0.0,0.0,0.0,0.0,0.0,0.0,0.0,0.0,0.0,0.0,1500.0,0.0,0.0,0.0,0.0,0.0,0.0,0.0,0.0,0.0,0.0,0.0,0.0,0.0,0.0,0.0,1500.0,0.0,0.0,0.0,0.0,0.0,0.0,0.0,0.0,0.0,1.0,0.0,1.0,FIFA/World Cup,group-stage,48819,2002-06-03T11:30:00+00:00,2002-06-03,Italy,Ecuador,2,0,H,13.0,8.0,8.0,4.0,espn
0.0,0.0,0.0,0.0,0.0,0.0,0.0,0.0,0.0,0.0,0.0,0.0,0.0,0.0,0.0,1500.0,0.0,0.0,0.0,0.0,0.0,0.0,0.0,0.0,0.0,0.0,0.0,0.0,0.0,0.0,0.0,1500.0,0.0,0.0,0.0,0.0,0.0,0.0,0.0,0.0,0.0,1.0,0.0,1.0,FIFA/World Cup,group-stage,48820,2002-06-04T06:30:00+00:00,2002-06-04,China,Costa Rica,0,2,A,6.0,11.0,3.0,5.0,espn
0.0,0.0,0.0,0.0,0.0,0.0,0.0,0.0,0.0,0.0,0.0,0.0,0.0,0.0,0.0,1500.0,0.0,0.0,0.0,0.0,0.0,0.0,0.0,0.0,0.0,0.0,0.0,0.0,0.0,0.0,0.0,1500.0,0.0,0.0,0.0,0.0,0.0,0.0,0.0,0.0,0.0,1.0,0.0,1.0,FIFA/World Cup,group-stage,48821,2002-06-04T09:00:00+00:00,2002-06-04,Japan,Belgium,2,2,D,8.0,9.0,4.0,6.0,espn
0.0,0.0,0.0,0.0,0.0,0.0,0.0,0.0,0.0,0.0,0.0,0.0,0.0,0.0,0.0,1500.0,0.0,0.0,0.0,0.0,0.0,0.0,0.0,0.0,0.0,0.0,0.0,0.0,0.0,0.0,0.0,1500.0,0.0,0.0,0.0,0.0,0.0,0.0,0.0,0.0,0.0,1.0,0.0,1.0,FIFA/World Cup,group-stage,48288,2002-06-04T11:30:00+00:00,2002-06-04,South Korea,Poland,2,0,H,14.0,8.0,8.0,2.0,espn
0.0,0.0,0.0,0.0,0.0,0.0,0.0,0.0,0.0,0.0,0.0,0.0,0.0,0.0,0.0,1500.0,0.0,0.0,0.0,0.0,0.0,0.0,0.0,0.0,0.0,0.0,0.0,0.0,0.0,0.0,0.0,1500.0,0.0,0.0,0.0,0.0,0.0,0.0,0.0,0.0,0.0,1.0,0.0,1.0,FIFA/World Cup,group-stage,48822,2002-06-05T06:30:00+00:00,2002-06-05,Russia,Tunisia,2,0,H,16.0,6.0,7.0,2.0,espn
0.0,0.0,0.0,0.0,0.0,0.0,0.0,0.0,0.0,0.0,0.0,0.0,0.0,0.0,0.0,1500.0,0.0,0.0,0.0,0.0,0.0,0.0,0.0,0.0,0.0,0.0,0.0,0.0,0.0,0.0,0.0,1500.0,0.0,0.0,0.0,0.0,0.0,0.0,0.0,0.0,0.0,1.0,0.0,1.0,FIFA/World Cup,group-stage,48823,2002-06-05T09:00:00+00:00,2002-06-05,United States,Portugal,3,2,H,12.0,13.0,7.0,1.0,espn
1.0,1.0,0.0,0.0,3.0,8.0,0.0,8.0,8.0,0.0,0.0,0.0,0.3,8.0,0.0,1523.606,1.0,0.0,1.0,0.0,1.0,1.0,1.0,0.0,1.0,1.0,0.0,0.0,0.1,1.0,1.0,1500.0,0.0,2.0,8.0,0.19999999999999998,23.605999999999995,0.0,0.0,0.0,0.0,1.0,0.0,1.0,FIFA/World Cup,group-stage,48824,2002-06-05T11:30:00+00:00,2002-06-05,Germany,Republic of Ireland,1,1,D,8.0,7.0,3.0,3.0,espn
1.0,1.0,0.0,0.0,3.0,2.0,1.0,1.0,0.0,0.0,2.0,1.0,0.3,2.0,1.0,1517.864,1.0,1.0,0.0,0.0,3.0,1.0,0.0,1.0,0.0,0.0,1.0,0.0,0.3,1.0,0.0,1517.864,0.0,0.0,0.0,0.0,0.0,0.0,0.0,0.0,0.0,1.0,0.0,1.0,FIFA/World Cup,group-stage,48825,2002-06-06T06:30:00+00:00,2002-06-06,Denmark,Senegal,1,1,D,3.0,13.0,2.0,7.0,espn
1.0,0.0,1.0,0.0,1.0,1.0,1.0,0.0,0.0,0.0,1.0,1.0,0.1,1.0,1.0,1500.0,1.0,0.0,0.0,1.0,0.0,0.0,8.0,-8.0,0.0,0.0,0.0,8.0,0.0,0.0,8.0,1476.394,0.0,1.0,8.0,0.1,23.605999999999995,0.0,0.0,0.0,0.0,1.0,0.0,1.0,FIFA/World Cup,group-stage,48826,2002-06-06T09:00:00+00:00,2002-06-06,Cameroon,Saudi Arabia,1,0,H,13.0,14.0,6.0,4.0,espn
1.0,0.0,0.0,1.0,0.0,0.0,1.0,-1.0,0.0,1.0,0.0,0.0,0.0,0.0,1.0,1482.136,1.0,0.0,0.0,1.0,0.0,1.0,2.0,-1.0,1.0,2.0,0.0,0.0,0.0,1.0,2.0,1482.136,0.0,0.0,0.0,0.0,0.0,0.0,0.0,0.0,0.0,1.0,0.0,1.0,FIFA/World Cup,group-stage,48827,2002-06-06T11:30:00+00:00,2002-06-06,France,Uruguay,0,0,D,13.0,11.0,7.0,8.0,espn
1.0,0.0,1.0,0.0,1.0,2.0,2.0,0.0,0.0,0.0,2.0,2.0,0.1,2.0,2.0,1500.0,1.0,0.0,0.0,1.0,0.0,1.0,3.0,-2.0,0.0,0.0,1.0,3.0,0.0,1.0,3.0,1480.222,0.0,1.0,2.0,0.1,19.77800000000002,0.0,0.0,0.0,0.0,1.0,0.0,1.0,FIFA/World Cup,group-stage,48831,2002-06-08T06:30:00+00:00,2002-06-08,South Africa,Slovenia,1,0,H,12.0,5.0,6.0,1.0,espn
1.0,1.0,0.0,0.0,3.0,2.0,0.0,2.0,2.0,0.0,0.0,0.0,0.3,2.0,0.0,1519.778,1.0,0.0,0.0,1.0,0.0,0.0,1.0,-1.0,0.0,1.0,0.0,0.0,0.0,0.0,1.0,1482.136,0.0,3.0,3.0,0.3,37.64200000000005,0.0,0.0,0.0,0.0,1.0,0.0,1.0,FIFA/World Cup,group-stage,48832,2002-06-08T09:00:00+00:00,2002-06-08,Italy,Croatia,1,2,A,9.0,10.0,6.0,7.0,espn
1.0,1.0,0.0,0.0,3.0,2.0,1.0,1.0,2.0,1.0,0.0,0.0,0.3,2.0,1.0,1517.864,1.0,0.0,0.0,1.0,0.0,0.0,2.0,-2.0,0.0,2.0,0.0,0.0,0.0,0.0,2.0,1480.222,0.0,3.0,3.0,0.3,37.64200000000005,0.0,0.0,0.0,0.0,1.0,0.0,1.0,FIFA/World Cup,group-stage,48833,2002-06-08T11:30:00+00:00,2002-06-08,Brazil,China,4,0,H,8.0,5.0,7.0,3.0,espn
1.0,1.0,0.0,0.0,3.0,1.0,0.0,1.0,0.0,0.0,1.0,0.0,0.3,1.0,0.0,1517.864,1.0,0.0,0.0,1.0,0.0,0.0,2.0,-2.0,0.0,0.0,0.0,2.0,0.0,0.0,2.0,1480.222,0.0,3.0,3.0,0.3,37.64200000000005,0.0,0.0,0.0,0.0,1.0,0.0,1.0,FIFA/World Cup,group-stage,48834,2002-06-09T06:30:00+00:00,2002-06-09,Mexico,Ecuador,2,1,H,12.0,7.0,7.0,4.0,espn
1.0,1.0,0.0,0.0,3.0,2.0,0.0,2.0,0.0,0.0,2.0,0.0,0.3,2.0,0.0,1519.778,1.0,0.0,0.0,1.0,0.0,1.0,2.0,-1.0,0.0,0.0,1.0,2.0,0.0,1.0,2.0,1482.136,0.0,3.0,3.0,0.3,37.64200000000005,0.0,0.0,0.0,0.0,1.0,0.0,1.0,FIFA/World Cup,group-stage,48835,2002-06-09T09:00:00+00:00,2002-06-09,Costa Rica,Türkiye,1,1,D,11.0,8.0,3.0,2.0,espn
1.0,0.0,1.0,0.0,1.0,2.0,2.0,0.0,2.0,2.0,0.0,0.0,0.1,2.0,2.0,1500.0,1.0,1.0,0.0,0.0,3.0,2.0,0.0,2.0,2.0,0.0,0.0,0.0,0.3,2.0,0.0,1519.778,0.0,-2.0,-2.0,-0.19999999999999998,-19.77800000000002,0.0,0.0,0.0,0.0,1.0,0.0,1.0,FIFA/World Cup,group-stage,48836,2002-06-09T11:30:00+00:00,2002-06-09,Japan,Russia,1,0,H,10.0,15.0,2.0,4.0,espn
1.0,1.0,0.0,0.0,3.0,2.0,0.0,2.0,2.0,0.0,0.0,0.0,0.3,2.0,0.0,1519.778,1.0,1.0,0.0,0.0,3.0,3.0,2.0,1.0,3.0,2.0,0.0,0.0,0.3,3.0,2.0,1517.864,0.0,0.0,1.0,0.0,1.9139999999999873,0.0,0.0,0.0,0.0,1.0,0.0,1.0,FIFA/World Cup,group-stage,48837,2002-06-10T06:30:00+00:00,2002-06-10,South Korea,United States,1,1,D,18.0,6.0,9.0,5.0,espn
1.0,0.0,0.0,1.0,0.0,0.0,2.0,-2.0,0.0,0.0,0.0,2.0,0.0,0.0,2.0,1480.222,1.0,0.0,1.0,0.0,1.0,2.0,2.0,0.0,0.0,0.0,2.0,2.0,0.1,2.0,2.0,1500.0,0.0,-1.0,-2.0,-0.1,-19.77800000000002,0.0,0.0,0.0,0.0,1.0,0.0,1.0,FIFA/World Cup,group-stage,48838,2002-06-10T09:00:00+00:00,2002-06-10,Tunisia,Belgium,1,1,D,9.0,9.0,3.0,3.0,espn
1.0,0.0,0.0,1.0,0.0,2.0,3.0,-1.0,0.0,0.0,2.0,3.0,0.0,2.0,3.0,1482.136,1.0,0.0,0.0,1.0,0.0,0.0,2.0,-2.0,0.0,0.0,0.0,2.0,0.0,0.0,2.0,1480.222,0.0,0.0,1.0,0.0,1.9139999999999873,0.0,0.0,0.0,0.0,1.0,0.0,1.0,FIFA/World Cup,group-stage,48839,2002-06-10T11:30:00+00:00,2002-06-10,Portugal,Poland,4,0,H,15.0,16.0,8.0,4.0,espn
2.0,0.5,0.5,0.0,2.0,1.5,1.0,0.5,1.0,1.0,2.0,1.0,0.4,1.5,1.0,1517.864,2.0,0.0,0.5,0.5,0.5,0.0,0.5,-0.5,0.0,0.5,0.0,0.0,0.1,0.0,0.5,1482.136,0.0,1.5,1.0,0.30000000000000004,35.728000000000065,0.0,0.0,0.0,0.0,1.0,0.0,1.0,FIFA/World Cup,group-stage,48840,2002-06-11T06:30:00+00:00,2002-06-11,Denmark,France,2,0,H,4.0,12.0,2.0,7.0,espn
2.0,0.5,0.5,0.0,2.0,1.0,0.5,0.5,0.0,0.0,1.0,0.5,0.4,1.0,0.5,1517.864,2.0,0.0,0.5,0.5,0.5,0.5,1.0,-0.5,1.0,2.0,0.0,0.0,0.1,0.5,1.0,1482.136,0.0,1.5,1.0,0.30000000000000004,35.728000000000065,0.0,0.0,0.0,0.0,1.0,0.0,1.0,FIFA/World Cup,group-stage,48841,2002-06-11T06:30:00+00:00,2002-06-11,Senegal,Uruguay,3,3,D,5.0,15.0,3.0,5.0,espn
2.0,0.5,0.5,0.0,2.0,1.0,0.5,0.5,1.0,0.0,1.0,1.0,0.4,1.0,0.5,1516.652,2.0,0.5,0.5,0.0,2.0,4.5,0.5,4.0,4.5,0.5,0.0,0.0,0.4,4.5,0.5,1522.394,0.0,0.0,-3.5,0.0,-5.741999999999962,0.0,0.0,0.0,0.0,1.0,0.0,1.0,FIFA/World Cup,group-stage,48842,2002-06-11T11:30:00+00:00,2002-06-11,Cameroon,Germany,0,2,A,7.0,11.0,5.0,5.0,espn
2.0,0.0,0.0,1.0,0.0,0.0,4.5,-4.5,0.0,0.0,0.0,4.5,0.0,0.0,4.5,1459.742,2.0,0.0,1.0,0.0,1.0,1.0,1.0,0.0,1.0,1.0,1.0,1.0,0.2,1.0,1.0,1501.212,0.0,-1.0,-4.5,-0.2,-41.47000000000003,0.0,0.0,0.0,0.0,1.0,0.0,1.0,FIFA/World Cup,group-stage,48843,2002-06-11T11:30:00+00:00,2002-06-11,Saudi Arabia,Republic of Ireland,0,3,A,9.0,9.0,5.0,5.0,espn
1.0,0.0,0.0,1.0,0.0,0.0,1.0,-1.0,0.0,0.0,0.0,1.0,0.0,0.0,1.0,1482.136,1.0,0.0,1.0,0.0,1.0,1.0,1.0,0.0,1.0,1.0,0.0,0.0,0.1,1.0,1.0,1500.0,0.0,-1.0,-1.0,-0.1,-17.864000000000033,0.0,0.0,0.0,0.0,1.0,0.0,1.0,FIFA/World Cup,group-stage,48845,2002-06-12T06:30:00+00:00,2002-06-12,Nigeria,England,0,0,D,10.0,18.0,5.0,6.0,espn
1.0,0.0,1.0,0.0,1.0,1.0,1.0,0.0,0.0,0.0,1.0,1.0,0.1,1.0,1.0,1500.0,1.0,1.0,0.0,0.0,3.0,1.0,0.0,1.0,1.0,0.0,0.0,0.0,0.3,1.0,0.0,1517.864,0.0,-2.0,-1.0,-0.19999999999999998,-17.864000000000033,0.0,0.0,0.0,0.0,1.0,0.0,1.0,FIFA/World Cup,group-stage,48844,2002-06-12T06:30:00+00:00,2002-06-12,Sweden,Argentina,1,1,D,5.0,15.0,3.0,3.0,espn
2.0,0.0,0.0,1.0,0.0,0.5,2.0,-1.5,0.0,0.0,0.5,2.0,0.0,0.5,2.0,1463.374,1.0,0.0,1.0,0.0,1.0,2.0,2.0,0.0,2.0,2.0,0.0,0.0,0.1,2.0,2.0,1500.0,1.0,-1.0,-1.5,-0.1,-36.625999999999976,0.0,0.0,0.0,0.0,1.0,0.0,1.0,FIFA/World Cup,group-stage,48847,2002-06-12T11:30:00+00:00,2002-06-12,Slovenia,Paraguay,1,3,A,19.0,21.0,13.0,12.0,espn
2.0,0.5,0.5,0.0,2.0,1.5,1.0,0.5,1.0,0.0,2.0,2.0,0.4,1.5,1.0,1516.848,1.0,1.0,0.0,0.0,3.0,3.0,1.0,2.0,3.0,1.0,0.0,0.0,0.3,3.0,1.0,1519.778,1.0,-1.0,-1.5,0.10000000000000003,-2.9300000000000637,0.0,0.0,0.0,0.0,1.0,0.0,1.0,FIFA/World Cup,group-stage,48846,2002-06-12T11:30:00+00:00,2002-06-12,South Africa,Spain,2,3,A,7.0,11.0,3.0,7.0,espn
2.0,0.5,0.5,0.0,2.0,1.5,0.5,1.0,1.0,1.0,2.0,0.0,0.4,1.5,0.5,1517.85,2.0,1.0,0.0,0.0,3.0,3.0,0.5,2.5,3.0,0.5,0.0,0.0,0.6,3.0,0.5,1538.922,0.0,-1.0,-1.5,-0.19999999999999996,-21.072000000000116,0.0,0.0,0.0,0.0,1.0,0.0,1.0,FIFA/World Cup,group-stage,48848,2002-06-13T06:30:00+00:00,2002-06-13,Costa Rica,Brazil,2,5,A,17.0,13.0,9.0,8.0,espn
2.0,0.0,0.5,0.5,0.5,1.0,1.5,-0.5,0.0,0.0,1.0,1.5,0.1,1.0,1.5,1484.064,2.0,0.0,0.0,1.0,0.0,0.0,3.0,-3.0,0.0,2.0,0.0,4.0,0.0,0.0,3.0,1459.164,0.0,0.5,2.5,0.1,24.90000000000009,0.0,0.0,0.0,0.0,1.0,0.0,1.0,FIFA/World Cup,group-stage,48849,2002-06-13T06:30:00+00:00,2002-06-13,Türkiye,China,3,0,H,17.0,5.0,9.0,3.0,espn
2.0,0.0,0.0,1.0,0.0,0.5,2.0,-1.5,0.0,0.0,0.5,2.0,0.0,0.5,2.0,1464.286,2.0,0.5,0.0,0.5,1.5,1.0,1.0,0.0,0.0,1.0,2.0,1.0,0.3,1.0,1.0,1501.928,0.0,-1.5,-1.5,-0.3,-37.64200000000005,0.0,0.0,0.0,0.0,1.0,0.0,1.0,FIFA/World Cup,group-stage,48851,2002-06-13T11:30:00+00:00,2002-06-13,Ecuador,Croatia,1,0,H,8.0,10.0,4.0,3.0,espn
2.0,1.0,0.0,0.0,3.0,1.5,0.5,1.0,2.0,1.0,1.0,0.0,0.6,1.5,0.5,1533.8,2.0,0.5,0.0,0.5,1.5,1.5,1.0,0.5,1.5,1.0,0.0,0.0,0.3,1.5,1.0,1499.986,0.0,1.5,0.5,0.3,33.81399999999985,0.0,0.0,0.0,0.0,1.0,0.0,1.0,FIFA/World Cup,group-stage,48850,2002-06-13T11:30:00+00:00,2002-06-13,Mexico,Italy,1,1,D,9.0,13.0,2.0,5.0,espn
2.0,0.0,1.0,0.0,1.0,1.0,1.0,0.0,1.0,1.0,1.0,1.0,0.2,1.0,1.0,1500.918,3.0,0.3333333333333333,0.6666666666666666,0.0,1.6666666666666667,1.6666666666666667,1.3333333333333333,0.3333333333333333,3.0,3.0,1.0,0.5,0.5,1.6666666666666667,1.3333333333333333,1516.033,-1.0,-0.6666666666666667,-0.3333333333333333,-0.3,-15.115000000000009,0.0,0.0,0.0,0.0,1.0,1.0,1.0,FIFA/World Cup,second-round,48887,2002-06-16T06:30:00+00:00,2002-06-16,Sweden,Senegal,1,2,A,13.0,21.0,9.0,5.0,espn
2.0,1.0,0.0,0.0,3.0,3.0,1.5,1.5,3.0,1.0,3.0,2.0,0.6,3.0,1.5,1537.491,3.0,0.3333333333333333,0.6666666666666666,0.0,1.6666666666666667,1.6666666666666667,0.6666666666666666,1.0,1.0,1.0,2.0,0.5,0.5,1.6666666666666667,0.6666666666666666,1520.327,-1.0,1.3333333333333333,0.5,0.09999999999999998,17.163999999999987,0.0,0.0,0.0,0.0,1.0,1.0,1.0,FIFA/World Cup,second-round,48888,2002-06-16T11:30:00+00:00,2002-06-16,Spain,Republic of Ireland,1,1,H,11.0,17.0,5.0,4.0,espn
3.0,0.6666666666666666,0.3333333333333333,0.0,2.3333333333333335,1.3333333333333333,0.6666666666666666,0.6666666666666666,1.5,1.0,1.0,0.0,0.7,1.3333333333333333,0.6666666666666666,1532.067,2.0,0.5,0.5,0.0,2.0,2.0,1.5,0.5,3.0,2.0,1.0,1.0,0.4,2.0,1.5,1517.962,1.0,0.3333333333333335,0.16666666666666663,0.29999999999999993,14.105000000000018,0.0,0.0,0.0,0.0,1.0,1.0,1.0,FIFA/World Cup,second-round,48889,2002-06-17T06:30:00+00:00,2002-06-17,Mexico,United States,0,2,A,11.0,9.0,6.0,5.0,espn
3.0,1.0,0.0,0.0,3.0,3.6666666666666665,1.0,2.6666666666666665,3.0,0.5,5.0,2.0,0.9,3.6666666666666665,1.0,1559.3,2.0,0.0,1.0,0.0,1.0,1.5,1.5,0.0,0.0,0.0,1.5,1.5,0.2,1.5,1.5,1498.984,1.0,2.0,2.6666666666666665,0.7,60.31600000000003,0.0,0.0,0.0,0.0,1.0,1.0,1.0,FIFA/World Cup,second-round,48890,2002-06-17T11:30:00+00:00,2002-06-17,Brazil,Belgium,2,0,H,13.0,13.0,4.0,5.0,espn
2.0,0.5,0.5,0.0,2.0,1.5,1.0,0.5,1.5,1.0,0.0,0.0,0.4,1.5,1.0,1518.88,3.0,0.3333333333333333,0.3333333333333333,0.3333333333333333,1.3333333333333333,1.6666666666666667,1.0,0.6666666666666666,3.0,0.0,1.0,1.5,0.4,1.6666666666666667,1.0,1504.204,-1.0,0.6666666666666667,-0.16666666666666663,0.0,14.676000000000158,0.0,0.0,0.0,0.0,1.0,1.0,1.0,FIFA/World Cup,second-round,48891,2002-06-18T06:30:00+00:00,2002-06-18,Japan,Türkiye,0,1,A,7.0,8.0,4.0,5.0,espn
2.0,0.5,0.5,0.0,2.0,1.5,0.5,1.0,1.5,0.5,0.0,0.0,0.4,1.5,0.5,1519.68,3.0,0.3333333333333333,0.3333333333333333,0.3333333333333333,1.3333333333333333,1.3333333333333333,1.0,0.3333333333333333,1.5,1.0,1.0,1.0,0.4,1.3333333333333333,1.0,1501.719,-1.0,0.6666666666666667,0.6666666666666667,0.0,17.961000000000013,0.0,0.0,0.0,0.0,1.0,1.0,1.0,FIFA/World Cup,second-round,48892,2002-06-18T11:30:00+00:00,2002-06-18,South Korea,Italy,2,1,H,11.0,14.0,7.0,6.0,espn
4.0,1.0,0.0,0.0,3.0,3.25,0.75,2.5,2.6666666666666665,0.3333333333333333,5.0,2.0,1.2,3.25,0.75,1575.679,2.0,0.0,1.0,0.0,1.0,0.5,0.5,0.0,1.0,1.0,0.0,0.0,0.2,0.5,0.5,1499.082,2.0,2.0,2.5,1.0,76.59699999999998,0.0,0.0,0.0,0.0,1.0,1.0,1.0,FIFA/World Cup,quarter-finals,48864,2002-06-21T06:30:00+00:00,2002-06-21,Brazil,England,2,1,H,8.0,7.0,4.0,3.0,espn
3.0,0.6666666666666666,0.3333333333333333,0.0,2.3333333333333335,3.6666666666666665,0.3333333333333333,3.3333333333333335,4.5,0.5,2.0,0.0,0.7,3.6666666666666665,0.3333333333333333,1541.845,3.0,0.6666666666666666,0.3333333333333333,0.0,2.3333333333333335,2.0,1.0,1.0,3.0,2.0,1.5,0.5,0.7,2.0,1.0,1538.542,0.0,0.0,2.3333333333333335,0.0,3.303000000000111,0.0,0.0,0.0,0.0,1.0,1.0,1.0,FIFA/World Cup,quarter-finals,48865,2002-06-21T11:30:00+00:00,2002-06-21,Germany,United States,1,0,H,6.0,11.0,2.0,6.0,espn
3.0,0.6666666666666666,0.3333333333333333,0.0,2.3333333333333335,1.6666666666666667,0.6666666666666666,1.0,1.6666666666666667,0.6666666666666666,0.0,0.0,0.7,1.6666666666666667,0.6666666666666666,1536.621,3.0,1.0,0.0,0.0,3.0,2.3333333333333335,1.3333333333333333,1.0,2.0,1.0,3.0,2.0,0.9,2.3333333333333335,1.3333333333333333,1554.473,0.0,-0.6666666666666665,0.0,-0.20000000000000007,-17.85199999999986,0.0,0.0,0.0,0.0,1.0,1.0,1.0,FIFA/World Cup,quarter-finals,48866,2002-06-22T06:30:00+00:00,2002-06-22,South Korea,Spain,0,0,H,8.0,18.0,3.0,8.0,espn
4.0,0.5,0.5,0.0,2.0,1.75,1.25,0.5,3.0,3.0,1.3333333333333333,0.6666666666666666,0.8,1.75,1.25,1533.12,4.0,0.5,0.25,0.25,1.75,1.5,0.75,0.75,3.0,0.0,1.0,1.0,0.7,1.5,0.75,1522.822,0.0,0.25,-0.25,0.10000000000000009,10.298000000000002,0.0,0.0,0.0,0.0,1.0,1.0,1.0,FIFA/World Cup,quarter-finals,48867,2002-06-22T11:30:00+00:00,2002-06-22,Senegal,Türkiye,0,1,A,9.0,6.0,3.0,3.0,espn
4.0,0.75,0.25,0.0,2.5,1.25,0.5,0.75,1.25,0.5,0.0,0.0,1.0,1.25,0.5,1555.402,4.0,0.75,0.25,0.0,2.5,3.0,0.25,2.75,3.3333333333333335,0.3333333333333333,2.0,0.0,1.0,3.0,0.25,1559.539,0.0,0.0,-2.0,0.0,-4.136999999999944,0.0,0.0,0.0,0.0,1.0,1.0,1.0,FIFA/World Cup,semi-finals,48869,2002-06-25T11:30:00+00:00,2002-06-25,South Korea,Germany,0,1,A,6.0,15.0,3.0,6.0,espn
5.0,1.0,0.0,0.0,3.0,3.0,0.8,2.2,2.5,0.5,5.0,2.0,1.5,3.0,0.8,1589.667,5.0,0.6,0.2,0.2,2.0,1.4,0.6,0.8,3.0,0.0,1.0,0.75,1.0,1.4,0.6,1541.215,0.0,1.0,1.4000000000000001,0.5,48.452,1.0,1.0,0.0,1.0,1.0,1.0,1.0,FIFA/World Cup,semi-finals,48868,2002-06-26T11:30:00+00:00,2002-06-26,Brazil,Türkiye,1,0,H,19.0,12.0,12.0,5.0,espn
5.0,0.8,0.2,0.0,2.6,2.6,0.2,2.4,3.3333333333333335,0.3333333333333333,1.5,0.0,1.3,2.6,0.2,1577.19,6.0,1.0,0.0,0.0,3.0,2.6666666666666665,0.6666666666666666,2.0,2.2,0.4,5.0,2.0,1.8,2.6666666666666665,0.6666666666666666,1605.056,-1.0,-0.3999999999999999,0.3999999999999999,-0.5,-27.865999999999985,0.0,0.0,0.0,0.0,1.0,1.0,1.0,FIFA/World Cup,final,48871,2002-06-30T11:00:00+00:00,2002-06-30,Germany,Brazil,0,2,A,11.0,9.0,4.0,7.0,espn
2.0,0.5,0.0,0.5,1.5,3.0,1.5,1.5,4.0,0.0,2.0,3.0,0.3,3.0,1.5,1505.612,0.0,0.0,0.0,0.0,0.0,0.0,0.0,0.0,0.0,0.0,0.0,0.0,0.0,0.0,0.0,1500.0,2.0,1.5,1.5,0.3,5.61200000000008,0.0,0.0,0.0,0.0,0.0,0.0,1.0,UEFA/European Championship,group-stage,150273,2004-06-12T16:00:00+00:00,2004-06-12,Portugal,Greece,1,2,A,18.0,5.0,8.0,3.0,espn
4.0,0.75,0.0,0.25,2.25,1.75,1.0,0.75,2.0,1.0,1.5,1.0,0.9,1.75,1.0,1535.692,2.0,0.5,0.0,0.5,1.5,1.0,0.5,0.5,2.0,0.0,0.0,1.0,0.3,1.0,0.5,1500.898,2.0,0.75,0.25,0.6000000000000001,34.794000000000096,0.0,0.0,0.0,0.0,0.0,0.0,1.0,UEFA/European Championship,group-stage,150274,2004-06-12T18:45:00+00:00,2004-06-12,Spain,Russia,1,0,H,16.0,8.0,8.0,5.0,espn
0.0,0.0,0.0,0.0,0.0,0.0,0.0,0.0,0.0,0.0,0.0,0.0,0.0,0.0,0.0,1500.0,3.0,0.3333333333333333,0.0,0.6666666666666666,1.0,0.6666666666666666,1.0,-0.3333333333333333,0.0,1.0,1.0,1.0,0.3,0.6666666666666666,1.0,1482.136,-3.0,-1.0,0.3333333333333333,-0.3,17.864000000000033,0.0,0.0,0.0,0.0,0.0,0.0,1.0,UEFA/European Championship,group-stage,150275,2004-06-13T16:00:00+00:00,2004-06-13,Switzerland,Croatia,0,0,D,10.0,18.0,6.0,7.0,espn
3.0,0.0,0.3333333333333333,0.6666666666666666,0.3333333333333333,0.0,1.0,-1.0,0.0,0.5,0.0,2.0,0.1,0.0,1.0,1464.385,3.0,0.0,0.6666666666666666,0.3333333333333333,0.6666666666666666,0.6666666666666666,1.0,-0.3333333333333333,1.0,1.0,0.5,1.0,0.2,0.6666666666666666,1.0,1485.094,0.0,-0.3333333333333333,-0.6666666666666667,-0.1,-20.70900000000006,0.0,0.0,0.0,0.0,0.0,0.0,1.0,UEFA/European Championship,group-stage,150276,2004-06-13T18:45:00+00:00,2004-06-13,France,England,2,1,H,16.0,6.0,6.0,2.0,espn
3.0,0.6666666666666666,0.3333333333333333,0.0,2.3333333333333335,1.6666666666666667,0.6666666666666666,1.0,1.5,0.5,2.0,1.0,0.7,1.6666666666666667,0.6666666666666666,1535.615,4.0,0.25,0.25,0.5,1.0,1.25,1.25,0.0,1.5,1.0,1.0,1.5,0.4,1.25,1.25,1484.778,-1.0,1.3333333333333335,1.0,0.29999999999999993,50.83699999999999,0.0,0.0,0.0,0.0,0.0,0.0,1.0,UEFA/European Championship,group-stage,150277,2004-06-14T16:00:00+00:00,2004-06-14,Denmark,Italy,0,0,D,10.0,8.0,9.0,4.0,espn
3.0,0.0,0.6666666666666666,0.3333333333333333,0.6666666666666666,1.0,1.3333333333333333,-0.3333333333333333,1.0,1.5,1.0,1.0,0.2,1.0,1.3333333333333333,1483.831,0.0,0.0,0.0,0.0,0.0,0.0,0.0,0.0,0.0,0.0,0.0,0.0,0.0,0.0,0.0,1500.0,3.0,0.6666666666666666,-0.3333333333333333,0.2,-16.169000000000096,0.0,0.0,0.0,0.0,0.0,0.0,1.0,UEFA/European Championship,group-stage,150278,2004-06-14T18:45:00+00:00,2004-06-14,Sweden,Bulgaria,5,0,H,15.0,11.0,9.0,2.0,espn
0.0,0.0,0.0,0.0,0.0,0.0,0.0,0.0,0.0,0.0,0.0,0.0,0.0,0.0,0.0,1500.0,0.0,0.0,0.0,0.0,0.0,0.0,0.0,0.0,0.0,0.0,0.0,0.0,0.0,0.0,0.0,1500.0,0.0,0.0,0.0,0.0,0.0,0.0,0.0,0.0,0.0,0.0,0.0,1.0,UEFA/European Championship,group-stage,150280,2004-06-15T16:00:00+00:00,2004-06-15,Czechia,Latvia,2,1,H,24.0,6.0,9.0,2.0,espn
6.0,0.6666666666666666,0.16666666666666666,0.16666666666666666,2.1666666666666665,2.1666666666666665,0.5,1.6666666666666667,2.5,0.75,1.5,0.0,1.3,2.1666666666666665,0.5,1558.995,0.0,0.0,0.0,0.0,0.0,0.0,0.0,0.0,0.0,0.0,0.0,0.0,0.0,0.0,0.0,1500.0,6.0,2.1666666666666665,1.6666666666666667,1.3,58.99499999999989,0.0,0.0,0.0,0.0,0.0,0.0,1.0,UEFA/European Championship,group-stage,150279,2004-06-15T18:45:00+00:00,2004-06-15,Germany,Netherlands,1,1,D,14.0,16.0,6.0,8.0,espn
1.0,1.0,0.0,0.0,3.0,2.0,1.0,1.0,0.0,0.0,2.0,1.0,0.3,2.0,1.0,1515.023,5.0,0.8,0.0,0.2,2.4,1.6,0.8,0.8,1.6666666666666667,0.6666666666666666,1.5,1.0,1.2,1.6,0.8,1549.0,-4.0,0.6000000000000001,0.19999999999999996,-0.8999999999999999,-33.97700000000009,0.0,0.0,0.0,0.0,0.0,0.0,1.0,UEFA/European Championship,group-stage,150281,2004-06-16T16:00:00+00:00,2004-06-16,Greece,Spain,1,1,D,7.0,13.0,4.0,6.0,espn
3.0,0.3333333333333333,0.0,0.6666666666666666,1.0,0.6666666666666666,0.6666666666666666,0.0,2.0,0.0,0.0,1.0,0.3,0.6666666666666666,0.6666666666666666,1487.59,3.0,0.3333333333333333,0.0,0.6666666666666666,1.0,2.3333333333333335,1.6666666666666667,0.6666666666666666,2.5,1.0,2.0,3.0,0.3,2.3333333333333335,1.6666666666666667,1490.589,0.0,0.0,-0.6666666666666666,0.0,-2.9990000000000236,0.0,0.0,0.0,0.0,0.0,0.0,1.0,UEFA/European Championship,group-stage,150282,2004-06-16T18:45:00+00:00,2004-06-16,Russia,Portugal,0,2,A,7.0,14.0,3.0,7.0,espn
4.0,0.0,0.5,0.5,0.5,0.75,1.25,-0.5,1.0,1.0,0.6666666666666666,1.3333333333333333,0.2,0.75,1.25,1469.43,1.0,0.0,1.0,0.0,1.0,0.0,0.0,0.0,0.0,0.0,0.0,0.0,0.1,0.0,0.0,1499.241,3.0,-0.5,-0.5,0.1,-29.810999999999922,0.0,0.0,0.0,0.0,0.0,0.0,1.0,UEFA/European Championship,group-stage,150283,2004-06-17T16:00:00+00:00,2004-06-17,England,Switzerland,3,0,H,10.0,11.0,5.0,4.0,espn
4.0,0.25,0.25,0.5,1.0,0.5,0.75,-0.25,0.0,1.0,0.6666666666666666,0.6666666666666666,0.4,0.5,0.75,1482.895,4.0,0.25,0.25,0.5,1.0,0.5,1.0,-0.5,0.6666666666666666,0.6666666666666666,0.0,2.0,0.4,0.5,1.0,1480.049,0.0,0.0,0.25,0.0,2.8460000000000036,0.0,0.0,0.0,0.0,0.0,0.0,1.0,UEFA/European Championship,group-stage,150284,2004-06-17T18:45:00+00:00,2004-06-17,Croatia,France,2,2,D,8.0,14.0,4.0,7.0,espn
1.0,0.0,0.0,1.0,0.0,0.0,5.0,-5.0,0.0,0.0,0.0,5.0,0.0,0.0,5.0,1479.555,4.0,0.5,0.5,0.0,2.0,1.25,0.5,0.75,1.0,0.3333333333333333,2.0,1.0,0.8,1.25,0.5,1533.467,-3.0,-2.0,-5.75,-0.8,-53.912000000000035,0.0,0.0,0.0,0.0,0.0,0.0,1.0,UEFA/European Championship,group-stage,150285,2004-06-18T16:00:00+00:00,2004-06-18,Bulgaria,Denmark,0,2,A,6.0,17.0,1.0,12.0,espn
5.0,0.2,0.4,0.4,1.0,1.0,1.0,0.0,1.5,1.0,0.6666666666666666,1.0,0.5,1.0,1.0,1486.926,4.0,0.25,0.5,0.25,1.25,2.0,1.0,1.0,2.3333333333333335,1.0,1.0,1.0,0.5,2.0,1.0,1504.276,1.0,-0.25,-1.0,0.0,-17.350000000000136,0.0,0.0,0.0,0.0,0.0,0.0,1.0,UEFA/European Championship,group-stage,150286,2004-06-18T18:45:00+00:00,2004-06-18,Italy,Sweden,1,1,D,18.0,7.0,9.0,4.0,espn
1.0,0.0,0.0,1.0,0.0,1.0,2.0,-1.0,0.0,0.0,1.0,2.0,0.0,1.0,2.0,1485.216,7.0,0.5714285714285714,0.2857142857142857,0.14285714285714285,2.0,2.0,0.5714285714285714,1.4285714285714286,2.2,0.8,1.5,0.0,1.4,2.0,0.5714285714285714,1556.509,-6.0,-2.0,-2.428571428571429,-1.4,-71.29300000000012,0.0,0.0,0.0,0.0,0.0,0.0,1.0,UEFA/European Championship,group-stage,150287,2004-06-19T16:00:00+00:00,2004-06-19,Latvia,Germany,0,0,D,6.0,23.0,5.0,9.0,espn
1.0,0.0,1.0,0.0,1.0,1.0,1.0,0.0,0.0,0.0,1.0,1.0,0.1,1.0,1.0,1502.486,1.0,1.0,0.0,0.0,3.0,2.0,1.0,1.0,2.0,1.0,0.0,0.0,0.3,2.0,1.0,1514.784,0.0,-2.0,-1.0,-0.19999999999999998,-12.298000000000002,0.0,0.0,0.0,0.0,0.0,0.0,1.0,UEFA/European Championship,group-stage,150288,2004-06-19T18:45:00+00:00,2004-06-19,Netherlands,Czechia,2,3,A,11.0,19.0,8.0,14.0,espn
4.0,0.25,0.0,0.75,0.75,0.5,1.0,-0.5,1.0,1.0,0.0,1.0,0.3,0.5,1.0,1471.363,2.0,0.5,0.5,0.0,2.0,1.5,1.0,0.5,1.0,1.0,2.0,1.0,0.4,1.5,1.0,1516.464,2.0,-1.25,-1.0,-0.10000000000000003,-45.100999999999885,0.0,0.0,0.0,0.0,0.0,0.0,1.0,UEFA/European Championship,group-stage,150289,2004-06-20T18:45:00+00:00,2004-06-20,Russia,Greece,2,1,H,19.0,12.0,9.0,6.0,espn
6.0,0.6666666666666666,0.16666666666666666,0.16666666666666666,2.1666666666666665,1.5,0.8333333333333334,0.6666666666666666,1.6666666666666667,0.6666666666666666,1.3333333333333333,1.0,1.3,1.5,0.8333333333333334,1547.559,4.0,0.5,0.0,0.5,1.5,2.25,1.25,1.0,2.5,1.0,2.0,1.5,0.6,2.25,1.25,1506.816,2.0,0.6666666666666665,-0.33333333333333337,0.7000000000000001,40.74299999999994,0.0,0.0,0.0,0.0,0.0,0.0,1.0,UEFA/European Championship,group-stage,150290,2004-06-20T18:45:00+00:00,2004-06-20,Spain,Portugal,0,1,A,10.0,18.0,3.0,9.0,espn
5.0,0.2,0.4,0.4,1.0,0.8,1.0,-0.2,1.0,1.5,0.6666666666666666,0.6666666666666666,0.5,0.8,1.0,1482.774,5.0,0.2,0.4,0.4,1.0,1.2,1.0,0.2,2.0,0.5,0.6666666666666666,1.3333333333333333,0.5,1.2,1.0,1488.919,0.0,0.0,-0.4,0.0,-6.145000000000209,0.0,0.0,0.0,0.0,0.0,0.0,1.0,UEFA/European Championship,group-stage,150291,2004-06-21T18:45:00+00:00,2004-06-21,Croatia,England,2,4,A,14.0,16.0,11.0,13.0,espn
2.0,0.0,0.5,0.5,0.5,0.0,1.5,-1.5,0.0,0.0,0.0,3.0,0.1,0.0,1.5,1479.752,5.0,0.2,0.4,0.4,1.0,0.8,1.2,-0.4,0.6666666666666666,0.6666666666666666,1.0,2.0,0.5,0.8,1.2,1480.17,-3.0,-0.5,-1.1,-0.4,-0.41800000000012005,0.0,0.0,0.0,0.0,0.0,0.0,1.0,UEFA/European Championship,group-stage,150292,2004-06-21T18:45:00+00:00,2004-06-21,Switzerland,France,1,3,A,3.0,15.0,2.0,9.0,espn
5.0,0.6,0.4,0.0,2.2,1.4,0.4,1.0,1.0,0.3333333333333333,2.0,0.5,1.1,1.4,0.4,1547.315,5.0,0.2,0.6,0.2,1.2,1.8,1.0,0.8,2.3333333333333335,1.0,1.0,1.0,0.6,1.8,1.0,1503.538,0.0,1.0000000000000002,0.19999999999999996,0.5000000000000001,43.777000000000044,0.0,0.0,0.0,0.0,0.0,0.0,1.0,UEFA/European Championship,group-stage,150294,2004-06-22T18:45:00+00:00,2004-06-22,Denmark,Sweden,2,2,D,12.0,12.0,6.0,7.0,espn
6.0,0.16666666666666666,0.5,0.3333333333333333,1.0,1.0,1.0,0.0,1.3333333333333333,1.0,0.6666666666666666,1.0,0.6,1.0,1.0,1487.664,2.0,0.0,0.0,1.0,0.0,0.0,3.5,-3.5,0.0,2.0,0.0,5.0,0.0,0.0,3.5,1465.707,4.0,1.0,3.5,0.6,21.95699999999988,0.0,0.0,0.0,0.0,0.0,0.0,1.0,UEFA/European Championship,group-stage,150293,2004-06-22T18:45:00+00:00,2004-06-22,Italy,Bulgaria,2,1,H,20.0,9.0,11.0,6.0,espn
8.0,0.5,0.375,0.125,1.875,1.75,0.5,1.25,2.2,0.8,1.0,0.0,1.5,1.75,0.5,1553.517,2.0,1.0,0.0,0.0,3.0,2.5,1.5,1.0,2.0,1.0,3.0,2.0,0.6,2.5,1.5,1529.045,6.0,-1.125,0.25,0.9,24.47199999999998,0.0,0.0,0.0,0.0,0.0,0.0,1.0,UEFA/European Championship,group-stage,150296,2004-06-23T18:45:00+00:00,2004-06-23,Germany,Czechia,1,2,A,16.0,7.0,12.0,5.0,espn
2.0,0.0,0.5,0.5,0.5,1.5,2.0,-0.5,2.0,3.0,1.0,1.0,0.1,1.5,2.0,1488.225,2.0,0.0,0.5,0.5,0.5,0.5,1.0,-0.5,0.0,0.0,1.0,2.0,0.1,0.5,1.0,1488.208,0.0,0.0,0.0,0.0,0.016999999999825377,0.0,0.0,0.0,0.0,0.0,0.0,1.0,UEFA/European Championship,group-stage,150295,2004-06-23T18:45:00+00:00,2004-06-23,Netherlands,Latvia,3,0,H,30.0,5.0,17.0,3.0,espn
5.0,0.6,0.0,0.4,1.8,2.0,1.0,1.0,2.5,1.0,1.6666666666666667,1.0,0.9,2.0,1.0,1523.326,6.0,0.3333333333333333,0.3333333333333333,0.3333333333333333,1.3333333333333333,1.6666666666666667,1.1666666666666667,0.5,2.0,0.5,1.5,1.5,0.8,1.6666666666666667,1.1666666666666667,1504.998,-1.0,0.4666666666666668,0.5,0.09999999999999998,18.327999999999975,0.0,0.0,0.0,0.0,0.0,1.0,1.0,UEFA/European Championship,quarterfinals,150297,2004-06-24T18:45:00+00:00,2004-06-24,Portugal,England,2,2,D,37.0,14.0,18.0,8.0,espn
6.0,0.3333333333333333,0.3333333333333333,0.3333333333333333,1.3333333333333333,1.1666666666666667,1.1666666666666667,0.0,0.6666666666666666,0.6666666666666666,1.6666666666666667,1.6666666666666667,0.8,1.1666666666666667,1.1666666666666667,1496.518,3.0,0.3333333333333333,0.3333333333333333,0.3333333333333333,1.3333333333333333,1.3333333333333333,1.3333333333333333,0.0,1.0,1.0,1.5,1.5,0.4,1.3333333333333333,1.3333333333333333,1499.772,3.0,0.0,0.0,0.4,-3.2539999999999054,0.0,0.0,0.0,0.0,0.0,1.0,1.0,UEFA/European Championship,quarterfinals,150298,2004-06-25T18:45:00+00:00,2004-06-25,France,Greece,0,1,A,8.0,6.0,4.0,5.0,espn
6.0,0.16666666666666666,0.6666666666666666,0.16666666666666666,1.1666666666666667,1.8333333333333333,1.1666666666666667,0.6666666666666666,2.3333333333333335,1.0,1.3333333333333333,1.3333333333333333,0.7,1.8333333333333333,1.1666666666666667,1505.391,3.0,0.3333333333333333,0.3333333333333333,0.3333333333333333,1.3333333333333333,2.0,1.3333333333333333,0.6666666666666666,2.5,1.5,1.0,1.0,0.4,2.0,1.3333333333333333,1506.176,3.0,-0.16666666666666652,0.0,0.29999999999999993,-0.7849999999998545,0.0,0.0,0.0,0.0,0.0,1.0,1.0,UEFA/European Championship,quarterfinals,150299,2004-06-26T18:45:00+00:00,2004-06-26,Sweden,Netherlands,0,0,D,15.0,23.0,7.0,13.0,espn
3.0,1.0,0.0,0.0,3.0,2.3333333333333335,1.3333333333333333,1.0,2.0,1.0,2.5,1.5,0.9,2.3333333333333335,1.3333333333333333,1544.869,6.0,0.5,0.5,0.0,2.0,1.5,0.6666666666666666,0.8333333333333334,1.25,0.75,2.0,0.5,1.2,1.5,0.6666666666666666,1545.462,-3.0,1.0,0.16666666666666663,-0.29999999999999993,-0.5930000000000746,0.0,0.0,0.0,0.0,0.0,1.0,1.0,UEFA/European Championship,quarterfinals,150300,2004-06-27T18:45:00+00:00,2004-06-27,Czechia,Denmark,3,0,H,14.0,12.0,8.0,6.0,espn
6.0,0.5,0.16666666666666666,0.3333333333333333,1.6666666666666667,2.0,1.1666666666666667,0.8333333333333334,2.3333333333333335,1.3333333333333333,1.6666666666666667,1.0,1.0,2.0,1.1666666666666667,1522.547,4.0,0.25,0.5,0.25,1.25,1.5,1.0,0.5,2.5,1.5,0.5,0.5,0.5,1.5,1.0,1506.143,2.0,0.41666666666666674,0.33333333333333337,0.5,16.403999999999996,0.0,0.0,0.0,0.0,0.0,1.0,1.0,UEFA/European Championship,semifinals,151726,2004-06-30T18:45:00+00:00,2004-06-30,Portugal,Netherlands,2,1,H,13.0,8.0,10.0,2.0,espn
4.0,0.5,0.25,0.25,1.75,1.25,1.0,0.25,1.0,1.0,1.3333333333333333,1.0,0.7,1.25,1.0,1514.418,4.0,1.0,0.0,0.0,3.0,2.5,1.0,1.5,2.5,0.5,2.5,1.5,1.2,2.5,1.0,1562.852,0.0,-1.25,-1.25,-0.5,-48.4340000000002,0.0,0.0,0.0,0.0,0.0,1.0,1.0,UEFA/European Championship,semifinals,151727,2004-07-01T18:45:00+00:00,2004-07-01,Greece,Czechia,1,0,H,9.0,16.0,6.0,6.0,espn
7.0,0.5714285714285714,0.14285714285714285,0.2857142857142857,1.8571428571428572,2.0,1.1428571428571428,0.8571428571428571,2.25,1.25,1.6666666666666667,1.0,1.3,2.0,1.1428571428571428,1536.633,5.0,0.6,0.2,0.2,2.0,1.2,0.8,0.4,1.0,0.5,1.3333333333333333,1.0,1.0,1.2,0.8,1531.25,2.0,-0.1428571428571428,0.4571428571428571,0.30000000000000004,5.383000000000038,1.0,0.0,0.0,-1.0,0.0,1.0,1.0,UEFA/European Championship,final,151740,2004-07-04T18:45:00+00:00,2004-07-04,Portugal,Greece,0,1,A,19.0,2.0,10.0,1.0,espn
9.0,0.4444444444444444,0.3333333333333333,0.2222222222222222,1.6666666666666667,1.6666666666666667,0.6666666666666666,1.0,2.0,1.0,1.0,0.0,1.5,1.6666666666666667,0.6666666666666666,1537.693,3.0,0.3333333333333333,0.3333333333333333,0.3333333333333333,1.3333333333333333,1.6666666666666667,2.0,-0.3333333333333333,1.5,3.0,2.0,0.0,0.4,1.6666666666666667,2.0,1497.472,6.0,0.3333333333333335,1.3333333333333333,1.1,40.221000000000004,0.0,0.0,0.0,0.0,1.0,0.0,1.0,FIFA/World Cup,group-stage,191918,2006-06-09T16:00:00+00:00,2006-06-09,Germany,Costa Rica,4,2,H,24.0,4.0,11.0,3.0,espn
2.0,0.0,0.0,1.0,0.0,0.0,3.0,-3.0,0.0,0.0,0.0,3.0,0.0,0.0,3.0,1456.746,3.0,0.3333333333333333,0.0,0.6666666666666666,1.0,0.6666666666666666,1.3333333333333333,-0.6666666666666666,1.0,0.0,0.5,2.0,0.3,0.6666666666666666,1.3333333333333333,1484.078,-1.0,-1.0,-2.3333333333333335,-0.3,-27.33199999999988,0.0,0.0,0.0,0.0,1.0,0.0,1.0,FIFA/World Cup,group-stage,191919,2006-06-09T19:00:00+00:00,2006-06-09,Poland,Ecuador,0,2,A,12.0,12.0,6.0,8.0,espn
7.0,0.2857142857142857,0.42857142857142855,0.2857142857142857,1.2857142857142858,1.7142857142857142,1.2857142857142858,0.42857142857142855,2.0,0.5,1.6,1.6,0.9,1.7142857142857142,1.2857142857142858,1505.777,2.0,0.5,0.5,0.0,2.0,2.5,1.5,1.0,2.0,2.0,3.0,1.0,0.4,2.5,1.5,1517.701,5.0,-0.7142857142857142,-0.5714285714285714,0.5,-11.923999999999978,0.0,0.0,0.0,0.0,1.0,0.0,1.0,FIFA/World Cup,group-stage,191920,2006-06-10T13:00:00+00:00,2006-06-10,England,Paraguay,1,0,H,14.0,16.0,6.0,4.0,espn
0.0,0.0,0.0,0.0,0.0,0.0,0.0,0.0,0.0,0.0,0.0,0.0,0.0,0.0,0.0,1500.0,7.0,0.14285714285714285,0.7142857142857143,0.14285714285714285,1.1428571428571428,1.5714285714285714,1.0,0.5714285714285714,1.75,0.75,1.3333333333333333,1.3333333333333333,0.8,1.5714285714285714,1.0,1505.424,-7.0,-1.1428571428571428,-0.5714285714285714,-0.8,-5.423999999999978,0.0,0.0,0.0,0.0,1.0,0.0,1.0,FIFA/World Cup,group-stage,191921,2006-06-10T16:00:00+00:00,2006-06-10,Trinidad and Tobago,Sweden,0,0,D,6.0,25.0,1.0,6.0,espn
2.0,0.5,0.5,0.0,2.0,1.0,0.5,0.5,1.0,0.0,1.0,1.0,0.4,1.0,0.5,1516.946,0.0,0.0,0.0,0.0,0.0,0.0,0.0,0.0,0.0,0.0,0.0,0.0,0.0,0.0,0.0,1500.0,2.0,2.0,0.5,0.4,16.945999999999913,0.0,0.0,0.0,0.0,1.0,0.0,1.0,FIFA/World Cup,group-stage,191922,2006-06-10T19:00:00+00:00,2006-06-10,Argentina,Ivory Coast,2,1,H,8.0,19.0,4.0,8.0,espn
0.0,0.0,0.0,0.0,0.0,0.0,0.0,0.0,0.0,0.0,0.0,0.0,0.0,0.0,0.0,1500.0,3.0,0.3333333333333333,0.3333333333333333,0.3333333333333333,1.3333333333333333,1.0,1.0,0.0,1.0,1.0,0.0,0.0,0.4,1.0,1.0,1500.262,-3.0,-1.3333333333333333,0.0,-0.4,-0.2619999999999436,0.0,0.0,0.0,0.0,1.0,0.0,1.0,FIFA/World Cup,group-stage,191929,2006-06-12T13:00:00+00:00,2006-06-12,Australia,Japan,3,1,H,22.0,9.0,11.0,3.0,espn
4.0,0.5,0.25,0.25,1.75,1.5,1.0,0.5,3.0,2.0,1.0,0.6666666666666666,0.7,1.5,1.0,1520.848,5.0,0.8,0.0,0.2,2.4,2.0,1.0,1.0,2.5,0.5,1.6666666666666667,1.3333333333333333,1.2,2.0,1.0,1546.02,-1.0,-0.6499999999999999,-0.5,-0.5,-25.172000000000025,0.0,0.0,0.0,0.0,1.0,0.0,1.0,FIFA/World Cup,group-stage,191927,2006-06-12T16:00:00+00:00,2006-06-12,United States,Czechia,0,3,A,10.0,10.0,3.0,4.0,espn
7.0,0.2857142857142857,0.42857142857142855,0.2857142857142857,1.2857142857142858,1.1428571428571428,1.0,0.14285714285714285,1.5,1.0,0.6666666666666666,1.0,0.9,1.1428571428571428,1.0,1501.515,0.0,0.0,0.0,0.0,0.0,0.0,0.0,0.0,0.0,0.0,0.0,0.0,0.0,0.0,0.0,1500.0,7.0,1.2857142857142858,0.14285714285714285,0.9,1.5150000000001,0.0,0.0,0.0,0.0,1.0,0.0,1.0,FIFA/World Cup,group-stage,191926,2006-06-12T19:00:00+00:00,2006-06-12,Italy,Ghana,2,0,H,18.0,21.0,13.0,8.0,espn
5.0,0.6,0.2,0.2,2.0,1.0,0.6,0.4,1.0,0.6,0.0,0.0,1.0,1.0,0.6,1537.751,0.0,0.0,0.0,0.0,0.0,0.0,0.0,0.0,0.0,0.0,0.0,0.0,0.0,0.0,0.0,1500.0,5.0,2.0,0.4,1.0,37.750999999999976,0.0,0.0,0.0,0.0,1.0,0.0,1.0,FIFA/World Cup,group-stage,191931,2006-06-13T13:00:00+00:00,2006-06-13,South Korea,Togo,2,1,H,21.0,11.0,7.0,3.0,espn
7.0,0.2857142857142857,0.2857142857142857,0.42857142857142855,1.1428571428571428,1.0,1.1428571428571428,-0.14285714285714285,0.5,0.75,1.6666666666666667,1.6666666666666667,0.8,1.0,1.1428571428571428,1481.872,3.0,0.0,0.3333333333333333,0.6666666666666666,0.3333333333333333,0.3333333333333333,2.0,-1.6666666666666667,0.5,1.5,0.0,3.0,0.1,0.3333333333333333,2.0,1463.404,4.0,0.8095238095238095,1.523809523809524,0.7000000000000001,18.468000000000075,1.0,1.0,0.0,2.0,1.0,0.0,1.0,FIFA/World Cup,group-stage,191930,2006-06-13T16:00:00+00:00,2006-06-13,France,Switzerland,0,0,D,12.0,7.0,6.0,3.0,espn
7.0,1.0,0.0,0.0,3.0,2.5714285714285716,0.5714285714285714,2.0,2.2,0.4,3.5,1.0,2.1,2.5714285714285716,0.5714285714285714,1623.251,6.0,0.16666666666666666,0.3333333333333333,0.5,0.8333333333333334,1.0,1.5,-0.5,1.3333333333333333,2.3333333333333335,0.6666666666666666,0.6666666666666666,0.5,1.0,1.5,1466.695,1.0,2.1666666666666665,2.5,1.6,156.55600000000004,0.0,0.0,0.0,0.0,1.0,0.0,1.0,FIFA/World Cup,group-stage,191928,2006-06-13T19:00:00+00:00,2006-06-13,Brazil,Croatia,1,0,H,19.0,8.0,8.0,4.0,espn
7.0,0.5714285714285714,0.14285714285714285,0.2857142857142857,1.8571428571428572,1.2857142857142858,0.8571428571428571,0.42857142857142855,1.25,0.75,1.3333333333333333,1.0,1.3,1.2857142857142858,0.8571428571428571,1531.049,0.0,0.0,0.0,0.0,0.0,0.0,0.0,0.0,0.0,0.0,0.0,0.0,0.0,0.0,0.0,1500.0,7.0,1.8571428571428572,0.42857142857142855,1.3,31.048999999999978,0.0,0.0,0.0,0.0,1.0,0.0,1.0,FIFA/World Cup,group-stage,191932,2006-06-14T13:00:00+00:00,2006-06-14,Spain,Ukraine,4,0,H,19.0,6.0,11.0,3.0,espn
2.0,0.0,0.5,0.5,0.5,0.5,1.5,-1.0,1.0,1.0,0.0,2.0,0.1,0.5,1.5,1481.238,3.0,0.0,0.0,1.0,0.0,0.0,4.0,-4.0,0.0,3.0,0.0,4.5,0.0,0.0,4.0,1440.627,-1.0,0.5,3.0,0.1,40.611000000000104,0.0,0.0,0.0,0.0,1.0,0.0,1.0,FIFA/World Cup,group-stage,191933,2006-06-14T16:00:00+00:00,2006-06-14,Tunisia,Saudi Arabia,2,2,D,6.0,20.0,2.0,10.0,espn
10.0,0.5,0.3,0.2,1.8,1.9,0.8,1.1,2.2857142857142856,1.1428571428571428,1.0,0.0,1.8,1.9,0.8,1555.192,3.0,0.0,0.0,1.0,0.0,0.0,2.6666666666666665,-2.6666666666666665,0.0,2.0,0.0,3.0,0.0,0.0,2.6666666666666665,1438.521,7.0,1.8,3.7666666666666666,1.8,116.67100000000005,0.0,0.0,0.0,0.0,1.0,0.0,1.0,FIFA/World Cup,group-stage,191934,2006-06-14T19:00:00+00:00,2006-06-14,Germany,Poland,1,0,H,23.0,8.0,10.0,3.0,espn
4.0,0.5,0.0,0.5,1.5,1.0,1.0,0.0,1.0,0.0,1.0,1.3333333333333333,0.6,1.0,1.0,1502.303,4.0,0.25,0.25,0.5,1.0,1.75,2.5,-0.75,1.5,3.0,2.0,2.0,0.4,1.75,2.5,1479.973,0.0,0.5,0.75,0.19999999999999996,22.330000000000155,0.0,0.0,0.0,0.0,1.0,0.0,1.0,FIFA/World Cup,group-stage,191935,2006-06-15T13:00:00+00:00,2006-06-15,Ecuador,Costa Rica,3,0,H,19.0,13.0,6.0,4.0,espn
8.0,0.375,0.375,0.25,1.5,1.625,1.125,0.5,1.6666666666666667,0.3333333333333333,1.6,1.6,1.2,1.625,1.125,1524.254,1.0,0.0,1.0,0.0,1.0,0.0,0.0,0.0,0.0,0.0,0.0,0.0,0.1,0.0,0.0,1500.279,7.0,0.5,0.5,1.0999999999999999,23.97499999999991,0.0,0.0,0.0,0.0,1.0,0.0,1.0,FIFA/World Cup,group-stage,191936,2006-06-15T16:00:00+00:00,2006-06-15,England,Trinidad and Tobago,2,0,H,26.0,9.0,8.0,3.0,espn
8.0,0.125,0.75,0.125,1.125,1.375,0.875,0.5,1.75,0.75,1.0,1.0,0.9,1.375,0.875,1505.145,3.0,0.3333333333333333,0.3333333333333333,0.3333333333333333,1.3333333333333333,1.6666666666666667,1.3333333333333333,0.3333333333333333,2.0,2.0,1.5,1.0,0.4,1.6666666666666667,1.3333333333333333,1499.224,5.0,-0.20833333333333326,0.16666666666666669,0.5,5.921000000000049,0.0,0.0,0.0,0.0,1.0,0.0,1.0,FIFA/World Cup,group-stage,191937,2006-06-15T19:00:00+00:00,2006-06-15,Sweden,Paraguay,1,0,H,21.0,18.0,13.0,4.0,espn
3.0,0.6666666666666666,0.3333333333333333,0.0,2.3333333333333335,1.3333333333333333,0.6666666666666666,0.6666666666666666,1.5,0.5,1.0,1.0,0.7,1.3333333333333333,0.6666666666666666,1533.939,0.0,0.0,0.0,0.0,0.0,0.0,0.0,0.0,0.0,0.0,0.0,0.0,0.0,0.0,0.0,1500.0,3.0,2.3333333333333335,0.6666666666666666,0.7,33.93900000000008,0.0,0.0,0.0,0.0,1.0,0.0,1.0,FIFA/World Cup,group-stage,191938,2006-06-16T13:00:00+00:00,2006-06-16,Argentina,Serbia & Montenegro,6,0,H,13.0,6.0,10.0,2.0,espn
5.0,0.2,0.4,0.4,1.0,1.4,1.2,0.2,2.5,1.5,0.6666666666666666,1.0,0.5,1.4,1.2,1492.057,1.0,0.0,0.0,1.0,0.0,1.0,2.0,-1.0,0.0,0.0,1.0,2.0,0.0,1.0,2.0,1483.007,4.0,1.0,1.2,0.5,9.049999999999955,0.0,0.0,0.0,0.0,1.0,0.0,1.0,FIFA/World Cup,group-stage,191939,2006-06-16T16:00:00+00:00,2006-06-16,Netherlands,Ivory Coast,2,1,H,11.0,18.0,8.0,9.0,espn
4.0,0.5,0.25,0.25,1.75,1.0,1.0,0.0,1.0,1.3333333333333333,1.0,0.0,0.7,1.0,1.0,1511.487,0.0,0.0,0.0,0.0,0.0,0.0,0.0,0.0,0.0,0.0,0.0,0.0,0.0,0.0,0.0,1500.0,4.0,1.75,0.0,0.7,11.48700000000008,0.0,0.0,0.0,0.0,1.0,0.0,1.0,FIFA/World Cup,group-stage,191940,2006-06-16T19:00:00+00:00,2006-06-16,Mexico,Angola,0,0,D,14.0,10.0,6.0,1.0,espn
8.0,0.5,0.125,0.375,1.625,1.75,1.125,0.625,1.8,1.2,1.6666666666666667,1.0,1.3,1.75,1.125,1521.62,0.0,0.0,0.0,0.0,0.0,0.0,0.0,0.0,0.0,0.0,0.0,0.0,0.0,0.0,0.0,1500.0,8.0,1.625,0.625,1.3,21.61999999999989,0.0,0.0,0.0,0.0,1.0,0.0,1.0,FIFA/World Cup,group-stage,191941,2006-06-17T13:00:00+00:00,2006-06-17,Portugal,Iran,2,0,H,19.0,8.0,9.0,3.0,espn
6.0,0.8333333333333334,0.0,0.16666666666666666,2.5,2.1666666666666665,0.8333333333333334,1.3333333333333333,2.5,0.5,2.0,1.0,1.5,2.1666666666666665,0.8333333333333334,1566.143,1.0,0.0,0.0,1.0,0.0,0.0,2.0,-2.0,0.0,0.0,0.0,2.0,0.0,0.0,2.0,1480.308,5.0,2.5,3.333333333333333,1.5,85.83500000000004,0.0,0.0,0.0,0.0,1.0,0.0,1.0,FIFA/World Cup,group-stage,191943,2006-06-17T16:00:00+00:00,2006-06-17,Czechia,Ghana,0,2,A,17.0,20.0,7.0,9.0,espn
8.0,0.375,0.375,0.25,1.5,1.25,0.875,0.375,1.6,0.8,0.6666666666666666,1.0,1.2,1.25,0.875,1521.207,5.0,0.4,0.2,0.4,1.4,1.2,1.4,-0.2,1.5,2.5,1.0,0.6666666666666666,0.7,1.2,1.4,1500.725,3.0,0.10000000000000009,0.575,0.5,20.4820000000002,0.0,0.0,0.0,0.0,1.0,0.0,1.0,FIFA/World Cup,group-stage,191942,2006-06-17T19:00:00+00:00,2006-06-17,Italy,United States,1,1,D,11.0,10.0,4.0,3.0,espn
4.0,0.25,0.25,0.5,1.0,1.0,1.5,-0.5,1.0,1.0,1.0,3.0,0.4,1.0,1.5,1480.469,7.0,0.14285714285714285,0.2857142857142857,0.5714285714285714,0.7142857142857143,0.8571428571428571,1.4285714285714286,-0.5714285714285714,1.3333333333333333,2.3333333333333335,0.5,0.75,0.5,0.8571428571428571,1.4285714285714286,1456.377,-3.0,0.2857142857142857,0.0714285714285714,-0.09999999999999998,24.0920000000001,0.0,0.0,0.0,0.0,1.0,0.0,1.0,FIFA/World Cup,group-stage,191945,2006-06-18T13:00:00+00:00,2006-06-18,Japan,Croatia,0,0,D,14.0,18.0,4.0,5.0,espn
8.0,1.0,0.0,0.0,3.0,2.375,0.5,1.875,2.0,0.3333333333333333,3.5,1.0,2.4,2.375,0.5,1633.569,1.0,1.0,0.0,0.0,3.0,3.0,1.0,2.0,3.0,1.0,0.0,0.0,0.3,3.0,1.0,1519.793,7.0,0.0,-0.125,2.1,113.77600000000007,0.0,0.0,0.0,0.0,1.0,0.0,1.0,FIFA/World Cup,group-stage,191944,2006-06-18T16:00:00+00:00,2006-06-18,Brazil,Australia,2,0,H,18.0,14.0,6.0,4.0,espn
8.0,0.25,0.375,0.375,1.125,0.875,1.0,-0.125,0.4,0.6,1.6666666666666667,1.6666666666666667,0.9,0.875,1.0,1480.923,6.0,0.6666666666666666,0.16666666666666666,0.16666666666666666,2.1666666666666665,1.1666666666666667,0.6666666666666666,0.5,1.1666666666666667,0.6666666666666666,0.0,0.0,1.3,1.1666666666666667,0.6666666666666666,1553.682,2.0,-1.0416666666666665,-0.625,-0.4,-72.75900000000001,0.0,0.0,0.0,0.0,1.0,0.0,1.0,FIFA/World Cup,group-stage,191946,2006-06-18T19:00:00+00:00,2006-06-18,France,South Korea,1,1,D,17.0,6.0,7.0,3.0,espn
1.0,0.0,0.0,1.0,0.0,1.0,2.0,-1.0,0.0,0.0,1.0,2.0,0.0,1.0,2.0,1484.069,4.0,0.0,0.5,0.5,0.5,0.25,1.5,-1.25,0.5,1.5,0.0,1.5,0.2,0.25,1.5,1464.353,-3.0,-0.5,0.25,-0.2,19.715999999999894,0.0,0.0,0.0,0.0,1.0,0.0,1.0,FIFA/World Cup,group-stage,191947,2006-06-19T13:00:00+00:00,2006-06-19,Togo,Switzerland,0,2,A,10.0,18.0,5.0,10.0,espn
4.0,0.0,0.25,0.75,0.25,0.5,3.5,-3.0,0.0,3.0,0.6666666666666666,3.6666666666666665,0.1,0.5,3.5,1442.706,1.0,0.0,0.0,1.0,0.0,0.0,4.0,-4.0,0.0,0.0,0.0,4.0,0.0,0.0,4.0,1478.498,3.0,0.25,1.0,0.1,-35.792000000000144,0.0,0.0,0.0,0.0,1.0,0.0,1.0,FIFA/World Cup,group-stage,191949,2006-06-19T16:00:00+00:00,2006-06-19,Saudi Arabia,Ukraine,0,4,A,9.0,28.0,2.0,16.0,espn
8.0,0.625,0.125,0.25,2.0,1.625,0.75,0.875,1.8,0.6,1.3333333333333333,1.0,1.6,1.625,0.75,1552.551,3.0,0.0,0.6666666666666666,0.3333333333333333,0.6666666666666666,1.0,1.6666666666666667,-0.6666666666666666,1.5,1.5,0.0,2.0,0.2,1.0,1.6666666666666667,1479.159,5.0,1.3333333333333335,1.5416666666666665,1.4000000000000001,73.39199999999983,0.0,0.0,0.0,0.0,1.0,0.0,1.0,FIFA/World Cup,group-stage,191948,2006-06-19T19:00:00+00:00,2006-06-19,Spain,Tunisia,3,1,H,26.0,5.0,10.0,3.0,espn
5.0,0.2,0.2,0.6,0.8,1.4,2.6,-1.2,1.5,3.0,1.3333333333333333,2.3333333333333335,0.4,1.4,2.6,1459.673,4.0,0.0,0.0,1.0,0.0,0.0,2.25,-2.25,0.0,2.0,0.0,2.3333333333333335,0.0,0.0,2.25,1426.44,1.0,0.8,1.05,0.4,33.23299999999995,0.0,0.0,0.0,0.0,1.0,0.0,1.0,FIFA/World Cup,group-stage,191951,2006-06-20T14:00:00+00:00,2006-06-20,Costa Rica,Poland,1,2,A,15.0,15.0,6.0,7.0,espn
5.0,0.6,0.0,0.4,1.8,1.4,0.8,0.6,2.0,0.0,1.0,1.3333333333333333,0.9,1.4,0.8,1522.603,11.0,0.5454545454545454,0.2727272727272727,0.18181818181818182,1.9090909090909092,1.8181818181818181,0.7272727272727273,1.0909090909090908,2.125,1.0,1.0,0.0,1.8,1.2,0.8,1567.273,-6.0,-0.10909090909090913,-0.49090909090909085,-0.9,-44.669999999999845,0.0,0.0,0.0,0.0,1.0,0.0,1.0,FIFA/World Cup,group-stage,191950,2006-06-20T14:00:00+00:00,2006-06-20,Ecuador,Germany,0,3,A,9.0,18.0,3.0,9.0,espn
4.0,0.25,0.25,0.5,1.0,1.25,1.25,0.0,2.0,2.0,1.0,1.0,0.4,1.25,1.25,1481.664,2.0,0.0,0.5,0.5,0.5,0.0,1.0,-1.0,0.0,0.0,0.0,2.0,0.1,0.0,1.0,1481.864,2.0,0.5,1.0,0.30000000000000004,-0.20000000000004547,0.0,0.0,0.0,0.0,1.0,0.0,1.0,FIFA/World Cup,group-stage,191953,2006-06-20T19:00:00+00:00,2006-06-20,Paraguay,Trinidad and Tobago,2,0,H,13.0,10.0,7.0,3.0,espn
9.0,0.2222222222222222,0.6666666666666666,0.1111111111111111,1.3333333333333333,1.3333333333333333,0.7777777777777778,0.5555555555555556,1.6,0.6,1.0,1.0,1.2,1.3333333333333333,0.7777777777777778,1522.705,9.0,0.4444444444444444,0.3333333333333333,0.2222222222222222,1.6666666666666667,1.6666666666666667,1.0,0.6666666666666666,1.75,0.25,1.6,1.6,1.5,1.6666666666666667,1.0,1542.669,0.0,-0.3333333333333335,-0.11111111111111105,-0.30000000000000004,-19.96400000000017,1.0,0.0,1.0,0.0,1.0,0.0,1.0,FIFA/World Cup,group-stage,191952,2006-06-20T19:00:00+00:00,2006-06-20,Sweden,England,2,2,D,12.0,18.0,5.0,7.0,espn
1.0,0.0,0.0,1.0,0.0,0.0,2.0,-2.0,0.0,0.0,0.0,2.0,0.0,0.0,2.0,1481.451,1.0,0.0,1.0,0.0,1.0,0.0,0.0,0.0,0.0,0.0,0.0,0.0,0.1,0.0,0.0,1500.59,0.0,-1.0,-2.0,-0.1,-19.138999999999896,0.0,0.0,0.0,0.0,1.0,0.0,1.0,FIFA/World Cup,group-stage,191957,2006-06-21T14:00:00+00:00,2006-06-21,Iran,Angola,1,1,D,20.0,17.0,12.0,8.0,espn
9.0,0.5555555555555556,0.1111111111111111,0.3333333333333333,1.7777777777777777,1.7777777777777777,1.0,0.7777777777777778,1.8333333333333333,1.0,1.6666666666666667,1.0,1.6,1.7777777777777777,1.0,1540.169,5.0,0.4,0.4,0.2,1.6,0.8,0.8,0.0,0.75,1.0,1.0,0.0,0.8,0.8,0.8,1510.897,4.0,0.1777777777777776,0.7777777777777778,0.8,29.272000000000162,0.0,0.0,0.0,0.0,1.0,0.0,1.0,FIFA/World Cup,group-stage,191956,2006-06-21T14:00:00+00:00,2006-06-21,Portugal,Mexico,2,1,H,13.0,15.0,6.0,6.0,espn
2.0,0.0,0.0,1.0,0.0,1.0,2.0,-1.0,0.0,0.0,1.0,2.0,0.0,1.0,2.0,1465.608,1.0,0.0,0.0,1.0,0.0,0.0,6.0,-6.0,0.0,0.0,0.0,6.0,0.0,0.0,6.0,1478.693,1.0,0.0,5.0,0.0,-13.085000000000036,0.0,0.0,0.0,0.0,1.0,0.0,1.0,FIFA/World Cup,group-stage,191955,2006-06-21T19:00:00+00:00,2006-06-21,Ivory Coast,Serbia & Montenegro,3,2,H,29.0,10.0,17.0,4.0,espn
6.0,0.3333333333333333,0.3333333333333333,0.3333333333333333,1.3333333333333333,1.5,1.1666666666666667,0.3333333333333333,2.3333333333333335,1.3333333333333333,0.6666666666666666,1.0,0.8,1.5,1.1666666666666667,1509.456,4.0,0.75,0.25,0.0,2.5,2.5,0.5,2.0,3.0,0.3333333333333333,1.0,1.0,1.0,2.5,0.5,1555.246,2.0,-1.1666666666666667,-1.6666666666666667,-0.19999999999999996,-45.79000000000019,0.0,0.0,0.0,0.0,1.0,0.0,1.0,FIFA/World Cup,group-stage,191954,2006-06-21T19:00:00+00:00,2006-06-21,Netherlands,Argentina,0,0,D,12.0,12.0,3.0,2.0,espn
7.0,0.7142857142857143,0.0,0.2857142857142857,2.142857142857143,1.8571428571428572,1.0,0.8571428571428571,1.6666666666666667,1.0,2.0,1.0,1.5,1.8571428571428572,1.0,1541.576,9.0,0.3333333333333333,0.4444444444444444,0.2222222222222222,1.4444444444444444,1.2222222222222223,0.8888888888888888,0.3333333333333333,1.5,0.8333333333333334,0.6666666666666666,1.0,1.3,1.2222222222222223,0.8888888888888888,1520.155,-2.0,0.6984126984126984,0.5238095238095237,0.19999999999999996,21.42100000000005,0.0,0.0,0.0,0.0,1.0,0.0,1.0,FIFA/World Cup,group-stage,191958,2006-06-22T14:00:00+00:00,2006-06-22,Czechia,Italy,0,2,A,13.0,18.0,7.0,7.0,espn
2.0,0.5,0.0,0.5,1.5,1.0,1.0,0.0,0.0,0.0,1.0,1.0,0.3,1.0,1.0,1504.875,6.0,0.3333333333333333,0.3333333333333333,0.3333333333333333,1.3333333333333333,1.1666666666666667,1.3333333333333333,-0.16666666666666666,1.5,2.5,1.0,0.75,0.8,1.1666666666666667,1.3333333333333333,1501.777,-4.0,0.16666666666666674,0.16666666666666666,-0.5,3.0979999999999563,0.0,0.0,0.0,0.0,1.0,0.0,1.0,FIFA/World Cup,group-stage,191959,2006-06-22T14:00:00+00:00,2006-06-22,Ghana,United States,2,1,H,9.0,10.0,3.0,4.0,espn
8.0,0.125,0.375,0.5,0.75,0.75,1.25,-0.5,1.3333333333333333,2.3333333333333335,0.4,0.6,0.6,0.75,1.25,1457.614,2.0,0.5,0.0,0.5,1.5,1.5,1.5,0.0,3.0,1.0,0.0,2.0,0.3,1.5,1.5,1506.27,6.0,-0.75,-0.5,0.3,-48.65599999999995,0.0,0.0,0.0,0.0,1.0,0.0,1.0,FIFA/World Cup,group-stage,191961,2006-06-22T19:00:00+00:00,2006-06-22,Croatia,Australia,2,2,D,12.0,15.0,6.0,7.0,espn
5.0,0.2,0.4,0.4,1.0,0.8,1.2,-0.4,0.75,0.75,1.0,3.0,0.5,0.8,1.2,1479.232,9.0,1.0,0.0,0.0,3.0,2.3333333333333335,0.4444444444444444,1.8888888888888888,2.0,0.2857142857142857,3.5,1.0,2.7,2.3333333333333335,0.4444444444444444,1647.092,-4.0,-2.0,-2.2888888888888888,-2.2,-167.86000000000013,0.0,0.0,0.0,0.0,1.0,0.0,1.0,FIFA/World Cup,group-stage,191960,2006-06-22T19:00:00+00:00,2006-06-22,Japan,Brazil,1,4,A,9.0,24.0,3.0,16.0,espn
5.0,0.0,0.2,0.8,0.2,0.4,3.6,-3.2,0.0,3.5,0.6666666666666666,3.6666666666666665,0.1,0.4,3.6,1421.523,9.0,0.6666666666666666,0.1111111111111111,0.2222222222222222,2.111111111111111,1.7777777777777777,0.7777777777777778,1.0,2.0,0.6666666666666666,1.3333333333333333,1.0,1.9,1.7777777777777777,0.7777777777777778,1568.212,-4.0,-1.9111111111111112,-4.2,-1.7999999999999998,-146.68900000000008,0.0,0.0,0.0,0.0,1.0,0.0,1.0,FIFA/World Cup,group-stage,191964,2006-06-23T14:00:00+00:00,2006-06-23,Saudi Arabia,Spain,0,1,A,8.0,22.0,3.0,14.0,espn
2.0,0.5,0.0,0.5,1.5,2.0,2.0,0.0,0.0,0.0,2.0,2.0,0.3,2.0,2.0,1499.681,4.0,0.0,0.5,0.5,0.5,1.0,2.0,-1.0,1.5,1.5,0.5,2.5,0.2,1.0,2.0,1463.498,-2.0,1.0,1.0,0.09999999999999998,36.18299999999999,0.0,0.0,0.0,0.0,1.0,0.0,1.0,FIFA/World Cup,group-stage,191965,2006-06-23T14:00:00+00:00,2006-06-23,Ukraine,Tunisia,1,0,H,7.0,10.0,5.0,3.0,espn
5.0,0.2,0.4,0.4,1.0,0.6,1.2,-0.6,0.5,1.5,0.6666666666666666,1.0,0.5,0.6,1.2,1485.252,7.0,0.5714285714285714,0.2857142857142857,0.14285714285714285,2.0,1.1428571428571428,0.7142857142857143,0.42857142857142855,1.1666666666666667,0.6666666666666666,1.0,1.0,1.4,1.1428571428571428,0.7142857142857143,1549.995,-2.0,-1.0,-1.0285714285714285,-0.8999999999999999,-64.74299999999994,0.0,0.0,0.0,0.0,1.0,0.0,1.0,FIFA/World Cup,group-stage,191963,2006-06-23T19:00:00+00:00,2006-06-23,Switzerland,South Korea,2,0,H,12.0,17.0,5.0,7.0,espn
2.0,0.0,0.0,1.0,0.0,0.5,2.0,-1.5,0.0,2.0,1.0,2.0,0.0,0.5,2.0,1463.17,9.0,0.2222222222222222,0.4444444444444444,0.3333333333333333,1.1111111111111112,0.8888888888888888,1.0,-0.1111111111111111,0.5,0.6666666666666666,1.6666666666666667,1.6666666666666667,1.0,0.8888888888888888,1.0,1484.61,-7.0,-1.1111111111111112,-1.3888888888888888,-1.0,-21.439999999999827,0.0,0.0,0.0,0.0,1.0,0.0,1.0,FIFA/World Cup,group-stage,191962,2006-06-23T19:00:00+00:00,2006-06-23,Togo,France,0,2,A,8.0,20.0,1.0,12.0,espn
12.0,0.5833333333333334,0.25,0.16666666666666666,2.0,1.9166666666666667,0.6666666666666666,1.25,2.125,1.0,1.5,0.0,2.0,1.4,0.7,1586.191,10.0,0.2,0.7,0.1,1.3,1.4,0.9,0.5,1.6666666666666667,0.8333333333333334,1.0,1.0,1.3,1.4,0.9,1523.73,2.0,0.7,0.75,0.7,62.46100000000001,0.0,0.0,0.0,0.0,1.0,1.0,1.0,FIFA/World Cup,second-round,191966,2006-06-24T15:00:00+00:00,2006-06-24,Germany,Sweden,2,0,H,29.0,4.0,13.0,2.0,espn
5.0,0.6,0.4,0.0,2.2,2.0,0.4,1.6,3.0,0.3333333333333333,0.5,0.5,1.1,2.0,0.4,1552.905,6.0,0.3333333333333333,0.3333333333333333,0.3333333333333333,1.3333333333333333,0.8333333333333334,1.0,-0.16666666666666666,0.75,1.0,1.0,1.0,0.8,0.8333333333333334,1.0,1494.535,-1.0,0.8666666666666669,1.7666666666666668,0.30000000000000004,58.36999999999989,0.0,0.0,0.0,0.0,1.0,1.0,1.0,FIFA/World Cup,second-round,191967,2006-06-24T19:00:00+00:00,2006-06-24,Argentina,Mexico,2,1,H,11.0,16.0,6.0,9.0,espn
10.0,0.4,0.4,0.2,1.6,1.7,1.1,0.6,1.75,0.25,1.6666666666666667,1.6666666666666667,1.6,1.7,1.1,1541.644,6.0,0.5,0.0,0.5,1.5,1.1666666666666667,1.1666666666666667,0.0,1.3333333333333333,1.0,1.0,1.3333333333333333,0.9,1.1666666666666667,1.1666666666666667,1503.685,4.0,0.10000000000000009,0.6,0.7000000000000001,37.95900000000006,0.0,0.0,0.0,0.0,1.0,1.0,1.0,FIFA/World Cup,second-round,191968,2006-06-25T15:00:00+00:00,2006-06-25,England,Ecuador,1,0,H,10.0,13.0,4.0,4.0,espn
10.0,0.6,0.1,0.3,1.9,1.8,1.0,0.8,1.8571428571428572,1.0,1.6666666666666667,1.0,1.9,1.8,1.0,1556.531,7.0,0.2857142857142857,0.42857142857142855,0.2857142857142857,1.2857142857142858,1.2857142857142858,1.0,0.2857142857142857,1.75,1.0,0.6666666666666666,1.0,0.9,1.2857142857142858,1.0,1511.797,3.0,0.6142857142857141,0.5142857142857143,0.9999999999999999,44.733999999999924,1.0,1.0,0.0,1.0,1.0,1.0,1.0,FIFA/World Cup,second-round,191969,2006-06-25T19:00:00+00:00,2006-06-25,Portugal,Netherlands,1,0,H,11.0,25.0,6.0,8.0,espn
10.0,0.4,0.4,0.2,1.6,1.3,0.8,0.5,1.5,0.8333333333333334,1.0,0.75,1.6,1.3,0.8,1541.151,3.0,0.3333333333333333,0.3333333333333333,0.3333333333333333,1.3333333333333333,1.6666666666666667,1.6666666666666667,0.0,3.0,1.0,1.0,2.0,0.4,1.6666666666666667,1.6666666666666667,1503.784,7.0,0.26666666666666683,0.5,1.2000000000000002,37.36699999999996,0.0,0.0,0.0,0.0,1.0,1.0,1.0,FIFA/World Cup,second-round,191970,2006-06-26T15:00:00+00:00,2006-06-26,Italy,Australia,1,0,H,12.0,10.0,7.0,4.0,espn
6.0,0.3333333333333333,0.3333333333333333,0.3333333333333333,1.3333333333333333,0.8333333333333334,1.0,-0.16666666666666666,1.0,1.0,0.6666666666666666,1.0,0.8,0.8333333333333334,1.0,1508.673,3.0,0.6666666666666666,0.0,0.3333333333333333,2.0,1.6666666666666667,1.3333333333333333,0.3333333333333333,1.0,0.0,2.0,2.0,0.6,1.6666666666666667,1.3333333333333333,1515.691,3.0,-0.6666666666666667,-0.5,0.20000000000000007,-7.018000000000029,0.0,0.0,0.0,0.0,1.0,1.0,1.0,FIFA/World Cup,second-round,191971,2006-06-26T19:00:00+00:00,2006-06-26,Switzerland,Ukraine,0,0,A,14.0,16.0,5.0,2.0,espn
10.0,1.0,0.0,0.0,3.0,2.5,0.5,2.0,2.0,0.2857142857142857,3.6666666666666665,1.0,3.0,2.5,0.5,1659.05,3.0,0.6666666666666666,0.0,0.3333333333333333,2.0,1.3333333333333333,1.0,0.3333333333333333,2.0,1.0,1.0,1.0,0.6,1.3333333333333333,1.0,1522.58,7.0,1.0,1.6666666666666667,2.4,136.47000000000003,0.0,0.0,0.0,0.0,1.0,1.0,1.0,FIFA/World Cup,second-round,191972,2006-06-27T15:00:00+00:00,2006-06-27,Brazil,Ghana,3,0,H,13.0,22.0,10.0,9.0,espn
10.0,0.7,0.1,0.2,2.2,1.7,0.7,1.0,2.0,0.6666666666666666,1.25,0.75,2.2,1.7,0.7,1578.952,10.0,0.3,0.4,0.3,1.3,1.0,0.9,0.1,0.5,0.6666666666666666,1.75,1.25,1.3,1.0,0.9,1503.169,0.0,0.9000000000000001,0.9,0.9000000000000001,75.7829999999999,0.0,0.0,0.0,0.0,1.0,1.0,1.0,FIFA/World Cup,second-round,191973,2006-06-27T19:00:00+00:00,2006-06-27,Spain,France,1,3,A,10.0,10.0,5.0,7.0,espn
13.0,0.6153846153846154,0.23076923076923078,0.15384615384615385,2.076923076923077,1.9230769230769231,0.6153846153846154,1.3076923076923077,2.111111111111111,0.8888888888888888,1.5,0.0,2.0,1.4,0.7,1602.451,6.0,0.6666666666666666,0.3333333333333333,0.0,2.3333333333333335,2.0,0.5,1.5,2.75,0.5,0.5,0.5,1.4,2.0,0.5,1567.796,7.0,-0.2564102564102564,-0.1923076923076923,0.6000000000000001,34.65499999999997,0.0,0.0,0.0,0.0,1.0,1.0,1.0,FIFA/World Cup,quarter-finals,191974,2006-06-30T15:00:00+00:00,2006-06-30,Germany,Argentina,1,1,H,17.0,13.0,7.0,5.0,espn
11.0,0.45454545454545453,0.36363636363636365,0.18181818181818182,1.7272727272727273,1.2727272727272727,0.7272727272727273,0.5454545454545454,1.4285714285714286,0.7142857142857143,1.0,0.75,1.6,1.2,0.8,1557.101,4.0,0.75,0.0,0.25,2.25,1.25,1.0,0.25,1.0,0.0,1.3333333333333333,1.3333333333333333,0.9,1.25,1.0,1533.194,7.0,-0.5227272727272727,0.2954545454545454,0.7000000000000001,23.907000000000153,0.0,0.0,0.0,0.0,1.0,1.0,1.0,FIFA/World Cup,quarter-finals,191975,2006-06-30T19:00:00+00:00,2006-06-30,Italy,Ukraine,3,0,H,14.0,15.0,9.0,4.0,espn
14.0,0.6428571428571429,0.21428571428571427,0.14285714285714285,2.142857142857143,1.8571428571428572,0.6428571428571429,1.2142857142857142,2.0,0.9,1.5,0.0,2.0,1.4,0.8,1618.539,12.0,0.5,0.3333333333333333,0.16666666666666666,1.8333333333333333,1.4166666666666667,0.6666666666666666,0.75,1.625,0.625,1.0,0.75,1.9,1.4,0.6,1577.303,2.0,0.30952380952380953,0.4642857142857142,0.10000000000000009,41.235999999999876,0.0,0.0,0.0,0.0,1.0,1.0,1.0,FIFA/World Cup,semi-finals,191978,2006-07-04T19:00:00+00:00,2006-07-04,Germany,Italy,0,2,A,18.0,18.0,6.0,11.0,espn
11.0,0.6363636363636364,0.09090909090909091,0.2727272727272727,2.0,1.7272727272727273,0.9090909090909091,0.8181818181818182,1.75,0.875,1.6666666666666667,1.0,2.2,1.7,0.7,1572.108,11.0,0.36363636363636365,0.36363636363636365,0.2727272727272727,1.4545454545454546,1.1818181818181819,0.9090909090909091,0.2727272727272727,0.5,0.6666666666666666,2.0,1.2,1.6,1.3,0.9,1527.194,0.0,0.5454545454545454,0.5454545454545455,0.6000000000000001,44.91399999999999,0.0,0.0,0.0,0.0,1.0,1.0,1.0,FIFA/World Cup,semi-finals,191979,2006-07-05T19:00:00+00:00,2006-07-05,Portugal,France,0,1,A,11.0,6.0,6.0,3.0,espn
15.0,0.6,0.2,0.2,2.0,1.7333333333333334,0.7333333333333333,1.0,1.8181818181818181,1.0,1.5,0.0,1.7,1.3,1.0,1596.425,12.0,0.5833333333333334,0.08333333333333333,0.3333333333333333,1.8333333333333333,1.5833333333333333,0.9166666666666666,0.6666666666666666,1.5555555555555556,0.8888888888888888,1.6666666666666667,1.0,1.9,1.3,0.8,1551.947,3.0,0.16666666666666674,0.33333333333333337,-0.19999999999999996,44.478000000000065,0.0,0.0,0.0,0.0,1.0,1.0,1.0,FIFA/World Cup,third-place,191980,2006-07-08T19:00:00+00:00,2006-07-08,Germany,Portugal,3,1,H,16.0,17.0,5.0,10.0,espn
13.0,0.5384615384615384,0.3076923076923077,0.15384615384615385,1.9230769230769231,1.4615384615384615,0.6153846153846154,0.8461538461538461,1.625,0.625,1.2,0.6,2.1,1.5,0.5,1599.417,12.0,0.4166666666666667,0.3333333333333333,0.25,1.5833333333333333,1.1666666666666667,0.8333333333333334,0.3333333333333333,0.5,0.6666666666666666,1.8333333333333333,1.0,1.8,1.4,0.9,1547.355,1.0,0.33974358974358987,0.5128205128205128,0.30000000000000004,52.0619999999999,0.0,0.0,0.0,0.0,1.0,1.0,1.0,FIFA/World Cup,final,191983,2006-07-09T18:00:00+00:00,2006-07-09,Italy,France,1,1,H,6.0,14.0,2.0,7.0,espn
7.0,0.2857142857142857,0.2857142857142857,0.42857142857142855,1.1428571428571428,0.7142857142857143,0.8571428571428571,-0.14285714285714285,0.75,0.75,0.6666666666666666,1.0,0.8,0.7142857142857143,0.8571428571428571,1491.17,8.0,0.625,0.0,0.375,1.875,1.625,1.125,0.5,1.25,1.25,2.0,1.0,1.5,1.625,1.125,1520.58,-1.0,-0.7321428571428572,-0.6428571428571428,-0.7,-29.409999999999854,0.0,0.0,0.0,0.0,0.0,0.0,1.0,UEFA/European Championship,group-stage,232256,2008-06-07T16:00:00+00:00,2008-06-07,Switzerland,Czechia,0,1,A,12.0,4.0,6.0,2.0,espn
13.0,0.5384615384615384,0.07692307692307693,0.38461538461538464,1.6923076923076923,1.5384615384615385,1.0769230769230769,0.46153846153846156,1.5555555555555556,0.8888888888888888,1.5,1.5,1.9,1.3,0.9,1534.687,6.0,0.5,0.16666666666666666,0.3333333333333333,1.6666666666666667,1.1666666666666667,0.6666666666666666,0.5,3.0,0.0,0.8,0.8,1.0,1.1666666666666667,0.6666666666666666,1525.826,7.0,0.02564102564102555,-0.038461538461538436,0.8999999999999999,8.860999999999876,0.0,0.0,0.0,0.0,0.0,0.0,1.0,UEFA/European Championship,group-stage,232257,2008-06-07T18:45:00+00:00,2008-06-07,Portugal,Türkiye,2,0,H,16.0,6.0,7.0,3.0,espn
0.0,0.0,0.0,0.0,0.0,0.0,0.0,0.0,0.0,0.0,0.0,0.0,0.0,0.0,0.0,1500.0,9.0,0.1111111111111111,0.4444444444444444,0.4444444444444444,0.7777777777777778,0.8888888888888888,1.3333333333333333,-0.4444444444444444,1.5,2.25,0.4,0.6,0.7,0.8888888888888888,1.3333333333333333,1460.1,-9.0,-0.7777777777777778,0.4444444444444444,-0.7,39.90000000000009,0.0,0.0,0.0,0.0,0.0,0.0,1.0,UEFA/European Championship,group-stage,232258,2008-06-08T16:00:00+00:00,2008-06-08,Austria,Croatia,0,1,A,18.0,9.0,8.0,3.0,espn
16.0,0.625,0.1875,0.1875,2.0625,1.8125,0.75,1.0625,1.9166666666666667,1.0,1.5,0.0,2.0,1.6,0.9,1613.685,5.0,0.2,0.0,0.8,0.6,0.4,2.0,-1.6,0.0,2.0,0.5,2.0,0.3,0.4,2.0,1446.008,11.0,1.4625,2.6625,1.7,167.6769999999999,1.0,1.0,0.0,1.0,0.0,0.0,1.0,UEFA/European Championship,group-stage,232259,2008-06-08T18:45:00+00:00,2008-06-08,Germany,Poland,2,0,H,9.0,11.0,6.0,6.0,espn
0.0,0.0,0.0,0.0,0.0,0.0,0.0,0.0,0.0,0.0,0.0,0.0,0.0,0.0,0.0,1500.0,13.0,0.38461538461538464,0.3076923076923077,0.3076923076923077,1.4615384615384615,1.1538461538461537,0.8461538461538461,0.3076923076923077,0.5,0.6666666666666666,1.7142857142857142,1.0,1.8,1.5,0.8,1532.148,-13.0,-1.4615384615384615,-0.3076923076923077,-1.8,-32.14799999999991,0.0,0.0,0.0,0.0,0.0,0.0,1.0,UEFA/European Championship,group-stage,232260,2008-06-09T16:00:00+00:00,2008-06-09,Romania,France,0,0,D,6.0,11.0,2.0,3.0,espn
8.0,0.25,0.375,0.375,1.125,1.125,1.0,0.125,1.75,1.0,0.5,1.0,0.9,1.125,1.0,1496.22,14.0,0.5714285714285714,0.2857142857142857,0.14285714285714285,2.0,1.4285714285714286,0.6428571428571429,0.7857142857142857,1.5555555555555556,0.6666666666666666,1.2,0.6,2.4,1.5,0.4,1614.624,-6.0,-0.875,-0.6607142857142857,-1.5,-118.404,0.0,0.0,0.0,0.0,0.0,0.0,1.0,UEFA/European Championship,group-stage,232261,2008-06-09T18:45:00+00:00,2008-06-09,Netherlands,Italy,3,0,H,16.0,13.0,11.0,6.0,espn
11.0,0.6363636363636364,0.09090909090909091,0.2727272727272727,2.0,1.6363636363636365,0.9090909090909091,0.7272727272727273,1.8571428571428572,1.0,1.25,0.75,1.9,1.5,0.9,1554.927,5.0,0.4,0.0,0.6,1.2,0.8,1.0,-0.2,1.3333333333333333,1.0,0.0,1.0,0.6,0.8,1.0,1488.055,6.0,0.8,0.9272727272727272,1.2999999999999998,66.87199999999984,1.0,1.0,0.0,1.0,0.0,0.0,1.0,UEFA/European Championship,group-stage,232262,2008-06-10T16:00:00+00:00,2008-06-10,Spain,Russia,4,1,H,20.0,12.0,16.0,6.0,espn
6.0,0.6666666666666666,0.16666666666666666,0.16666666666666666,2.1666666666666665,1.1666666666666667,0.6666666666666666,0.5,1.0,0.5,1.25,0.75,1.3,1.1666666666666667,0.6666666666666666,1546.263,11.0,0.18181818181818182,0.6363636363636364,0.18181818181818182,1.1818181818181819,1.2727272727272727,1.0,0.2727272727272727,1.6666666666666667,0.8333333333333334,0.8,1.2,1.2,1.3,1.0,1507.47,-5.0,0.9848484848484846,0.2272727272727273,0.10000000000000009,38.79299999999989,0.0,0.0,0.0,0.0,0.0,0.0,1.0,UEFA/European Championship,group-stage,232263,2008-06-10T18:45:00+00:00,2008-06-10,Greece,Sweden,0,2,A,6.0,10.0,6.0,5.0,espn
9.0,0.6666666666666666,0.0,0.3333333333333333,2.0,1.5555555555555556,1.0,0.5555555555555556,1.25,1.25,1.8,0.8,1.8,1.5555555555555556,1.0,1534.116,14.0,0.5714285714285714,0.07142857142857142,0.35714285714285715,1.7857142857142858,1.5714285714285714,1.0,0.5714285714285714,1.6,0.8,1.5,1.5,1.9,1.3,0.9,1550.638,-5.0,0.2142857142857142,-0.015873015873015817,-0.09999999999999987,-16.521999999999935,0.0,0.0,0.0,0.0,0.0,0.0,1.0,UEFA/European Championship,group-stage,232264,2008-06-11T16:00:00+00:00,2008-06-11,Czechia,Portugal,1,3,A,8.0,16.0,3.0,13.0,espn
8.0,0.25,0.25,0.5,1.0,0.625,0.875,-0.25,0.6,0.8,0.6666666666666666,1.0,0.8,0.625,0.875,1477.634,7.0,0.42857142857142855,0.14285714285714285,0.42857142857142855,1.4285714285714286,1.0,0.8571428571428571,0.14285714285714285,3.0,0.0,0.6666666666666666,1.0,1.0,1.0,0.8571428571428571,1509.875,1.0,-0.4285714285714286,-0.39285714285714285,-0.19999999999999996,-32.240999999999985,0.0,0.0,0.0,0.0,0.0,0.0,1.0,UEFA/European Championship,group-stage,232265,2008-06-11T18:45:00+00:00,2008-06-11,Switzerland,Türkiye,1,2,A,13.0,7.0,8.0,4.0,espn
10.0,0.2,0.4,0.4,1.0,0.9,1.2,-0.3,1.5,2.25,0.5,0.5,1.0,0.9,1.2,1476.574,17.0,0.6470588235294118,0.17647058823529413,0.17647058823529413,2.1176470588235294,1.8235294117647058,0.7058823529411765,1.1176470588235294,1.9230769230769231,0.9230769230769231,1.5,0.0,2.2,1.7,0.8,1622.715,-7.0,-1.1176470588235294,-1.4176470588235295,-1.2000000000000002,-146.14099999999985,0.0,0.0,0.0,0.0,0.0,0.0,1.0,UEFA/European Championship,group-stage,232266,2008-06-12T16:00:00+00:00,2008-06-12,Croatia,Germany,2,1,H,12.0,7.0,8.0,2.0,espn
1.0,0.0,0.0,1.0,0.0,0.0,1.0,-1.0,0.0,1.0,0.0,0.0,0.0,0.0,1.0,1483.526,6.0,0.16666666666666666,0.0,0.8333333333333334,0.5,0.3333333333333333,2.0,-1.6666666666666667,0.0,2.0,0.4,2.0,0.3,0.3333333333333333,2.0,1436.978,-5.0,-0.5,0.6666666666666667,-0.3,46.548,0.0,0.0,0.0,0.0,0.0,0.0,1.0,UEFA/European Championship,group-stage,232267,2008-06-12T18:45:00+00:00,2008-06-12,Austria,Poland,1,1,D,14.0,12.0,6.0,9.0,espn
15.0,0.5333333333333333,0.26666666666666666,0.2,1.8666666666666667,1.3333333333333333,0.8,0.5333333333333333,1.5555555555555556,0.6666666666666666,1.0,1.0,2.3,1.5,0.7,1590.78,1.0,0.0,1.0,0.0,1.0,0.0,0.0,0.0,0.0,0.0,0.0,0.0,0.1,0.0,0.0,1501.364,14.0,0.8666666666666667,0.5333333333333333,2.1999999999999997,89.41599999999994,0.0,0.0,0.0,0.0,0.0,0.0,1.0,UEFA/European Championship,group-stage,232268,2008-06-13T16:00:00+00:00,2008-06-13,Italy,Romania,1,1,D,7.0,12.0,4.0,8.0,espn
9.0,0.3333333333333333,0.3333333333333333,0.3333333333333333,1.3333333333333333,1.3333333333333333,0.8888888888888888,0.4444444444444444,2.0,0.8,0.5,1.0,1.2,1.3333333333333333,0.8888888888888888,1520.064,14.0,0.35714285714285715,0.35714285714285715,0.2857142857142857,1.4285714285714286,1.0714285714285714,0.7857142857142857,0.2857142857142857,0.5,0.6666666666666666,1.5,0.875,1.6,1.3,0.7,1530.784,-5.0,-0.09523809523809534,0.15873015873015872,-0.40000000000000013,-10.720000000000027,0.0,0.0,0.0,0.0,0.0,0.0,1.0,UEFA/European Championship,group-stage,232269,2008-06-13T18:45:00+00:00,2008-06-13,Netherlands,France,4,1,H,15.0,17.0,12.0,8.0,espn
12.0,0.25,0.5833333333333334,0.16666666666666666,1.3333333333333333,1.3333333333333333,0.9166666666666666,0.4166666666666667,1.6666666666666667,0.8333333333333334,1.0,1.0,1.4,1.4,0.9,1525.658,12.0,0.6666666666666666,0.08333333333333333,0.25,2.0833333333333335,1.8333333333333333,0.9166666666666666,0.9166666666666666,2.125,1.0,1.25,0.75,1.9,1.6,0.8,1569.466,0.0,-0.7500000000000002,-0.49999999999999994,-0.5,-43.80799999999999,0.0,0.0,0.0,0.0,0.0,0.0,1.0,UEFA/European Championship,group-stage,232270,2008-06-14T16:00:00+00:00,2008-06-14,Sweden,Spain,1,2,A,9.0,13.0,3.0,9.0,espn
7.0,0.5714285714285714,0.14285714285714285,0.2857142857142857,1.8571428571428572,1.0,0.8571428571428571,0.14285714285714285,0.6666666666666666,1.0,1.25,0.75,1.3,1.0,0.8571428571428571,1528.075,6.0,0.3333333333333333,0.0,0.6666666666666666,1.0,0.8333333333333334,1.5,-0.6666666666666666,1.3333333333333333,1.0,0.3333333333333333,2.0,0.6,0.8333333333333334,1.5,1473.516,1.0,0.8571428571428572,0.8095238095238095,0.7000000000000001,54.55899999999997,1.0,0.0,0.0,-1.0,0.0,0.0,1.0,UEFA/European Championship,group-stage,232271,2008-06-14T18:45:00+00:00,2008-06-14,Greece,Russia,0,1,A,8.0,19.0,5.0,6.0,espn
9.0,0.2222222222222222,0.2222222222222222,0.5555555555555556,0.8888888888888888,0.6666666666666666,1.0,-0.3333333333333333,0.6666666666666666,1.0,0.6666666666666666,1.0,0.8,0.6666666666666666,1.0,1464.218,15.0,0.6,0.06666666666666667,0.3333333333333333,1.8666666666666667,1.6666666666666667,1.0,0.6666666666666666,1.6,0.8,1.8,1.4,1.9,1.5,1.0,1566.228,-6.0,-0.9777777777777779,-1.0,-1.0999999999999999,-102.00999999999999,0.0,0.0,0.0,0.0,0.0,0.0,1.0,UEFA/European Championship,group-stage,232273,2008-06-15T18:45:00+00:00,2008-06-15,Switzerland,Portugal,2,0,H,12.0,10.0,8.0,5.0,espn
8.0,0.5,0.125,0.375,1.625,1.125,0.875,0.25,3.0,0.0,0.8571428571428571,1.0,1.3,1.125,0.875,1523.291,10.0,0.6,0.0,0.4,1.8,1.5,1.2,0.3,1.2,1.6,1.8,0.8,1.8,1.5,1.2,1518.526,-2.0,-0.17500000000000004,-0.04999999999999999,-0.5,4.764999999999873,0.0,0.0,0.0,0.0,0.0,0.0,1.0,UEFA/European Championship,group-stage,232272,2008-06-15T18:45:00+00:00,2008-06-15,Türkiye,Czechia,3,2,H,17.0,12.0,11.0,4.0,espn
2.0,0.0,0.5,0.5,0.5,0.5,1.0,-0.5,0.5,1.0,0.0,0.0,0.1,0.5,1.0,1481.557,18.0,0.6111111111111112,0.16666666666666666,0.2222222222222222,2.0,1.7777777777777777,0.7777777777777778,1.0,1.9230769230769231,0.9230769230769231,1.4,0.4,2.1,1.8,1.0,1602.055,-16.0,-1.5,-1.5,-2.0,-120.49800000000005,0.0,0.0,0.0,0.0,0.0,0.0,1.0,UEFA/European Championship,group-stage,232275,2008-06-16T18:45:00+00:00,2008-06-16,Austria,Germany,0,1,A,9.0,16.0,0.0,7.0,espn
7.0,0.14285714285714285,0.14285714285714285,0.7142857142857143,0.5714285714285714,0.42857142857142855,1.8571428571428572,-1.4285714285714286,0.0,2.0,0.5,1.8333333333333333,0.4,0.42857142857142855,1.8571428571428572,1438.947,11.0,0.2727272727272727,0.36363636363636365,0.36363636363636365,1.1818181818181819,1.0,1.1818181818181819,-0.18181818181818182,1.6,2.0,0.5,0.5,1.3,1.1,1.2,1497.234,-4.0,-0.6103896103896105,-1.2467532467532467,-0.9,-58.287000000000035,0.0,0.0,0.0,0.0,0.0,0.0,1.0,UEFA/European Championship,group-stage,232274,2008-06-16T18:45:00+00:00,2008-06-16,Poland,Croatia,0,1,A,20.0,15.0,7.0,5.0,espn
15.0,0.3333333333333333,0.3333333333333333,0.3333333333333333,1.3333333333333333,1.0666666666666667,1.0,0.06666666666666667,0.5,0.6666666666666666,1.4444444444444444,1.2222222222222223,1.5,1.2,0.9,1512.278,16.0,0.5,0.3125,0.1875,1.8125,1.3125,0.8125,0.5,1.5,0.7,1.0,1.0,2.3,1.5,0.7,1587.057,-1.0,-0.47916666666666674,-0.43333333333333335,-0.7999999999999998,-74.779,1.0,0.0,0.0,0.0,0.0,0.0,1.0,UEFA/European Championship,group-stage,232276,2008-06-17T18:45:00+00:00,2008-06-17,France,Italy,0,2,A,13.0,13.0,7.0,5.0,espn
10.0,0.4,0.3,0.3,1.5,1.6,0.9,0.7,2.3333333333333335,0.8333333333333334,0.5,1.0,1.5,1.6,0.9,1538.57,2.0,0.0,1.0,0.0,1.0,0.5,0.5,0.0,0.0,0.0,1.0,1.0,0.2,0.5,0.5,1505.087,8.0,0.5,0.7,1.3,33.48299999999995,0.0,0.0,0.0,0.0,0.0,0.0,1.0,UEFA/European Championship,group-stage,232277,2008-06-17T18:45:00+00:00,2008-06-17,Netherlands,Romania,2,0,H,14.0,8.0,6.0,1.0,espn
8.0,0.5,0.125,0.375,1.625,0.875,0.875,0.0,0.5,1.0,1.25,0.75,1.3,0.875,0.875,1510.988,13.0,0.6923076923076923,0.07692307692307693,0.23076923076923078,2.1538461538461537,1.8461538461538463,0.9230769230769231,0.9230769230769231,2.125,1.0,1.4,0.8,1.9,1.7,0.8,1582.396,-5.0,-0.5288461538461537,-0.9230769230769231,-0.5999999999999999,-71.4079999999999,1.0,0.0,1.0,0.0,0.0,0.0,1.0,UEFA/European Championship,group-stage,232279,2008-06-18T18:45:00+00:00,2008-06-18,Greece,Spain,1,2,A,13.0,19.0,5.0,6.0,espn
7.0,0.42857142857142855,0.0,0.5714285714285714,1.2857142857142858,0.8571428571428571,1.2857142857142858,-0.42857142857142855,1.3333333333333333,1.0,0.5,1.5,0.9,0.8571428571428571,1.2857142857142858,1490.603,13.0,0.23076923076923078,0.5384615384615384,0.23076923076923078,1.2307692307692308,1.3076923076923077,1.0,0.3076923076923077,1.5714285714285714,1.0,1.0,1.0,1.4,1.4,0.9,1512.728,-6.0,0.05494505494505497,-0.7362637362637363,-0.4999999999999999,-22.125,0.0,0.0,0.0,0.0,0.0,0.0,1.0,UEFA/European Championship,group-stage,232278,2008-06-18T18:45:00+00:00,2008-06-18,Russia,Sweden,2,0,H,15.0,12.0,6.0,6.0,espn
16.0,0.5625,0.0625,0.375,1.75,1.5625,1.0625,0.5,1.6,0.8,1.5,1.5,1.8,1.3,1.0,1545.188,19.0,0.631578947368421,0.15789473684210525,0.21052631578947367,2.0526315789473686,1.736842105263158,0.7368421052631579,1.0,1.9230769230769231,0.9230769230769231,1.3333333333333333,0.3333333333333333,2.4,1.8,0.8,1611.908,-3.0,-0.3026315789473686,-0.5,-0.5999999999999999,-66.7199999999998,1.0,0.0,0.0,-2.0,0.0,1.0,1.0,UEFA/European Championship,quarterfinals,232280,2008-06-19T18:45:00+00:00,2008-06-19,Portugal,Germany,2,3,A,21.0,10.0,10.0,5.0,espn
12.0,0.3333333333333333,0.3333333333333333,0.3333333333333333,1.3333333333333333,1.0,1.0833333333333333,-0.08333333333333333,1.6,2.0,0.5714285714285714,0.42857142857142855,1.3,1.0,1.1,1509.561,9.0,0.5555555555555556,0.1111111111111111,0.3333333333333333,1.7777777777777777,1.3333333333333333,1.0,0.3333333333333333,3.0,1.0,0.8571428571428571,1.0,1.6,1.3333333333333333,1.0,1537.872,3.0,-0.4444444444444444,-0.41666666666666663,-0.30000000000000004,-28.31100000000015,0.0,0.0,0.0,0.0,0.0,1.0,1.0,UEFA/European Championship,quarterfinals,232281,2008-06-20T18:45:00+00:00,2008-06-20,Croatia,Türkiye,1,1,D,15.0,10.0,7.0,4.0,espn
11.0,0.45454545454545453,0.2727272727272727,0.2727272727272727,1.6363636363636365,1.6363636363636365,0.8181818181818182,0.8181818181818182,2.2857142857142856,0.7142857142857143,0.5,1.0,1.7,1.7,0.8,1553.365,8.0,0.5,0.0,0.5,1.5,1.0,1.125,-0.125,1.5,0.75,0.5,1.5,1.2,1.0,1.125,1508.012,3.0,0.13636363636363646,0.9431818181818182,0.5,45.353000000000065,0.0,0.0,0.0,0.0,0.0,1.0,1.0,UEFA/European Championship,quarterfinals,232282,2008-06-21T18:45:00+00:00,2008-06-21,Netherlands,Russia,1,3,A,28.0,26.0,14.0,13.0,espn
14.0,0.7142857142857143,0.07142857142857142,0.21428571428571427,2.2142857142857144,1.8571428571428572,0.9285714285714286,0.9285714285714286,2.125,1.0,1.5,0.8333333333333334,2.2,1.9,0.9,1594.184,17.0,0.5294117647058824,0.29411764705882354,0.17647058823529413,1.8823529411764706,1.3529411764705883,0.7647058823529411,0.5882352941176471,1.5,0.7,1.1428571428571428,0.8571428571428571,2.3,1.5,0.6,1599.956,-3.0,0.33193277310924385,0.3403361344537815,-0.09999999999999964,-5.7719999999999345,0.0,0.0,0.0,0.0,0.0,1.0,1.0,UEFA/European Championship,quarterfinals,232283,2008-06-22T18:45:00+00:00,2008-06-22,Spain,Italy,0,0,D,27.0,12.0,10.0,6.0,espn
20.0,0.65,0.15,0.2,2.1,1.8,0.8,1.0,1.9230769230769231,0.9230769230769231,1.5714285714285714,0.5714285714285714,2.4,1.7,0.8,1623.887,10.0,0.5,0.2,0.3,1.7,1.3,1.0,0.3,3.0,1.0,0.875,1.0,1.7,1.3,1.0,1536.67,10.0,0.40000000000000013,0.7,0.7,87.21699999999987,0.0,0.0,0.0,0.0,0.0,1.0,1.0,UEFA/European Championship,semifinals,232284,2008-06-25T18:45:00+00:00,2008-06-25,Germany,Türkiye,3,2,H,9.0,22.0,5.0,15.0,espn
9.0,0.5555555555555556,0.0,0.4444444444444444,1.6666666666666667,1.2222222222222223,1.1111111111111112,0.1111111111111111,1.5,0.75,1.0,1.4,1.5,1.2222222222222223,1.1111111111111112,1526.505,15.0,0.6666666666666666,0.13333333333333333,0.2,2.1333333333333333,1.7333333333333334,0.8666666666666667,0.8666666666666667,1.8888888888888888,0.8888888888888888,1.5,0.8333333333333334,2.0,1.8,0.9,1594.43,-6.0,-0.46666666666666656,-0.7555555555555555,-0.5,-67.92499999999995,2.0,0.0,0.0,-2.0,0.0,1.0,1.0,UEFA/European Championship,semifinals,232285,2008-06-26T18:45:00+00:00,2008-06-26,Russia,Spain,0,3,A,9.0,18.0,4.0,12.0,espn
21.0,0.6666666666666666,0.14285714285714285,0.19047619047619047,2.142857142857143,1.8571428571428572,0.8571428571428571,1.0,2.0,1.0,1.5714285714285714,0.5714285714285714,2.4,1.9,1.0,1635.036,16.0,0.6875,0.125,0.1875,2.1875,1.8125,0.8125,1.0,1.8888888888888888,0.8888888888888888,1.7142857142857142,0.7142857142857143,2.2,2.0,0.8,1608.916,5.0,-0.044642857142857206,0.0,0.19999999999999973,26.12000000000012,0.0,0.0,0.0,0.0,0.0,1.0,1.0,UEFA/European Championship,final,232286,2008-06-29T18:45:00+00:00,2008-06-29,Germany,Spain,0,1,A,4.0,14.0,3.0,8.0,espn
3.0,0.3333333333333333,0.3333333333333333,0.3333333333333333,1.3333333333333333,1.6666666666666667,1.6666666666666667,0.0,1.5,1.5,2.0,2.0,0.4,1.6666666666666667,1.6666666666666667,1499.135,7.0,0.2857142857142857,0.2857142857142857,0.42857142857142855,1.1428571428571428,0.8571428571428571,1.1428571428571428,-0.2857142857142857,0.75,1.0,1.0,1.3333333333333333,0.8,0.8571428571428571,1.1428571428571428,1479.644,-4.0,0.19047619047619047,0.2857142857142857,-0.4,19.490999999999985,0.0,0.0,0.0,0.0,1.0,0.0,1.0,FIFA/World Cup,group-stage,264031,2010-06-11T14:00:00+00:00,2010-06-11,South Africa,Mexico,1,1,D,9.0,14.0,5.0,5.0,espn
3.0,0.0,0.6666666666666666,0.3333333333333333,0.6666666666666666,1.3333333333333333,1.6666666666666667,-0.3333333333333333,1.0,2.0,1.5,1.5,0.2,1.3333333333333333,1.6666666666666667,1483.967,16.0,0.3125,0.3125,0.375,1.25,1.0,1.0625,-0.0625,0.42857142857142855,0.8571428571428571,1.4444444444444444,1.2222222222222223,1.2,0.9,1.0,1499.379,-13.0,-0.5833333333333334,-0.2708333333333333,-1.0,-15.411999999999807,1.0,0.0,1.0,0.0,1.0,0.0,1.0,FIFA/World Cup,group-stage,264032,2010-06-11T18:30:00+00:00,2010-06-11,Uruguay,France,0,0,D,7.0,20.0,3.0,3.0,espn
8.0,0.5,0.25,0.25,1.75,1.0,0.875,0.125,1.1666666666666667,0.6666666666666666,0.5,1.5,1.4,1.0,0.875,1526.574,9.0,0.4444444444444444,0.1111111111111111,0.4444444444444444,1.4444444444444444,0.8888888888888888,1.0,-0.1111111111111111,0.6,1.2,1.25,0.75,1.3,0.8888888888888888,1.0,1499.2,-1.0,0.3055555555555556,0.2361111111111111,0.09999999999999987,27.374000000000024,0.0,0.0,0.0,0.0,1.0,0.0,1.0,FIFA/World Cup,group-stage,264038,2010-06-12T11:30:00+00:00,2010-06-12,South Korea,Greece,2,0,H,17.0,6.0,4.0,2.0,espn
7.0,0.5714285714285714,0.2857142857142857,0.14285714285714285,2.0,1.8571428571428572,0.5714285714285714,1.2857142857142858,2.75,0.5,0.6666666666666666,0.6666666666666666,1.4,1.8571428571428572,0.5714285714285714,1551.708,2.0,0.0,0.5,0.5,0.5,0.0,0.5,-0.5,0.0,0.0,0.0,1.0,0.1,0.0,0.5,1483.054,5.0,1.5,1.7857142857142858,1.2999999999999998,68.654,1.0,1.0,0.0,1.0,1.0,0.0,1.0,FIFA/World Cup,group-stage,264037,2010-06-12T14:00:00+00:00,2010-06-12,Argentina,Nigeria,1,0,H,20.0,12.0,7.0,1.0,espn
11.0,0.45454545454545453,0.36363636363636365,0.18181818181818182,1.7272727272727273,1.6363636363636365,1.0,0.6363636363636364,1.6,0.2,1.6666666666666667,1.6666666666666667,1.8,1.7,1.0,1557.564,7.0,0.2857142857142857,0.2857142857142857,0.42857142857142855,1.1428571428571428,1.1428571428571428,1.4285714285714286,-0.2857142857142857,1.5,2.5,1.0,1.0,0.8,1.1428571428571428,1.4285714285714286,1484.072,4.0,0.5844155844155845,0.922077922077922,1.0,73.49200000000019,0.0,0.0,0.0,0.0,1.0,0.0,1.0,FIFA/World Cup,group-stage,264043,2010-06-12T18:30:00+00:00,2010-06-12,England,United States,1,1,D,18.0,12.0,6.0,4.0,espn
0.0,0.0,0.0,0.0,0.0,0.0,0.0,0.0,0.0,0.0,0.0,0.0,0.0,0.0,0.0,1500.0,3.0,0.0,0.0,1.0,0.0,0.6666666666666666,2.3333333333333335,-1.6666666666666667,1.0,3.0,0.5,2.0,0.0,0.6666666666666666,2.3333333333333335,1445.673,-3.0,0.0,1.6666666666666667,0.0,54.327,0.0,0.0,0.0,0.0,1.0,0.0,1.0,FIFA/World Cup,group-stage,264044,2010-06-13T11:30:00+00:00,2010-06-13,Algeria,Slovenia,0,1,A,10.0,7.0,2.0,3.0,espn
0.0,0.0,0.0,0.0,0.0,0.0,0.0,0.0,0.0,0.0,0.0,0.0,0.0,0.0,0.0,1500.0,4.0,0.5,0.0,0.5,1.5,1.0,1.5,-0.5,2.0,1.0,0.6666666666666666,1.6666666666666667,0.6,1.0,1.5,1508.996,-4.0,-1.5,0.5,-0.6,-8.996000000000095,0.0,0.0,0.0,0.0,1.0,0.0,1.0,FIFA/World Cup,group-stage,264050,2010-06-13T14:00:00+00:00,2010-06-13,Serbia,Ghana,0,1,A,14.0,15.0,2.0,1.0,espn
22.0,0.6363636363636364,0.13636363636363635,0.22727272727272727,2.0454545454545454,1.7727272727272727,0.8636363636363636,0.9090909090909091,1.8666666666666667,1.0,1.5714285714285714,0.5714285714285714,2.1,1.6,1.1,1619.143,4.0,0.25,0.25,0.5,1.0,1.25,1.5,-0.25,3.0,1.0,0.6666666666666666,1.6666666666666667,0.4,1.25,1.5,1487.834,18.0,1.0454545454545454,1.1590909090909092,1.7000000000000002,131.30899999999997,0.0,0.0,0.0,0.0,1.0,0.0,1.0,FIFA/World Cup,group-stage,264049,2010-06-13T18:30:00+00:00,2010-06-13,Germany,Australia,4,0,H,17.0,11.0,9.0,2.0,espn
12.0,0.4166666666666667,0.25,0.3333333333333333,1.5,1.5833333333333333,1.0,0.5833333333333334,2.125,1.0,0.5,1.0,1.7,1.6,0.8,1534.872,7.0,0.42857142857142855,0.42857142857142855,0.14285714285714285,1.7142857142857142,1.2857142857142858,1.0,0.2857142857142857,1.25,0.75,1.3333333333333333,1.3333333333333333,1.2,1.2857142857142858,1.0,1527.479,5.0,-0.2142857142857142,0.29761904761904767,0.5,7.393000000000029,0.0,0.0,0.0,0.0,1.0,0.0,1.0,FIFA/World Cup,group-stage,264055,2010-06-14T11:30:00+00:00,2010-06-14,Netherlands,Denmark,2,0,H,19.0,11.0,6.0,3.0,espn
6.0,0.16666666666666666,0.3333333333333333,0.5,0.8333333333333334,0.8333333333333334,1.6666666666666667,-0.8333333333333334,0.8,1.4,1.0,3.0,0.5,0.8333333333333334,1.6666666666666667,1467.274,3.0,0.3333333333333333,0.3333333333333333,0.3333333333333333,1.3333333333333333,0.6666666666666666,1.0,-0.3333333333333333,0.5,1.0,1.0,1.0,0.4,0.6666666666666666,1.0,1497.201,3.0,-0.4999999999999999,-0.5,0.09999999999999998,-29.927000000000135,0.0,0.0,0.0,0.0,1.0,0.0,1.0,FIFA/World Cup,group-stage,264056,2010-06-14T14:00:00+00:00,2010-06-14,Japan,Cameroon,1,0,H,3.0,9.0,2.0,2.0,espn
18.0,0.5,0.3333333333333333,0.16666666666666666,1.8333333333333333,1.2777777777777777,0.7222222222222222,0.5555555555555556,1.5,0.7,1.0,0.75,2.1,1.3,0.6,1599.71,5.0,0.4,0.2,0.4,1.4,1.4,1.0,0.4,2.0,1.0,1.0,1.0,0.7,1.4,1.0,1501.453,13.0,0.43333333333333335,0.15555555555555556,1.4000000000000001,98.25700000000006,0.0,0.0,0.0,0.0,1.0,0.0,1.0,FIFA/World Cup,group-stage,264061,2010-06-14T18:30:00+00:00,2010-06-14,Italy,Paraguay,1,1,D,10.0,7.0,5.0,1.0,espn
0.0,0.0,0.0,0.0,0.0,0.0,0.0,0.0,0.0,0.0,0.0,0.0,0.0,0.0,0.0,1500.0,0.0,0.0,0.0,0.0,0.0,0.0,0.0,0.0,0.0,0.0,0.0,0.0,0.0,0.0,0.0,1500.0,0.0,0.0,0.0,0.0,0.0,0.0,0.0,0.0,0.0,1.0,0.0,1.0,FIFA/World Cup,group-stage,264074,2010-06-16T11:30:00+00:00,2010-06-16,Honduras,Chile,0,1,A,7.0,20.0,2.0,5.0,espn
17.0,0.7058823529411765,0.11764705882352941,0.17647058823529413,2.235294117647059,1.7647058823529411,0.7647058823529411,1.0,1.8888888888888888,0.8888888888888888,1.625,0.625,2.5,2.1,0.7,1624.809,10.0,0.3,0.2,0.5,1.1,0.8,0.9,-0.1,0.8571428571428571,0.8571428571428571,0.6666666666666666,1.0,1.1,0.8,0.9,1485.258,7.0,1.1352941176470588,1.1,1.4,139.55099999999993,0.0,0.0,0.0,0.0,1.0,0.0,1.0,FIFA/World Cup,group-stage,264073,2010-06-16T14:00:00+00:00,2010-06-16,Spain,Switzerland,0,1,A,24.0,8.0,8.0,3.0,espn
4.0,0.25,0.5,0.25,1.25,1.5,1.5,0.0,1.3333333333333333,1.3333333333333333,2.0,2.0,0.5,1.5,1.5,1498.134,4.0,0.0,0.75,0.25,0.75,1.0,1.25,-0.25,0.5,1.0,1.5,1.5,0.3,1.0,1.25,1484.759,0.0,0.5,0.25,0.2,13.375,0.0,0.0,0.0,0.0,1.0,0.0,1.0,FIFA/World Cup,group-stage,264033,2010-06-16T18:30:00+00:00,2010-06-16,South Africa,Uruguay,0,3,A,10.0,19.0,3.0,6.0,espn
8.0,0.625,0.25,0.125,2.125,1.75,0.5,1.25,2.4,0.4,0.6666666666666666,0.6666666666666666,1.7,1.75,0.5,1566.087,9.0,0.5555555555555556,0.2222222222222222,0.2222222222222222,1.8888888888888888,1.1111111111111112,0.7777777777777778,0.3333333333333333,1.2857142857142858,0.5714285714285714,0.5,1.5,1.7,1.1111111111111112,0.7777777777777778,1544.797,-1.0,0.23611111111111116,0.9166666666666667,0.0,21.289999999999964,0.0,0.0,0.0,0.0,1.0,0.0,1.0,FIFA/World Cup,group-stage,264039,2010-06-17T11:30:00+00:00,2010-06-17,Argentina,South Korea,4,1,H,22.0,13.0,11.0,2.0,espn
10.0,0.4,0.1,0.5,1.3,0.8,1.1,-0.3,0.6,1.2,1.0,1.0,1.3,0.8,1.1,1480.977,3.0,0.0,0.3333333333333333,0.6666666666666666,0.3333333333333333,0.0,0.6666666666666666,-0.6666666666666666,0.0,0.0,0.0,1.0,0.1,0.0,0.6666666666666666,1468.675,7.0,0.9666666666666668,0.36666666666666664,1.2,12.302000000000135,0.0,0.0,0.0,0.0,1.0,0.0,1.0,FIFA/World Cup,group-stage,264040,2010-06-17T14:00:00+00:00,2010-06-17,Greece,Nigeria,2,1,H,27.0,10.0,11.0,4.0,espn
17.0,0.29411764705882354,0.35294117647058826,0.35294117647058826,1.2352941176470589,0.9411764705882353,1.0,-0.058823529411764705,0.42857142857142855,0.8571428571428571,1.3,1.1,1.3,0.9,0.9,1498.587,8.0,0.25,0.375,0.375,1.125,0.875,1.125,-0.25,0.75,1.0,1.0,1.25,0.9,0.875,1.125,1480.645,9.0,0.11029411764705888,0.19117647058823528,0.4,17.942000000000007,0.0,0.0,0.0,0.0,1.0,0.0,1.0,FIFA/World Cup,group-stage,264034,2010-06-17T18:30:00+00:00,2010-06-17,France,Mexico,0,2,A,13.0,12.0,4.0,5.0,espn
23.0,0.6521739130434783,0.13043478260869565,0.21739130434782608,2.0869565217391304,1.8695652173913044,0.8260869565217391,1.0434782608695652,2.0,0.9375,1.5714285714285714,0.5714285714285714,2.1,1.8,1.1,1634.229,1.0,0.0,0.0,1.0,0.0,0.0,1.0,-1.0,0.0,1.0,0.0,0.0,0.0,0.0,1.0,1482.598,22.0,2.0869565217391304,2.0434782608695654,2.1,151.63100000000009,0.0,0.0,0.0,0.0,1.0,0.0,1.0,FIFA/World Cup,group-stage,264051,2010-06-18T11:30:00+00:00,2010-06-18,Germany,Serbia,0,1,A,15.0,9.0,4.0,3.0,espn
4.0,0.25,0.0,0.75,0.75,0.75,1.75,-1.0,1.0,3.0,0.6666666666666666,1.3333333333333333,0.3,0.75,1.75,1466.308,8.0,0.25,0.375,0.375,1.125,1.125,1.375,-0.25,1.5,2.5,1.0,1.0,0.9,1.125,1.375,1487.795,-4.0,-0.375,-0.75,-0.6000000000000001,-21.48700000000008,0.0,0.0,0.0,0.0,1.0,0.0,1.0,FIFA/World Cup,group-stage,264045,2010-06-18T14:00:00+00:00,2010-06-18,Slovenia,United States,2,2,D,7.0,14.0,4.0,6.0,espn
12.0,0.4166666666666667,0.4166666666666667,0.16666666666666666,1.6666666666666667,1.5833333333333333,1.0,0.5833333333333334,1.5,0.3333333333333333,1.6666666666666667,1.6666666666666667,1.8,1.8,1.1,1553.841,1.0,0.0,0.0,1.0,0.0,0.0,1.0,-1.0,0.0,1.0,0.0,0.0,0.0,0.0,1.0,1479.365,11.0,1.6666666666666667,1.5833333333333335,1.8,74.47599999999989,0.0,0.0,0.0,0.0,1.0,0.0,1.0,FIFA/World Cup,group-stage,264046,2010-06-18T18:30:00+00:00,2010-06-18,England,Algeria,0,0,D,15.0,11.0,6.0,1.0,espn
13.0,0.46153846153846156,0.23076923076923078,0.3076923076923077,1.6153846153846154,1.6153846153846154,0.9230769230769231,0.6923076923076923,2.111111111111111,0.8888888888888888,0.5,1.0,1.7,1.5,0.8,1554.229,7.0,0.2857142857142857,0.2857142857142857,0.42857142857142855,1.1428571428571428,0.8571428571428571,1.4285714285714286,-0.5714285714285714,0.8333333333333334,1.1666666666666667,1.0,3.0,0.8,0.8571428571428571,1.4285714285714286,1486.673,6.0,0.4725274725274726,1.2637362637362637,0.8999999999999999,67.55600000000004,0.0,0.0,0.0,0.0,1.0,0.0,1.0,FIFA/World Cup,group-stage,264057,2010-06-19T11:30:00+00:00,2010-06-19,Netherlands,Japan,1,0,H,9.0,10.0,5.0,3.0,espn
5.0,0.6,0.0,0.4,1.8,1.0,1.2,-0.2,2.0,1.0,0.75,1.25,0.9,1.0,1.2,1526.398,5.0,0.2,0.2,0.6,0.8,1.0,2.0,-1.0,3.0,1.0,0.5,2.25,0.4,1.0,2.0,1472.748,0.0,1.0,0.8,0.5,53.649999999999864,0.0,0.0,0.0,0.0,1.0,0.0,1.0,FIFA/World Cup,group-stage,264052,2010-06-19T14:00:00+00:00,2010-06-19,Ghana,Australia,1,1,D,22.0,8.0,6.0,5.0,espn
4.0,0.25,0.25,0.5,1.0,0.5,1.0,-0.5,0.5,1.0,0.5,1.0,0.4,0.5,1.0,1477.802,8.0,0.375,0.375,0.25,1.5,1.125,1.125,0.0,1.25,0.75,1.0,1.5,1.2,1.125,1.125,1508.122,-4.0,-0.5,-0.5,-0.7999999999999999,-30.320000000000164,0.0,0.0,0.0,0.0,1.0,0.0,1.0,FIFA/World Cup,group-stage,264058,2010-06-19T18:30:00+00:00,2010-06-19,Cameroon,Denmark,1,2,A,23.0,13.0,8.0,6.0,espn
0.0,0.0,0.0,0.0,0.0,0.0,0.0,0.0,0.0,0.0,0.0,0.0,0.0,0.0,0.0,1500.0,6.0,0.3333333333333333,0.3333333333333333,0.3333333333333333,1.3333333333333333,1.3333333333333333,1.0,0.3333333333333333,2.0,1.0,1.0,1.0,0.8,1.3333333333333333,1.0,1506.375,-6.0,-1.3333333333333333,-0.3333333333333333,-0.8,-6.375,0.0,0.0,0.0,0.0,1.0,0.0,1.0,FIFA/World Cup,group-stage,264064,2010-06-20T11:30:00+00:00,2010-06-20,Slovakia,Paraguay,0,2,A,6.0,11.0,1.0,5.0,espn
19.0,0.47368421052631576,0.3684210526315789,0.15789473684210525,1.7894736842105263,1.263157894736842,0.7368421052631579,0.5263157894736842,1.4545454545454546,0.7272727272727273,1.0,0.75,2.1,1.3,0.6,1594.788,0.0,0.0,0.0,0.0,0.0,0.0,0.0,0.0,0.0,0.0,0.0,0.0,0.0,0.0,0.0,1500.0,19.0,1.7894736842105263,0.5263157894736842,2.1,94.78800000000001,0.0,0.0,0.0,0.0,1.0,0.0,1.0,FIFA/World Cup,group-stage,264063,2010-06-20T14:00:00+00:00,2010-06-20,Italy,New Zealand,1,1,D,23.0,3.0,7.0,1.0,espn
11.0,1.0,0.0,0.0,3.0,2.5454545454545454,0.45454545454545453,2.090909090909091,2.125,0.25,3.6666666666666665,1.0,3.0,2.6,0.4,1672.634,3.0,0.3333333333333333,0.0,0.6666666666666666,1.0,1.6666666666666667,2.0,-0.3333333333333333,3.0,2.0,1.0,2.0,0.3,1.6666666666666667,2.0,1484.144,8.0,2.0,2.4242424242424243,2.7,188.49,0.0,0.0,0.0,0.0,1.0,0.0,1.0,FIFA/World Cup,group-stage,264069,2010-06-20T18:30:00+00:00,2010-06-20,Brazil,Ivory Coast,3,1,H,12.0,10.0,6.0,4.0,espn
17.0,0.5294117647058824,0.058823529411764705,0.4117647058823529,1.6470588235294117,1.588235294117647,1.1764705882352942,0.4117647058823529,1.6363636363636365,1.0,1.5,1.5,1.5,1.3,1.2,1533.209,0.0,0.0,0.0,0.0,0.0,0.0,0.0,0.0,0.0,0.0,0.0,0.0,0.0,0.0,0.0,1500.0,17.0,1.6470588235294117,0.4117647058823529,1.5,33.20900000000006,0.0,0.0,0.0,0.0,1.0,0.0,1.0,FIFA/World Cup,group-stage,264070,2010-06-21T11:30:00+00:00,2010-06-21,Portugal,North Korea,7,0,H,26.0,15.0,13.0,4.0,espn
1.0,1.0,0.0,0.0,3.0,1.0,0.0,1.0,0.0,0.0,1.0,0.0,0.3,1.0,0.0,1517.864,11.0,0.36363636363636365,0.18181818181818182,0.45454545454545453,1.2727272727272727,0.8181818181818182,0.8181818181818182,0.0,0.8571428571428571,0.8571428571428571,0.75,0.75,1.3,0.9,0.9,1509.935,-10.0,1.7272727272727273,1.0,-1.0,7.929000000000087,0.0,0.0,0.0,0.0,1.0,0.0,1.0,FIFA/World Cup,group-stage,264076,2010-06-21T14:00:00+00:00,2010-06-21,Chile,Switzerland,1,0,H,20.0,7.0,7.0,1.0,espn
18.0,0.6666666666666666,0.1111111111111111,0.2222222222222222,2.111111111111111,1.6666666666666667,0.7777777777777778,0.8888888888888888,1.7,0.9,1.625,0.625,2.2,1.7,0.8,1600.132,1.0,0.0,0.0,1.0,0.0,0.0,1.0,-1.0,0.0,1.0,0.0,0.0,0.0,0.0,1.0,1482.136,17.0,2.111111111111111,1.8888888888888888,2.2,117.9960000000001,0.0,0.0,0.0,0.0,1.0,0.0,1.0,FIFA/World Cup,group-stage,264075,2010-06-21T18:30:00+00:00,2010-06-21,Spain,Honduras,2,0,H,22.0,9.0,7.0,0.0,espn
18.0,0.2777777777777778,0.3333333333333333,0.3888888888888889,1.1666666666666667,0.8888888888888888,1.0555555555555556,-0.16666666666666666,0.375,1.0,1.3,1.1,1.2,0.9,1.1,1477.789,5.0,0.2,0.4,0.4,1.0,1.2,1.8,-0.6,1.0,1.75,2.0,2.0,0.5,1.2,1.8,1475.607,13.0,0.16666666666666674,0.43333333333333335,0.7,2.1820000000000164,0.0,0.0,0.0,0.0,1.0,0.0,1.0,FIFA/World Cup,group-stage,264036,2010-06-22T14:00:00+00:00,2010-06-22,France,South Africa,1,2,A,10.0,21.0,4.0,10.0,espn
9.0,0.3333333333333333,0.3333333333333333,0.3333333333333333,1.3333333333333333,1.0,1.0,0.0,0.75,1.0,1.2,1.0,1.2,1.0,1.0,1501.443,5.0,0.2,0.6,0.2,1.2,1.4,1.0,0.4,0.5,1.0,2.0,1.0,0.6,1.4,1.0,1507.286,4.0,0.1333333333333333,-0.4,0.6,-5.843000000000075,0.0,0.0,0.0,0.0,1.0,0.0,1.0,FIFA/World Cup,group-stage,264035,2010-06-22T14:00:00+00:00,2010-06-22,Mexico,Uruguay,0,1,A,11.0,15.0,2.0,5.0,espn
11.0,0.45454545454545453,0.09090909090909091,0.45454545454545453,1.4545454545454546,0.9090909090909091,1.0909090909090908,-0.18181818181818182,0.8333333333333334,1.1666666666666667,1.0,1.0,1.3,0.8,1.1,1498.209,9.0,0.6666666666666666,0.2222222222222222,0.1111111111111111,2.2222222222222223,2.0,0.5555555555555556,1.4444444444444444,2.6666666666666665,0.5,0.6666666666666666,0.6666666666666666,2.0,2.0,0.5555555555555556,1586.451,2.0,-0.7676767676767677,-1.6262626262626263,-0.7,-88.24199999999996,0.0,0.0,0.0,0.0,1.0,0.0,1.0,FIFA/World Cup,group-stage,264042,2010-06-22T18:30:00+00:00,2010-06-22,Greece,Argentina,0,2,A,7.0,22.0,3.0,12.0,espn
4.0,0.0,0.25,0.75,0.25,0.25,1.0,-0.75,0.0,0.0,0.3333333333333333,1.3333333333333333,0.1,0.25,1.0,1451.443,10.0,0.5,0.2,0.3,1.7,1.1,1.1,0.0,1.2857142857142858,0.5714285714285714,0.6666666666666666,2.3333333333333335,1.7,1.1,1.1,1524.433,-6.0,-1.45,-0.75,-1.5999999999999999,-72.99000000000001,0.0,0.0,0.0,0.0,1.0,0.0,1.0,FIFA/World Cup,group-stage,264041,2010-06-22T18:30:00+00:00,2010-06-22,Nigeria,South Korea,2,2,D,11.0,16.0,4.0,8.0,espn
5.0,0.2,0.2,0.6,0.8,1.0,1.8,-0.8,1.5,2.5,0.6666666666666666,1.3333333333333333,0.4,1.0,1.8,1467.411,13.0,0.38461538461538464,0.46153846153846156,0.15384615384615385,1.6153846153846154,1.4615384615384615,0.9230769230769231,0.5384615384615384,1.2857142857142858,0.2857142857142857,1.6666666666666667,1.6666666666666667,1.9,1.7,0.9,1550.069,-8.0,-0.8153846153846154,-1.3384615384615386,-1.5,-82.6579999999999,0.0,0.0,0.0,0.0,1.0,0.0,1.0,FIFA/World Cup,group-stage,264047,2010-06-23T14:00:00+00:00,2010-06-23,Slovenia,England,0,1,A,13.0,13.0,6.0,8.0,espn
9.0,0.2222222222222222,0.4444444444444444,0.3333333333333333,1.1111111111111112,1.2222222222222223,1.4444444444444444,-0.2222222222222222,1.5,2.5,1.1428571428571428,1.1428571428571428,1.0,1.2222222222222223,1.4444444444444444,1486.692,2.0,0.0,0.5,0.5,0.5,0.0,0.5,-0.5,0.0,1.0,0.0,0.0,0.1,0.0,0.5,1483.137,7.0,0.6111111111111112,0.2777777777777778,0.9,3.5550000000000637,0.0,0.0,0.0,0.0,1.0,0.0,1.0,FIFA/World Cup,group-stage,264048,2010-06-23T14:00:00+00:00,2010-06-23,United States,Algeria,1,0,H,22.0,19.0,10.0,4.0,espn
6.0,0.16666666666666666,0.3333333333333333,0.5,0.8333333333333334,1.0,1.8333333333333333,-0.8333333333333334,3.0,1.0,0.6,2.0,0.5,1.0,1.8333333333333333,1475.485,2.0,0.5,0.0,0.5,1.5,0.5,0.5,0.0,0.0,1.0,1.0,0.0,0.3,0.5,0.5,1507.798,4.0,-0.6666666666666666,-0.8333333333333334,0.2,-32.3130000000001,0.0,0.0,0.0,0.0,1.0,0.0,1.0,FIFA/World Cup,group-stage,264054,2010-06-23T18:30:00+00:00,2010-06-23,Australia,Serbia,2,1,H,17.0,23.0,7.0,6.0,espn
6.0,0.5,0.16666666666666666,0.3333333333333333,1.6666666666666667,1.0,1.1666666666666667,-0.16666666666666666,1.5,1.0,0.75,1.25,1.0,1.0,1.1666666666666667,1523.661,24.0,0.625,0.125,0.25,2.0,1.7916666666666667,0.8333333333333334,0.9583333333333334,1.8823529411764706,0.9411764705882353,1.5714285714285714,0.5714285714285714,1.8,1.7,1.1,1609.029,-18.0,-0.33333333333333326,-1.125,-0.8,-85.36799999999994,0.0,0.0,0.0,0.0,1.0,0.0,1.0,FIFA/World Cup,group-stage,264053,2010-06-23T18:30:00+00:00,2010-06-23,Ghana,Germany,0,1,A,17.0,13.0,5.0,6.0,espn
7.0,0.42857142857142855,0.2857142857142857,0.2857142857142857,1.5714285714285714,1.4285714285714286,0.8571428571428571,0.5714285714285714,2.0,1.0,1.2,0.8,1.1,1.4285714285714286,0.8571428571428571,1525.79,1.0,0.0,1.0,0.0,1.0,1.0,1.0,0.0,0.0,0.0,1.0,1.0,0.1,1.0,1.0,1504.756,6.0,0.5714285714285714,0.5714285714285714,1.0,21.033999999999878,0.0,0.0,0.0,0.0,1.0,0.0,1.0,FIFA/World Cup,group-stage,264066,2010-06-24T14:00:00+00:00,2010-06-24,Paraguay,New Zealand,0,0,D,17.0,4.0,5.0,0.0,espn
1.0,0.0,0.0,1.0,0.0,0.0,2.0,-2.0,0.0,2.0,0.0,0.0,0.0,0.0,2.0,1480.585,20.0,0.45,0.4,0.15,1.75,1.25,0.75,0.5,1.4166666666666667,0.75,1.0,0.75,1.9,1.2,0.7,1590.032,-19.0,-1.75,-2.5,-1.9,-109.44699999999989,0.0,0.0,0.0,0.0,1.0,0.0,1.0,FIFA/World Cup,group-stage,264065,2010-06-24T14:00:00+00:00,2010-06-24,Slovakia,Italy,3,2,H,12.0,16.0,4.0,6.0,espn
5.0,0.2,0.2,0.6,0.8,0.6,1.2,-0.6,0.6666666666666666,1.3333333333333333,0.5,1.0,0.4,0.6,1.2,1461.493,14.0,0.5,0.21428571428571427,0.2857142857142857,1.7142857142857142,1.5714285714285714,0.8571428571428571,0.7142857142857143,2.0,0.8,0.5,1.0,1.9,1.6,0.8,1568.663,-9.0,-0.9142857142857141,-1.3142857142857143,-1.5,-107.17000000000007,0.0,0.0,0.0,0.0,1.0,0.0,1.0,FIFA/World Cup,group-stage,264060,2010-06-24T18:30:00+00:00,2010-06-24,Cameroon,Netherlands,1,2,A,15.0,15.0,3.0,8.0,espn
9.0,0.4444444444444444,0.3333333333333333,0.2222222222222222,1.6666666666666667,1.2222222222222223,1.1111111111111112,0.1111111111111111,1.25,0.75,1.2,1.4,1.5,1.2222222222222223,1.1111111111111112,1524.431,8.0,0.25,0.25,0.5,1.0,0.75,1.375,-0.625,0.8333333333333334,1.1666666666666667,0.5,2.0,0.8,0.75,1.375,1472.239,1.0,0.6666666666666667,0.7361111111111112,0.7,52.19200000000001,0.0,0.0,0.0,0.0,1.0,0.0,1.0,FIFA/World Cup,group-stage,264059,2010-06-24T18:30:00+00:00,2010-06-24,Denmark,Japan,1,3,A,19.0,15.0,7.0,10.0,espn
1.0,0.0,0.0,1.0,0.0,0.0,7.0,-7.0,0.0,0.0,0.0,7.0,0.0,0.0,7.0,1478.643,4.0,0.25,0.0,0.75,0.75,1.5,2.25,-0.75,3.0,2.0,1.0,2.3333333333333335,0.3,1.5,2.25,1474.154,-3.0,-0.75,-6.25,-0.3,4.489000000000033,0.0,0.0,0.0,0.0,1.0,0.0,1.0,FIFA/World Cup,group-stage,264071,2010-06-25T14:00:00+00:00,2010-06-25,North Korea,Ivory Coast,0,3,A,8.0,28.0,4.0,15.0,espn
18.0,0.5555555555555556,0.05555555555555555,0.3888888888888889,1.7222222222222223,1.8888888888888888,1.1111111111111112,0.7777777777777778,2.0833333333333335,0.9166666666666666,1.5,1.5,1.8,2.0,1.1,1554.566,12.0,1.0,0.0,0.0,3.0,2.5833333333333335,0.5,2.0833333333333335,2.2222222222222223,0.3333333333333333,3.6666666666666665,1.0,3.0,2.5,0.5,1682.624,6.0,-1.2777777777777777,-1.3055555555555558,-1.2,-128.058,0.0,0.0,0.0,0.0,1.0,0.0,1.0,FIFA/World Cup,group-stage,264072,2010-06-25T14:00:00+00:00,2010-06-25,Portugal,Brazil,0,0,D,13.0,19.0,3.0,5.0,espn
2.0,1.0,0.0,0.0,3.0,1.0,0.0,1.0,1.0,0.0,1.0,0.0,0.6,1.0,0.0,1535.32,19.0,0.6842105263157895,0.10526315789473684,0.21052631578947367,2.1578947368421053,1.6842105263157894,0.7368421052631579,0.9473684210526315,1.7272727272727273,0.8181818181818182,1.625,0.625,2.2,1.6,0.7,1613.44,-17.0,0.8421052631578947,0.052631578947368474,-1.6,-78.12000000000012,0.0,0.0,0.0,0.0,1.0,0.0,1.0,FIFA/World Cup,group-stage,264078,2010-06-25T18:30:00+00:00,2010-06-25,Chile,Spain,1,2,A,9.0,9.0,4.0,3.0,espn
12.0,0.3333333333333333,0.16666666666666666,0.5,1.1666666666666667,0.75,0.8333333333333334,-0.08333333333333333,0.8571428571428571,0.8571428571428571,0.6,0.8,1.3,0.9,0.7,1492.479,2.0,0.0,0.0,1.0,0.0,0.0,1.5,-1.5,0.0,1.0,0.0,2.0,0.0,0.0,1.5,1468.828,10.0,1.1666666666666667,1.4166666666666667,1.3,23.651000000000067,0.0,0.0,0.0,0.0,1.0,0.0,1.0,FIFA/World Cup,group-stage,264077,2010-06-25T18:30:00+00:00,2010-06-25,Switzerland,Honduras,0,0,D,17.0,8.0,5.0,2.0,espn
6.0,0.3333333333333333,0.5,0.16666666666666666,1.5,1.3333333333333333,0.8333333333333334,0.5,0.5,1.0,1.75,0.75,0.9,1.3333333333333333,0.8333333333333334,1524.85,11.0,0.45454545454545453,0.2727272727272727,0.2727272727272727,1.6363636363636365,1.1818181818181819,1.1818181818181819,0.0,1.2857142857142858,0.5714285714285714,1.0,2.25,1.5,1.1,1.3,1520.734,-5.0,-0.13636363636363646,0.5,-0.6,4.1159999999999854,0.0,0.0,0.0,0.0,1.0,1.0,1.0,FIFA/World Cup,second-round,264109,2010-06-26T14:00:00+00:00,2010-06-26,Uruguay,South Korea,2,1,H,14.0,15.0,8.0,5.0,espn
10.0,0.3,0.4,0.3,1.3,1.2,1.3,-0.1,1.3333333333333333,1.6666666666666667,1.1428571428571428,1.1428571428571428,1.3,1.2,1.3,1504.373,7.0,0.42857142857142855,0.14285714285714285,0.42857142857142855,1.4285714285714286,0.8571428571428571,1.1428571428571428,-0.2857142857142857,1.0,1.0,0.75,1.25,1.0,0.8571428571428571,1.1428571428571428,1510.1,3.0,-0.12857142857142856,0.1857142857142857,0.30000000000000004,-5.726999999999862,1.0,0.0,0.0,-1.0,1.0,1.0,1.0,FIFA/World Cup,second-round,264108,2010-06-26T18:30:00+00:00,2010-06-26,United States,Ghana,1,2,A,20.0,16.0,6.0,6.0,espn
25.0,0.64,0.12,0.24,2.04,1.76,0.8,0.96,1.8823529411764706,0.9411764705882353,1.5,0.5,2.1,1.8,0.9,1622.59,14.0,0.42857142857142855,0.42857142857142855,0.14285714285714285,1.7142857142857142,1.4285714285714286,0.8571428571428571,0.5714285714285714,1.2857142857142858,0.2857142857142857,1.5714285714285714,1.4285714285714286,2.2,1.7,0.7,1563.761,11.0,0.32571428571428584,0.38857142857142857,-0.10000000000000009,58.82899999999995,0.0,0.0,0.0,0.0,1.0,1.0,1.0,FIFA/World Cup,second-round,264111,2010-06-27T14:00:00+00:00,2010-06-27,Germany,England,4,1,H,17.0,19.0,7.0,9.0,espn
10.0,0.7,0.2,0.1,2.3,2.0,0.5,1.5,2.6666666666666665,0.5,1.0,0.5,2.3,2.0,0.5,1601.311,10.0,0.3,0.3,0.4,1.2,0.9,1.0,-0.1,0.6,1.0,1.2,1.0,1.2,0.9,1.0,1483.879,0.0,1.0999999999999999,1.6,1.0999999999999999,117.43200000000002,1.0,1.0,0.0,1.0,1.0,1.0,1.0,FIFA/World Cup,second-round,264110,2010-06-27T18:30:00+00:00,2010-06-27,Argentina,Mexico,3,1,H,11.0,16.0,6.0,6.0,espn
15.0,0.5333333333333333,0.2,0.26666666666666666,1.8,1.6,0.8666666666666667,0.7333333333333333,2.0,0.8,0.8,1.0,2.2,1.7,0.7,1581.185,2.0,0.5,0.0,0.5,1.5,1.5,2.0,-0.5,1.5,2.0,0.0,0.0,0.3,1.5,2.0,1503.897,13.0,0.30000000000000004,1.2333333333333334,1.9000000000000001,77.28800000000001,0.0,0.0,0.0,0.0,1.0,1.0,1.0,FIFA/World Cup,second-round,264113,2010-06-28T14:00:00+00:00,2010-06-28,Netherlands,Slovakia,2,1,H,16.0,12.0,9.0,3.0,espn
13.0,0.9230769230769231,0.07692307692307693,0.0,2.8461538461538463,2.3846153846153846,0.46153846153846156,1.9230769230769231,2.2222222222222223,0.3333333333333333,2.75,0.75,2.8,2.0,0.3,1676.322,3.0,0.6666666666666666,0.0,0.3333333333333333,2.0,1.0,0.6666666666666666,0.3333333333333333,1.0,1.0,1.0,0.0,0.6,1.0,0.6666666666666666,1521.406,10.0,0.8461538461538463,1.5897435897435899,2.1999999999999997,154.91599999999994,0.0,0.0,0.0,0.0,1.0,1.0,1.0,FIFA/World Cup,second-round,264112,2010-06-28T18:30:00+00:00,2010-06-28,Brazil,Chile,3,0,H,17.0,15.0,6.0,3.0,espn
8.0,0.375,0.375,0.25,1.5,1.25,0.75,0.5,1.3333333333333333,0.6666666666666666,1.2,0.8,1.2,1.25,0.75,1524.71,9.0,0.3333333333333333,0.2222222222222222,0.4444444444444444,1.2222222222222223,1.0,1.3333333333333333,-0.3333333333333333,0.8333333333333334,1.1666666666666667,1.3333333333333333,1.6666666666666667,1.1,1.0,1.3333333333333333,1494.966,-1.0,0.2777777777777777,0.8333333333333333,0.09999999999999987,29.744000000000142,0.0,0.0,0.0,0.0,1.0,1.0,1.0,FIFA/World Cup,second-round,264115,2010-06-29T14:00:00+00:00,2010-06-29,Paraguay,Japan,0,0,A,18.0,16.0,6.0,6.0,espn
20.0,0.7,0.1,0.2,2.2,1.7,0.75,0.95,1.7272727272727273,0.8181818181818182,1.6666666666666667,0.6666666666666666,2.2,1.7,0.8,1627.354,19.0,0.5263157894736842,0.10526315789473684,0.3684210526315789,1.6842105263157894,1.7894736842105263,1.0526315789473684,0.7368421052631579,1.9230769230769231,0.8461538461538461,1.5,1.5,1.6,1.8,1.1,1560.868,1.0,0.5157894736842108,0.2131578947368421,0.6000000000000001,66.4860000000001,1.0,0.0,0.0,-1.0,1.0,1.0,1.0,FIFA/World Cup,second-round,264114,2010-06-29T18:30:00+00:00,2010-06-29,Spain,Portugal,1,0,H,19.0,9.0,10.0,3.0,espn
16.0,0.5625,0.1875,0.25,1.875,1.625,0.875,0.75,2.0,0.8181818181818182,0.8,1.0,2.2,1.7,0.7,1595.139,14.0,0.9285714285714286,0.07142857142857142,0.0,2.857142857142857,2.4285714285714284,0.42857142857142855,2.0,2.3,0.3,2.75,0.75,2.8,2.1,0.3,1688.936,2.0,-0.9821428571428572,-1.25,-0.5999999999999996,-93.79700000000003,0.0,0.0,0.0,0.0,1.0,1.0,1.0,FIFA/World Cup,quarter-finals,264117,2010-07-02T14:00:00+00:00,2010-07-02,Netherlands,Brazil,2,1,H,11.0,15.0,5.0,4.0,espn
7.0,0.42857142857142855,0.42857142857142855,0.14285714285714285,1.7142857142857142,1.4285714285714286,0.8571428571428571,0.5714285714285714,1.0,1.0,1.75,0.75,1.2,1.4285714285714286,0.8571428571428571,1542.502,8.0,0.5,0.125,0.375,1.625,1.0,1.125,-0.125,1.0,1.0,1.0,1.2,1.3,1.0,1.125,1527.67,-1.0,0.08928571428571419,0.6964285714285714,-0.10000000000000009,14.83199999999988,0.0,0.0,0.0,0.0,1.0,1.0,1.0,FIFA/World Cup,quarter-finals,264116,2010-07-02T18:30:00+00:00,2010-07-02,Uruguay,Ghana,1,1,H,19.0,30.0,7.0,10.0,espn
11.0,0.7272727272727273,0.18181818181818182,0.09090909090909091,2.3636363636363638,2.090909090909091,0.5454545454545454,1.5454545454545454,2.7142857142857144,0.5714285714285714,1.0,0.5,2.3,2.2,0.6,1614.648,26.0,0.6538461538461539,0.11538461538461539,0.23076923076923078,2.076923076923077,1.8461538461538463,0.8076923076923077,1.0384615384615385,2.0,0.9444444444444444,1.5,0.5,2.1,1.9,0.9,1640.644,-15.0,0.28671328671328666,0.5069930069930069,0.19999999999999973,-25.996000000000095,1.0,0.0,0.0,0.0,1.0,1.0,1.0,FIFA/World Cup,quarter-finals,264119,2010-07-03T14:00:00+00:00,2010-07-03,Argentina,Germany,0,4,A,20.0,18.0,7.0,6.0,espn
9.0,0.3333333333333333,0.3333333333333333,0.3333333333333333,1.3333333333333333,1.1111111111111112,0.6666666666666666,0.4444444444444444,1.0,0.5,1.2,0.8,1.2,1.1111111111111112,0.6666666666666666,1505.32,21.0,0.7142857142857143,0.09523809523809523,0.19047619047619047,2.238095238095238,1.6666666666666667,0.7142857142857143,0.9523809523809523,1.6666666666666667,0.75,1.6666666666666667,0.6666666666666666,2.5,1.7,0.5,1641.841,-12.0,-0.9047619047619049,-0.5079365079365079,-1.3,-136.52099999999996,0.0,0.0,0.0,0.0,1.0,0.0,1.0,FIFA/World Cup,group-stage,264118,2010-07-03T18:30:00+00:00,2010-07-03,Paraguay,Spain,0,1,A,9.0,16.0,4.0,6.0,espn
8.0,0.5,0.375,0.125,1.875,1.375,0.875,0.5,1.0,1.0,1.75,0.75,1.5,1.375,0.875,1559.604,17.0,0.5882352941176471,0.17647058823529413,0.23529411764705882,1.9411764705882353,1.6470588235294117,0.8823529411764706,0.7647058823529411,2.0,0.8333333333333334,0.8,1.0,2.4,1.9,0.8,1617.712,-9.0,-0.06617647058823528,-0.2647058823529411,-0.8999999999999999,-58.10799999999995,0.0,0.0,0.0,0.0,1.0,1.0,1.0,FIFA/World Cup,semi-finals,264120,2010-07-06T18:30:00+00:00,2010-07-06,Uruguay,Netherlands,2,3,A,12.0,11.0,6.0,7.0,espn
27.0,0.6666666666666666,0.1111111111111111,0.2222222222222222,2.111111111111111,1.9259259259259258,0.7777777777777778,1.1481481481481481,2.0,0.9444444444444444,1.7777777777777777,0.4444444444444444,2.1,2.1,0.9,1662.487,22.0,0.7272727272727273,0.09090909090909091,0.18181818181818182,2.272727272727273,1.6363636363636365,0.6818181818181818,0.9545454545454546,1.6666666666666667,0.75,1.6,0.6,2.5,1.4,0.4,1653.026,5.0,-0.16161616161616177,0.19360269360269355,-0.3999999999999999,9.461000000000013,1.0,0.0,0.0,-1.0,1.0,1.0,1.0,FIFA/World Cup,semi-finals,264121,2010-07-07T18:30:00+00:00,2010-07-07,Germany,Spain,0,1,A,5.0,13.0,2.0,5.0,espn
9.0,0.4444444444444444,0.3333333333333333,0.2222222222222222,1.6666666666666667,1.4444444444444444,1.1111111111111112,0.3333333333333333,1.2,1.4,1.75,0.75,1.5,1.4444444444444444,1.1111111111111112,1544.7,28.0,0.6428571428571429,0.10714285714285714,0.25,2.0357142857142856,1.8571428571428572,0.7857142857142857,1.0714285714285714,1.894736842105263,0.9473684210526315,1.7777777777777777,0.4444444444444444,2.1,2.0,0.8,1644.137,-19.0,-0.36904761904761885,-0.7380952380952381,-0.6000000000000001,-99.4369999999999,0.0,0.0,0.0,0.0,1.0,1.0,1.0,FIFA/World Cup,third-place,264122,2010-07-10T18:30:00+00:00,2010-07-10,Uruguay,Germany,2,3,A,16.0,18.0,7.0,7.0,espn
18.0,0.6111111111111112,0.16666666666666666,0.2222222222222222,2.0,1.7222222222222223,0.9444444444444444,0.7777777777777778,2.0,0.8333333333333334,1.1666666666666667,1.1666666666666667,2.7,2.2,0.9,1632.616,23.0,0.7391304347826086,0.08695652173913043,0.17391304347826086,2.3043478260869565,1.608695652173913,0.6521739130434783,0.9565217391304348,1.6666666666666667,0.75,1.5454545454545454,0.5454545454545454,2.5,1.3,0.3,1671.376,-5.0,-0.30434782608695654,-0.17874396135265702,0.20000000000000018,-38.75999999999999,0.0,0.0,0.0,0.0,1.0,1.0,1.0,FIFA/World Cup,final,264123,2010-07-11T18:30:00+00:00,2010-07-11,Netherlands,Spain,0,1,A,13.0,19.0,5.0,6.0,espn
6.0,0.16666666666666666,0.16666666666666666,0.6666666666666666,0.6666666666666666,1.3333333333333333,2.5,-1.1666666666666667,1.3333333333333333,2.6666666666666665,1.3333333333333333,2.3333333333333335,0.4,1.3333333333333333,2.5,1440.105,0.0,0.0,0.0,0.0,0.0,0.0,0.0,0.0,0.0,0.0,0.0,0.0,0.0,0.0,0.0,1500.0,6.0,0.6666666666666666,-1.1666666666666667,0.4,-59.89499999999998,0.0,0.0,0.0,0.0,0.0,0.0,1.0,CONCACAF/Gold Cup,group-stage-2011,317187,2011-06-05T22:00:00+00:00,2011-06-05,Costa Rica,Cuba,5,0,H,14.0,2.0,7.0,0.0,espn
11.0,0.2727272727272727,0.2727272727272727,0.45454545454545453,1.0909090909090908,0.9090909090909091,1.1818181818181819,-0.2727272727272727,0.6,1.0,1.1666666666666667,1.3333333333333333,0.9,0.9,1.3,1470.542,0.0,0.0,0.0,0.0,0.0,0.0,0.0,0.0,0.0,0.0,0.0,0.0,0.0,0.0,0.0,1500.0,11.0,1.0909090909090908,-0.2727272727272727,0.9,-29.458000000000084,0.0,0.0,0.0,0.0,0.0,0.0,1.0,CONCACAF/Gold Cup,group-stage-2011,317188,2011-06-06T00:00:00+00:00,2011-06-06,Mexico,El Salvador,5,0,H,20.0,7.0,12.0,4.0,espn
0.0,0.0,0.0,0.0,0.0,0.0,0.0,0.0,0.0,0.0,0.0,0.0,0.0,0.0,0.0,1500.0,0.0,0.0,0.0,0.0,0.0,0.0,0.0,0.0,0.0,0.0,0.0,0.0,0.0,0.0,0.0,1500.0,0.0,0.0,0.0,0.0,0.0,0.0,0.0,0.0,0.0,0.0,0.0,1.0,CONCACAF/Gold Cup,group-stage-2011,317193,2011-06-07T01:00:00+00:00,2011-06-07,Jamaica,Grenada,4,0,H,16.0,1.0,9.0,0.0,espn
3.0,0.0,0.3333333333333333,0.6666666666666666,0.3333333333333333,0.0,1.0,-1.0,0.0,1.0,0.0,1.0,0.1,0.0,1.0,1470.042,0.0,0.0,0.0,0.0,0.0,0.0,0.0,0.0,0.0,0.0,0.0,0.0,0.0,0.0,0.0,1500.0,3.0,0.3333333333333333,-1.0,0.1,-29.958000000000084,0.0,0.0,0.0,0.0,0.0,0.0,1.0,CONCACAF/Gold Cup,group-stage-2011,317194,2011-06-07T03:00:00+00:00,2011-06-07,Honduras,Guatemala,0,0,D,10.0,9.0,4.0,1.0,espn
0.0,0.0,0.0,0.0,0.0,0.0,0.0,0.0,0.0,0.0,0.0,0.0,0.0,0.0,0.0,1500.0,0.0,0.0,0.0,0.0,0.0,0.0,0.0,0.0,0.0,0.0,0.0,0.0,0.0,0.0,0.0,1500.0,0.0,0.0,0.0,0.0,0.0,0.0,0.0,0.0,0.0,0.0,0.0,1.0,CONCACAF/Gold Cup,group-stage-2011,317199,2011-06-07T22:00:00+00:00,2011-06-07,Panama,Guadeloupe,3,2,H,8.0,8.0,3.0,4.0,espn
11.0,0.2727272727272727,0.36363636363636365,0.36363636363636365,1.1818181818181819,1.1818181818181819,1.3636363636363635,-0.18181818181818182,1.25,1.75,1.1428571428571428,1.1428571428571428,1.0,1.0,1.3,1486.803,0.0,0.0,0.0,0.0,0.0,0.0,0.0,0.0,0.0,0.0,0.0,0.0,0.0,0.0,0.0,1500.0,11.0,1.1818181818181819,-0.18181818181818182,1.0,-13.196999999999889,0.0,0.0,0.0,0.0,0.0,0.0,1.0,CONCACAF/Gold Cup,group-stage-2011,317200,2011-06-08T00:00:00+00:00,2011-06-08,United States,Canada,2,0,H,14.0,7.0,9.0,3.0,espn
7.0,0.2857142857142857,0.14285714285714285,0.5714285714285714,1.0,1.8571428571428572,2.142857142857143,-0.2857142857142857,2.25,2.0,1.3333333333333333,2.3333333333333335,0.7,1.8571428571428572,2.142857142857143,1462.976,1.0,0.0,0.0,1.0,0.0,0.0,5.0,-5.0,0.0,0.0,0.0,5.0,0.0,0.0,5.0,1478.812,6.0,1.0,4.714285714285714,0.7,-15.835999999999785,0.0,0.0,0.0,0.0,0.0,0.0,1.0,CONCACAF/Gold Cup,group-stage-2011,317189,2011-06-09T23:30:00+00:00,2011-06-09,Costa Rica,El Salvador,1,1,D,9.0,10.0,3.0,4.0,espn
1.0,0.0,0.0,1.0,0.0,0.0,5.0,-5.0,0.0,0.0,0.0,5.0,0.0,0.0,5.0,1477.129,12.0,0.3333333333333333,0.25,0.4166666666666667,1.25,1.25,1.0833333333333333,0.16666666666666666,1.3333333333333333,0.8333333333333334,1.1666666666666667,1.3333333333333333,0.9,1.2,1.2,1491.73,-11.0,-1.25,-5.166666666666667,-0.9,-14.601000000000113,0.0,0.0,0.0,0.0,0.0,0.0,1.0,CONCACAF/Gold Cup,group-stage-2011,317190,2011-06-10T01:00:00+00:00,2011-06-10,Cuba,Mexico,0,5,A,6.0,26.0,3.0,12.0,espn
1.0,1.0,0.0,0.0,3.0,4.0,0.0,4.0,4.0,0.0,0.0,0.0,0.3,4.0,0.0,1519.536,1.0,0.0,1.0,0.0,1.0,0.0,0.0,0.0,0.0,0.0,0.0,0.0,0.1,0.0,0.0,1498.728,0.0,2.0,4.0,0.19999999999999998,20.807999999999993,0.0,0.0,0.0,0.0,0.0,0.0,1.0,CONCACAF/Gold Cup,group-stage-2011,317195,2011-06-10T23:00:00+00:00,2011-06-10,Jamaica,Guatemala,2,0,H,8.0,4.0,5.0,1.0,espn
1.0,0.0,0.0,1.0,0.0,0.0,4.0,-4.0,0.0,0.0,0.0,4.0,0.0,0.0,4.0,1480.464,4.0,0.0,0.5,0.5,0.5,0.0,0.75,-0.75,0.0,0.5,0.0,1.0,0.2,0.0,0.75,1471.314,-3.0,-0.5,-3.25,-0.2,9.149999999999864,0.0,0.0,0.0,0.0,0.0,0.0,1.0,CONCACAF/Gold Cup,group-stage-2011,317196,2011-06-11T01:00:00+00:00,2011-06-11,Grenada,Honduras,1,7,A,6.0,20.0,4.0,13.0,espn
1.0,0.0,0.0,1.0,0.0,0.0,2.0,-2.0,0.0,0.0,0.0,2.0,0.0,0.0,2.0,1483.011,1.0,0.0,0.0,1.0,0.0,2.0,3.0,-1.0,0.0,0.0,2.0,3.0,0.0,2.0,3.0,1485.216,0.0,0.0,-1.0,0.0,-2.2049999999999272,0.0,0.0,0.0,0.0,0.0,0.0,1.0,CONCACAF/Gold Cup,group-stage-2011,317201,2011-06-11T22:00:00+00:00,2011-06-11,Canada,Guadeloupe,1,0,H,18.0,9.0,10.0,4.0,espn
12.0,0.3333333333333333,0.3333333333333333,0.3333333333333333,1.3333333333333333,1.25,1.25,0.0,1.4,1.4,1.1428571428571428,1.1428571428571428,1.2,1.1,1.2,1503.792,1.0,1.0,0.0,0.0,3.0,3.0,2.0,1.0,3.0,2.0,0.0,0.0,0.3,3.0,2.0,1514.784,11.0,-1.6666666666666667,-1.0,0.8999999999999999,-10.99200000000019,0.0,0.0,0.0,0.0,0.0,0.0,1.0,CONCACAF/Gold Cup,group-stage-2011,317202,2011-06-12T00:00:00+00:00,2011-06-12,United States,Panama,1,2,A,15.0,9.0,5.0,2.0,espn
2.0,0.0,0.5,0.5,0.5,0.5,3.0,-2.5,0.0,0.0,0.5,3.0,0.1,0.5,3.0,1478.139,2.0,0.0,0.0,1.0,0.0,0.0,5.0,-5.0,0.0,5.0,0.0,5.0,0.0,0.0,5.0,1458.414,0.0,0.5,2.5,0.1,19.72499999999991,0.0,0.0,0.0,0.0,0.0,0.0,1.0,CONCACAF/Gold Cup,group-stage-2011,317191,2011-06-12T22:00:00+00:00,2011-06-12,El Salvador,Cuba,6,1,H,12.0,6.0,8.0,2.0,espn
13.0,0.38461538461538464,0.23076923076923078,0.38461538461538464,1.3846153846153846,1.5384615384615385,1.0,0.5384615384615384,1.3333333333333333,0.8333333333333334,1.7142857142857142,1.1428571428571428,1.1,1.6,1.1,1510.445,8.0,0.25,0.25,0.5,1.0,1.75,2.0,-0.25,2.0,1.8,1.3333333333333333,2.3333333333333335,0.8,1.75,2.0,1463.649,5.0,0.3846153846153846,0.7884615384615384,0.30000000000000004,46.79600000000005,0.0,0.0,0.0,0.0,0.0,0.0,1.0,CONCACAF/Gold Cup,group-stage-2011,317192,2011-06-13T00:00:00+00:00,2011-06-13,Mexico,Costa Rica,4,1,H,15.0,8.0,11.0,3.0,espn
2.0,0.0,0.5,0.5,0.5,0.0,1.0,-1.0,0.0,0.0,0.0,1.0,0.1,0.0,1.0,1483.339,2.0,0.0,0.0,1.0,0.0,0.5,5.5,-5.0,1.0,7.0,0.0,4.0,0.0,0.5,5.5,1460.414,0.0,0.5,4.0,0.1,22.924999999999955,0.0,0.0,0.0,0.0,0.0,0.0,1.0,CONCACAF/Gold Cup,group-stage-2011,317197,2011-06-13T23:00:00+00:00,2011-06-13,Guatemala,Grenada,4,0,H,25.0,9.0,14.0,1.0,espn
5.0,0.2,0.4,0.4,1.0,1.4,0.8,0.6,0.0,0.5,2.3333333333333335,1.0,0.5,1.4,0.8,1491.364,2.0,1.0,0.0,0.0,3.0,3.0,0.0,3.0,3.0,0.0,0.0,0.0,0.6,3.0,0.0,1534.925,3.0,-2.0,-2.4,-0.09999999999999998,-43.56099999999992,0.0,0.0,0.0,0.0,0.0,0.0,1.0,CONCACAF/Gold Cup,group-stage-2011,317198,2011-06-14T01:00:00+00:00,2011-06-14,Honduras,Jamaica,0,1,A,13.0,10.0,4.0,3.0,espn
2.0,0.5,0.0,0.5,1.5,0.5,1.0,-0.5,1.0,0.0,0.0,2.0,0.3,0.5,1.0,1497.889,2.0,1.0,0.0,0.0,3.0,2.5,1.5,1.0,3.0,2.0,2.0,1.0,0.6,2.5,1.5,1529.1,0.0,-1.5,-1.5,-0.3,-31.211000000000013,0.0,0.0,0.0,0.0,0.0,0.0,1.0,CONCACAF/Gold Cup,group-stage-2011,317203,2011-06-14T23:00:00+00:00,2011-06-14,Canada,Panama,1,1,D,8.0,7.0,3.0,4.0,espn
2.0,0.0,0.0,1.0,0.0,1.0,2.0,-1.0,0.0,0.0,1.0,2.0,0.0,1.0,2.0,1470.338,13.0,0.3076923076923077,0.3076923076923077,0.38461538461538464,1.2307692307692308,1.2307692307692308,1.3076923076923077,-0.07692307692307693,1.3333333333333333,1.5,1.1428571428571428,1.1428571428571428,0.9,1.0,1.4,1489.476,-11.0,-1.2307692307692308,-0.9230769230769231,-0.9,-19.138000000000147,0.0,0.0,0.0,0.0,0.0,0.0,1.0,CONCACAF/Gold Cup,group-stage-2011,317204,2011-06-15T01:00:00+00:00,2011-06-15,Guadeloupe,United States,0,1,A,4.0,19.0,0.0,10.0,espn
9.0,0.2222222222222222,0.2222222222222222,0.5555555555555556,0.8888888888888888,1.6666666666666667,2.2222222222222223,-0.5555555555555556,2.0,1.8,1.25,2.75,0.8,1.6666666666666667,2.2222222222222223,1448.1,6.0,0.16666666666666666,0.3333333333333333,0.5,0.8333333333333334,1.1666666666666667,0.8333333333333334,0.3333333333333333,0.0,0.6666666666666666,2.3333333333333335,1.0,0.5,1.1666666666666667,0.8333333333333334,1478.424,3.0,0.05555555555555547,-0.8888888888888888,0.30000000000000004,-30.32400000000007,0.0,0.0,0.0,0.0,0.0,1.0,1.0,CONCACAF/Gold Cup,quarter-finals,317205,2011-06-18T21:00:00+00:00,2011-06-18,Costa Rica,Honduras,1,1,D,12.0,15.0,5.0,9.0,espn
14.0,0.42857142857142855,0.21428571428571427,0.35714285714285715,1.5,1.7142857142857142,1.0,0.7142857142857143,1.7142857142857142,0.8571428571428571,1.7142857142857142,1.1428571428571428,1.4,2.0,1.0,1525.994,3.0,0.3333333333333333,0.3333333333333333,0.3333333333333333,1.3333333333333333,1.3333333333333333,0.6666666666666666,0.6666666666666666,4.0,0.0,0.0,1.0,0.4,1.3333333333333333,0.6666666666666666,1501.588,11.0,0.16666666666666674,0.04761904761904767,0.9999999999999999,24.40599999999995,0.0,0.0,0.0,0.0,0.0,1.0,1.0,CONCACAF/Gold Cup,quarter-finals,317918,2011-06-19T00:00:00+00:00,2011-06-19,Mexico,Guatemala,2,1,H,18.0,8.0,5.0,5.0,espn
3.0,1.0,0.0,0.0,3.0,2.3333333333333335,0.0,2.3333333333333335,3.0,0.0,1.0,0.0,0.9,2.3333333333333335,0.0,1547.865,14.0,0.35714285714285715,0.2857142857142857,0.35714285714285715,1.3571428571428572,1.2142857142857142,1.2142857142857142,0.0,1.3333333333333333,1.5,1.125,1.0,1.2,1.1,1.3,1503.446,-11.0,1.6428571428571428,2.3333333333333335,-0.29999999999999993,44.419000000000096,0.0,0.0,0.0,0.0,0.0,1.0,1.0,CONCACAF/Gold Cup,quarter-finals,317919,2011-06-19T19:00:00+00:00,2011-06-19,Jamaica,United States,0,2,A,4.0,18.0,2.0,12.0,espn
3.0,0.6666666666666666,0.3333333333333333,0.0,2.3333333333333335,2.0,1.3333333333333333,0.6666666666666666,3.0,2.0,1.5,1.0,0.7,2.0,1.3333333333333333,1527.775,3.0,0.3333333333333333,0.3333333333333333,0.3333333333333333,1.3333333333333333,2.3333333333333335,2.3333333333333335,0.0,6.0,1.0,0.5,3.0,0.4,2.3333333333333335,2.3333333333333335,1496.567,0.0,1.0000000000000002,0.6666666666666666,0.29999999999999993,31.208000000000084,0.0,0.0,0.0,0.0,0.0,1.0,1.0,CONCACAF/Gold Cup,quarter-finals,317920,2011-06-19T22:00:00+00:00,2011-06-19,Panama,El Salvador,1,1,D,24.0,10.0,16.0,4.0,espn
15.0,0.4,0.26666666666666666,0.3333333333333333,1.4666666666666666,1.2666666666666666,1.1333333333333333,0.13333333333333333,1.3333333333333333,1.5,1.2222222222222223,0.8888888888888888,1.5,1.3,1.0,1521.895,4.0,0.5,0.5,0.0,2.0,1.75,1.25,0.5,2.0,1.5,1.5,1.0,0.8,1.75,1.25,1526.451,11.0,-0.5333333333333334,-0.3666666666666667,0.7,-4.55600000000004,1.0,0.0,0.0,-1.0,0.0,1.0,1.0,CONCACAF/Gold Cup,semi-finals,317206,2011-06-22T23:00:00+00:00,2011-06-22,United States,Panama,1,0,H,5.0,6.0,1.0,1.0,espn
7.0,0.14285714285714285,0.42857142857142855,0.42857142857142855,0.8571428571428571,1.1428571428571428,0.8571428571428571,0.2857142857142857,0.0,0.6666666666666666,2.0,1.0,0.6,1.1428571428571428,0.8571428571428571,1477.137,15.0,0.4666666666666667,0.2,0.3333333333333333,1.6,1.7333333333333334,1.0,0.7333333333333333,1.75,0.875,1.7142857142857142,1.1428571428571428,1.6,2.2,1.1,1539.741,-8.0,-0.742857142857143,-0.4476190476190476,-1.0,-62.60400000000004,0.0,0.0,0.0,0.0,0.0,1.0,1.0,CONCACAF/Gold Cup,semi-finals,319972,2011-06-23T02:00:00+00:00,2011-06-23,Honduras,Mexico,0,2,A,5.0,17.0,3.0,5.0,espn
16.0,0.4375,0.25,0.3125,1.5625,1.25,1.0625,0.1875,1.2857142857142858,1.2857142857142858,1.2222222222222223,0.8888888888888888,1.7,1.3,0.9,1536.873,16.0,0.5,0.1875,0.3125,1.6875,1.75,0.9375,0.8125,1.75,0.875,1.75,1.0,1.9,2.3,0.9,1553.191,0.0,-0.125,-0.625,-0.19999999999999996,-16.317999999999984,1.0,1.0,0.0,2.0,0.0,1.0,1.0,CONCACAF/Gold Cup,final,317207,2011-06-26T01:00:00+00:00,2011-06-26,United States,Mexico,2,4,A,10.0,16.0,4.0,9.0,espn
12.0,0.6666666666666666,0.16666666666666666,0.16666666666666666,2.1666666666666665,1.9166666666666667,0.8333333333333334,1.0833333333333333,2.375,1.0,1.0,0.5,2.2,2.1,0.9,1592.805,0.0,0.0,0.0,0.0,0.0,0.0,0.0,0.0,0.0,0.0,0.0,0.0,0.0,0.0,0.0,1500.0,12.0,2.1666666666666665,1.0833333333333333,2.2,92.80500000000006,0.0,0.0,0.0,0.0,0.0,0.0,1.0,CONMEBOL/Copa America,group-stage-2011,314577,2011-07-02T00:45:00+00:00,2011-07-02,Argentina,Bolivia,1,1,D,15.0,6.0,7.0,6.0,espn
0.0,0.0,0.0,0.0,0.0,0.0,0.0,0.0,0.0,0.0,0.0,0.0,0.0,0.0,0.0,1500.0,10.0,0.2,0.3,0.5,0.9,1.6,2.1,-0.5,1.8333333333333333,1.6666666666666667,1.25,2.75,0.9,1.6,2.1,1449.387,-10.0,-0.9,0.5,-0.9,50.613000000000056,0.0,0.0,0.0,0.0,0.0,0.0,1.0,CONMEBOL/Copa America,group-stage-2011,314578,2011-07-02T18:30:00+00:00,2011-07-02,Colombia,Costa Rica,1,0,H,17.0,5.0,9.0,2.0,espn
15.0,0.8666666666666667,0.06666666666666667,0.06666666666666667,2.6666666666666665,2.3333333333333335,0.5333333333333333,1.8,2.3,0.3,2.4,1.0,2.5,2.0,0.4,1666.363,0.0,0.0,0.0,0.0,0.0,0.0,0.0,0.0,0.0,0.0,0.0,0.0,0.0,0.0,0.0,1500.0,15.0,2.6666666666666665,1.8,2.5,166.36300000000006,0.0,0.0,0.0,0.0,0.0,0.0,1.0,CONMEBOL/Copa America,group-stage-2011,314583,2011-07-03T19:00:00+00:00,2011-07-03,Brazil,Venezuela,0,0,D,6.0,3.0,3.0,1.0,espn
10.0,0.3,0.3,0.4,1.2,1.0,0.7,0.3,0.8,0.6,1.2,0.8,1.2,1.0,0.7,1494.135,7.0,0.42857142857142855,0.0,0.5714285714285714,1.2857142857142858,1.0,1.1428571428571428,-0.14285714285714285,1.3333333333333333,1.0,0.75,1.25,0.9,1.0,1.1428571428571428,1487.765,3.0,-0.08571428571428585,0.44285714285714284,0.29999999999999993,6.369999999999891,0.0,0.0,0.0,0.0,0.0,0.0,1.0,CONMEBOL/Copa America,group-stage-2011,314681,2011-07-03T21:30:00+00:00,2011-07-03,Paraguay,Ecuador,0,0,D,11.0,7.0,6.0,3.0,espn
10.0,0.4,0.3,0.3,1.5,1.5,1.3,0.2,1.3333333333333333,1.6666666666666667,1.75,0.75,1.5,1.5,1.3,1531.814,0.0,0.0,0.0,0.0,0.0,0.0,0.0,0.0,0.0,0.0,0.0,0.0,0.0,0.0,0.0,1500.0,10.0,1.5,0.2,1.5,31.814000000000078,0.0,0.0,0.0,0.0,0.0,0.0,1.0,CONMEBOL/Copa America,group-stage-2011,314686,2011-07-04T22:15:00+00:00,2011-07-04,Uruguay,Peru,1,1,D,7.0,8.0,4.0,4.0,espn
4.0,0.5,0.0,0.5,1.5,0.75,1.25,-0.5,1.0,1.0,0.5,1.5,0.6,0.75,1.25,1508.792,17.0,0.5294117647058824,0.17647058823529413,0.29411764705882354,1.7647058823529411,1.8823529411764706,1.0,0.8823529411764706,1.75,0.875,2.0,1.1111111111111112,2.2,2.6,0.9,1568.791,-13.0,-0.2647058823529411,-1.3823529411764706,-1.6,-59.999000000000024,0.0,0.0,0.0,0.0,0.0,0.0,1.0,CONMEBOL/Copa America,group-stage-2011,314687,2011-07-05T00:45:00+00:00,2011-07-05,Chile,Mexico,2,1,H,8.0,3.0,4.0,3.0,espn
13.0,0.6153846153846154,0.23076923076923078,0.15384615384615385,2.076923076923077,1.8461538461538463,0.8461538461538461,1.0,2.2222222222222223,1.0,1.0,0.5,2.0,2.0,0.9,1588.947,1.0,1.0,0.0,0.0,3.0,1.0,0.0,1.0,1.0,0.0,0.0,0.0,0.3,1.0,0.0,1512.645,12.0,-0.9230769230769229,0.0,1.7,76.30199999999991,0.0,0.0,0.0,0.0,0.0,0.0,1.0,CONMEBOL/Copa America,group-stage-2011,314582,2011-07-07T00:45:00+00:00,2011-07-07,Argentina,Colombia,0,0,D,7.0,9.0,6.0,5.0,espn
1.0,0.0,1.0,0.0,1.0,1.0,1.0,0.0,0.0,0.0,1.0,1.0,0.1,1.0,1.0,1503.858,11.0,0.18181818181818182,0.2727272727272727,0.5454545454545454,0.8181818181818182,1.4545454545454546,2.0,-0.5454545454545454,1.8333333333333333,1.6666666666666667,1.0,2.4,0.6,1.4,2.2,1436.742,-10.0,0.18181818181818177,0.5454545454545454,-0.5,67.11599999999999,0.0,0.0,0.0,0.0,0.0,0.0,1.0,CONMEBOL/Copa America,group-stage-2011,314580,2011-07-07T22:15:00+00:00,2011-07-07,Bolivia,Costa Rica,0,2,A,9.0,11.0,0.0,5.0,espn
11.0,0.36363636363636365,0.36363636363636365,0.2727272727272727,1.4545454545454546,1.4545454545454546,1.2727272727272727,0.18181818181818182,1.2857142857142858,1.5714285714285714,1.75,0.75,1.6,1.5,1.2,1530.464,5.0,0.6,0.0,0.4,1.8,1.0,1.2,-0.2,1.3333333333333333,1.0,0.5,1.5,0.9,1.0,1.2,1526.104,6.0,-0.34545454545454546,0.38181818181818183,0.7000000000000001,4.3599999999999,0.0,0.0,0.0,0.0,0.0,0.0,1.0,CONMEBOL/Copa America,group-stage-2011,314689,2011-07-08T22:15:00+00:00,2011-07-08,Uruguay,Chile,1,1,D,6.0,13.0,2.0,4.0,espn
1.0,0.0,1.0,0.0,1.0,1.0,1.0,0.0,0.0,0.0,1.0,1.0,0.1,1.0,1.0,1501.35,18.0,0.5,0.16666666666666666,0.3333333333333333,1.6666666666666667,1.8333333333333333,1.0555555555555556,0.7777777777777778,1.75,0.875,1.9,1.2,2.1,2.6,1.0,1551.479,-17.0,-0.6666666666666667,-0.7777777777777778,-2.0,-50.12900000000013,0.0,0.0,0.0,0.0,0.0,0.0,1.0,CONMEBOL/Copa America,group-stage-2011,314688,2011-07-09T00:45:00+00:00,2011-07-09,Peru,Mexico,1,0,H,17.0,6.0,5.0,5.0,espn
16.0,0.8125,0.125,0.0625,2.5625,2.1875,0.5,1.6875,2.090909090909091,0.2727272727272727,2.4,1.0,2.3,1.9,0.4,1659.78,11.0,0.2727272727272727,0.36363636363636365,0.36363636363636365,1.1818181818181819,0.9090909090909091,0.6363636363636364,0.2727272727272727,0.6666666666666666,0.5,1.2,0.8,1.2,0.8,0.5,1493.864,5.0,1.3806818181818181,1.4147727272727273,1.0999999999999999,165.91599999999994,0.0,0.0,0.0,0.0,0.0,0.0,1.0,CONMEBOL/Copa America,group-stage-2011,314682,2011-07-09T19:00:00+00:00,2011-07-09,Brazil,Paraguay,2,2,D,6.0,5.0,5.0,3.0,espn
1.0,0.0,1.0,0.0,1.0,0.0,0.0,0.0,0.0,0.0,0.0,0.0,0.1,0.0,0.0,1506.583,8.0,0.375,0.125,0.5,1.25,0.875,1.0,-0.125,1.3333333333333333,1.0,0.6,1.0,1.0,0.875,1.0,1488.036,-7.0,-0.25,0.125,-0.9,18.547000000000025,0.0,0.0,0.0,0.0,0.0,0.0,1.0,CONMEBOL/Copa America,group-stage-2011,314683,2011-07-09T21:30:00+00:00,2011-07-09,Venezuela,Ecuador,1,0,H,13.0,6.0,7.0,4.0,espn
2.0,0.5,0.5,0.0,2.0,0.5,0.0,0.5,1.0,0.0,0.0,0.0,0.4,0.5,0.0,1515.841,2.0,0.0,0.5,0.5,0.5,0.5,1.5,-1.0,0.0,2.0,1.0,1.0,0.1,0.5,1.5,1484.367,0.0,1.5,1.5,0.30000000000000004,31.473999999999933,0.0,0.0,0.0,0.0,0.0,0.0,1.0,CONMEBOL/Copa America,group-stage-2011,314581,2011-07-10T19:00:00+00:00,2011-07-10,Colombia,Bolivia,2,0,H,11.0,8.0,6.0,4.0,espn
14.0,0.5714285714285714,0.2857142857142857,0.14285714285714285,2.0,1.7142857142857142,0.7857142857142857,0.9285714285714286,2.0,0.9,1.0,0.5,1.8,1.4,0.9,1585.751,12.0,0.25,0.25,0.5,1.0,1.5,1.8333333333333333,-0.3333333333333333,1.8333333333333333,1.6666666666666667,1.1666666666666667,2.0,0.8,1.5,2.1,1456.233,2.0,1.0,1.2619047619047619,1.0,129.51800000000003,0.0,0.0,0.0,0.0,0.0,0.0,1.0,CONMEBOL/Copa America,group-stage-2011,314579,2011-07-12T00:45:00+00:00,2011-07-12,Argentina,Costa Rica,3,0,H,18.0,5.0,8.0,2.0,espn
6.0,0.5,0.16666666666666666,0.3333333333333333,1.6666666666666667,1.0,1.1666666666666667,-0.16666666666666666,1.3333333333333333,1.0,0.6666666666666666,1.3333333333333333,1.0,1.0,1.1666666666666667,1526.29,2.0,0.5,0.5,0.0,2.0,1.0,0.5,0.5,1.0,0.0,1.0,1.0,0.4,1.0,0.5,1518.252,4.0,-0.33333333333333326,-0.6666666666666666,0.6,8.038000000000011,0.0,0.0,0.0,0.0,0.0,0.0,1.0,CONMEBOL/Copa America,group-stage-2011,314690,2011-07-12T22:15:00+00:00,2011-07-12,Chile,Peru,1,0,H,8.0,8.0,0.0,2.0,espn
12.0,0.3333333333333333,0.4166666666666667,0.25,1.4166666666666667,1.4166666666666667,1.25,0.16666666666666666,1.25,1.5,1.75,0.75,1.6,1.6,1.3,1530.278,19.0,0.47368421052631576,0.15789473684210525,0.3684210526315789,1.5789473684210527,1.736842105263158,1.0526315789473684,0.6842105263157895,1.75,0.875,1.7272727272727273,1.1818181818181819,1.8,2.4,1.1,1534.577,-7.0,-0.16228070175438591,-0.5175438596491229,-0.19999999999999996,-4.298999999999978,1.0,1.0,0.0,1.0,0.0,0.0,1.0,CONMEBOL/Copa America,group-stage-2011,314691,2011-07-13T00:45:00+00:00,2011-07-13,Uruguay,Mexico,1,0,H,3.0,1.0,2.0,1.0,espn
12.0,0.25,0.4166666666666667,0.3333333333333333,1.1666666666666667,1.0,0.75,0.25,0.6666666666666666,0.5,1.3333333333333333,1.0,1.0,0.7,0.6,1500.432,2.0,0.5,0.5,0.0,2.0,0.5,0.0,0.5,1.0,0.0,0.0,0.0,0.4,0.5,0.0,1520.579,10.0,-0.8333333333333333,-0.25,0.6,-20.146999999999935,0.0,0.0,0.0,0.0,0.0,0.0,1.0,CONMEBOL/Copa America,group-stage-2011,314684,2011-07-13T22:15:00+00:00,2011-07-13,Paraguay,Venezuela,3,3,D,11.0,10.0,5.0,5.0,espn
17.0,0.7647058823529411,0.17647058823529413,0.058823529411764705,2.4705882352941178,2.176470588235294,0.5882352941176471,1.588235294117647,2.0833333333333335,0.4166666666666667,2.4,1.0,2.1,1.9,0.6,1653.212,9.0,0.3333333333333333,0.1111111111111111,0.5555555555555556,1.1111111111111112,0.7777777777777778,1.0,-0.2222222222222222,1.3333333333333333,1.0,0.5,1.0,1.0,0.7777777777777778,1.0,1474.04,8.0,1.3594771241830066,1.810457516339869,1.1,179.17200000000003,0.0,0.0,0.0,0.0,0.0,0.0,1.0,CONMEBOL/Copa America,group-stage-2011,314685,2011-07-14T00:45:00+00:00,2011-07-14,Brazil,Ecuador,4,2,H,14.0,13.0,8.0,6.0,espn
3.0,0.6666666666666666,0.3333333333333333,0.0,2.3333333333333335,1.0,0.0,1.0,1.5,0.0,0.0,0.0,0.7,1.0,0.0,1530.73,3.0,0.3333333333333333,0.3333333333333333,0.3333333333333333,1.3333333333333333,0.6666666666666666,0.6666666666666666,0.0,1.0,0.0,0.5,1.0,0.4,0.6666666666666666,0.6666666666666666,1503.81,0.0,1.0000000000000002,1.0,0.29999999999999993,26.920000000000073,0.0,0.0,0.0,0.0,0.0,1.0,1.0,CONMEBOL/Copa America,quarter-finals,317557,2011-07-16T19:00:00+00:00,2011-07-16,Colombia,Peru,0,2,A,15.0,11.0,6.0,9.0,espn
15.0,0.6,0.26666666666666666,0.13333333333333333,2.066666666666667,1.8,0.7333333333333333,1.0666666666666667,2.090909090909091,0.8181818181818182,1.0,0.5,2.0,1.7,0.9,1597.304,13.0,0.38461538461538464,0.38461538461538464,0.23076923076923078,1.5384615384615385,1.3846153846153846,1.1538461538461537,0.23076923076923078,1.2222222222222223,1.3333333333333333,1.75,0.75,1.8,1.4,1.0,1545.245,2.0,0.5282051282051283,0.8358974358974358,0.19999999999999996,52.0590000000002,0.0,0.0,0.0,0.0,0.0,1.0,1.0,CONMEBOL/Copa America,quarter-finals,319968,2011-07-16T22:15:00+00:00,2011-07-16,Argentina,Uruguay,1,1,D,18.0,8.0,10.0,2.0,espn
18.0,0.7777777777777778,0.16666666666666666,0.05555555555555555,2.5,2.2777777777777777,0.6666666666666666,1.6111111111111112,2.230769230769231,0.5384615384615384,2.4,1.0,2.1,2.2,0.8,1661.815,13.0,0.23076923076923078,0.46153846153846156,0.3076923076923077,1.1538461538461537,1.1538461538461537,0.9230769230769231,0.23076923076923078,1.0,0.8571428571428571,1.3333333333333333,1.0,1.1,1.0,0.8,1501.288,5.0,1.3461538461538463,1.3803418803418803,1.0,160.52700000000004,1.0,0.0,1.0,0.0,0.0,1.0,1.0,CONMEBOL/Copa America,quarter-finals,319969,2011-07-17T19:00:00+00:00,2011-07-17,Brazil,Paraguay,0,0,D,16.0,4.0,8.0,1.0,espn
7.0,0.5714285714285714,0.14285714285714285,0.2857142857142857,1.8571428571428572,1.0,1.0,0.0,1.25,0.75,0.6666666666666666,1.3333333333333333,1.3,1.0,1.0,1540.732,3.0,0.3333333333333333,0.6666666666666666,0.0,1.6666666666666667,1.3333333333333333,1.0,0.3333333333333333,1.0,0.0,1.5,1.5,0.5,1.3333333333333333,1.0,1519.723,4.0,0.19047619047619047,-0.3333333333333333,0.8,21.009000000000015,0.0,0.0,0.0,0.0,0.0,1.0,1.0,CONMEBOL/Copa America,quarter-finals,319970,2011-07-17T22:15:00+00:00,2011-07-17,Chile,Venezuela,1,2,A,13.0,7.0,9.0,3.0,espn
4.0,0.5,0.25,0.25,1.75,1.0,0.5,0.5,1.0,0.0,1.0,0.6666666666666666,0.7,1.0,0.5,1521.444,14.0,0.35714285714285715,0.42857142857142855,0.21428571428571427,1.5,1.3571428571428572,1.1428571428571428,0.21428571428571427,1.2222222222222223,1.3333333333333333,1.6,0.8,1.8,1.5,1.1,1547.444,-10.0,0.25,0.2857142857142857,-1.1,-26.0,1.0,0.0,1.0,0.0,0.0,1.0,1.0,CONMEBOL/Copa America,semi-finals,317558,2011-07-20T00:45:00+00:00,2011-07-20,Peru,Uruguay,0,2,A,7.0,7.0,3.0,5.0,espn
14.0,0.21428571428571427,0.5,0.2857142857142857,1.1428571428571428,1.0714285714285714,0.8571428571428571,0.21428571428571427,1.0,0.8571428571428571,1.1428571428571428,0.8571428571428571,1.2,1.0,0.7,1507.671,4.0,0.5,0.5,0.0,2.0,1.5,1.0,0.5,1.0,0.0,1.6666666666666667,1.3333333333333333,0.8,1.5,1.0,1535.4,10.0,-0.8571428571428572,-0.2857142857142857,0.3999999999999999,-27.729000000000042,1.0,0.0,1.0,0.0,0.0,1.0,1.0,CONMEBOL/Copa America,semi-finals,319971,2011-07-21T00:45:00+00:00,2011-07-21,Paraguay,Venezuela,0,0,D,9.0,13.0,7.0,8.0,espn
5.0,0.4,0.2,0.4,1.4,0.8,0.8,0.0,0.5,1.0,1.0,0.6666666666666666,0.7,0.8,0.8,1506.299,5.0,0.4,0.6,0.0,1.8,1.2,0.8,0.4,1.0,0.0,1.25,1.0,0.9,1.2,0.8,1534.223,0.0,-0.40000000000000013,-0.4,-0.20000000000000007,-27.923999999999978,0.0,0.0,0.0,0.0,0.0,1.0,1.0,CONMEBOL/Copa America,third-place,317559,2011-07-23T19:00:00+00:00,2011-07-23,Peru,Venezuela,4,1,H,9.0,13.0,7.0,4.0,espn
15.0,0.4,0.4,0.2,1.6,1.4,1.0666666666666667,0.3333333333333333,1.2222222222222223,1.3333333333333333,1.6666666666666667,0.6666666666666666,1.8,1.4,1.1,1562.589,15.0,0.2,0.5333333333333333,0.26666666666666666,1.1333333333333333,1.0,0.8,0.2,0.875,0.75,1.1428571428571428,0.8571428571428571,1.0,0.8,0.7,1508.848,0.0,0.4666666666666668,0.1333333333333333,0.8,53.740999999999985,0.0,0.0,0.0,0.0,0.0,1.0,1.0,CONMEBOL/Copa America,final,317560,2011-07-24T19:00:00+00:00,2011-07-24,Uruguay,Paraguay,3,0,H,11.0,4.0,8.0,1.0,espn
0.0,0.0,0.0,0.0,0.0,0.0,0.0,0.0,0.0,0.0,0.0,0.0,0.0,0.0,0.0,1500.0,0.0,0.0,0.0,0.0,0.0,0.0,0.0,0.0,0.0,0.0,0.0,0.0,0.0,0.0,0.0,1500.0,0.0,0.0,0.0,0.0,0.0,0.0,0.0,0.0,0.0,0.0,0.0,1.0,CAF/Africa Cup of Nations,group-stage-2012,333723,2012-01-21T18:30:00+00:00,2012-01-21,Equatorial Guinea,Libya,1,0,H,0.0,0.0,0.0,0.0,espn
5.0,0.4,0.4,0.2,1.6,1.4,1.2,0.2,1.5,2.0,1.3333333333333333,0.6666666666666666,0.8,1.4,1.2,1514.727,0.0,0.0,0.0,0.0,0.0,0.0,0.0,0.0,0.0,0.0,0.0,0.0,0.0,0.0,0.0,1500.0,5.0,1.6,0.2,0.8,14.72700000000009,0.0,0.0,0.0,0.0,0.0,0.0,1.0,CAF/Africa Cup of Nations,group-stage-2012,333724,2012-01-21T21:00:00+00:00,2012-01-21,Senegal,Zambia,1,2,A,0.0,0.0,0.0,0.0,espn
5.0,0.4,0.0,0.6,1.2,1.8,1.8,0.0,3.0,2.0,1.5,1.75,0.6,1.8,1.8,1496.126,0.0,0.0,0.0,0.0,0.0,0.0,0.0,0.0,0.0,0.0,0.0,0.0,0.0,0.0,0.0,1500.0,5.0,1.2,0.0,0.6,-3.8740000000000236,0.0,0.0,0.0,0.0,0.0,0.0,1.0,CAF/Africa Cup of Nations,group-stage-2012,333725,2012-01-22T16:00:00+00:00,2012-01-22,Ivory Coast,Sudan,1,0,H,0.0,0.0,0.0,0.0,espn
0.0,0.0,0.0,0.0,0.0,0.0,0.0,0.0,0.0,0.0,0.0,0.0,0.0,0.0,0.0,1500.0,2.0,0.0,1.0,0.0,1.0,0.5,0.5,0.0,0.0,0.0,0.5,0.5,0.2,0.5,0.5,1499.607,-2.0,-1.0,0.0,-0.2,0.3930000000000291,0.0,0.0,0.0,0.0,0.0,0.0,1.0,CAF/Africa Cup of Nations,group-stage-2012,333726,2012-01-22T19:00:00+00:00,2012-01-22,Burkina Faso,Angola,1,2,A,0.0,0.0,0.0,0.0,espn
0.0,0.0,0.0,0.0,0.0,0.0,0.0,0.0,0.0,0.0,0.0,0.0,0.0,0.0,0.0,1500.0,0.0,0.0,0.0,0.0,0.0,0.0,0.0,0.0,0.0,0.0,0.0,0.0,0.0,0.0,0.0,1500.0,0.0,0.0,0.0,0.0,0.0,0.0,0.0,0.0,0.0,0.0,0.0,1.0,CAF/Africa Cup of Nations,group-stage-2012,333727,2012-01-23T16:00:00+00:00,2012-01-23,Gabon,Niger,2,0,H,0.0,0.0,0.0,0.0,espn
0.0,0.0,0.0,0.0,0.0,0.0,0.0,0.0,0.0,0.0,0.0,0.0,0.0,0.0,0.0,1500.0,5.0,0.0,0.4,0.6,0.4,0.8,1.8,-1.0,1.5,1.5,0.3333333333333333,2.0,0.2,0.8,1.8,1447.488,-5.0,-0.4,1.0,-0.2,52.511999999999944,0.0,0.0,0.0,0.0,0.0,0.0,1.0,CAF/Africa Cup of Nations,group-stage-2012,333728,2012-01-23T19:00:00+00:00,2012-01-23,Morocco,Tunisia,1,2,A,0.0,0.0,0.0,0.0,espn
9.0,0.4444444444444444,0.1111111111111111,0.4444444444444444,1.4444444444444444,1.0,1.1111111111111112,-0.1111111111111111,1.0,1.0,1.0,1.1666666666666667,1.3,1.0,1.1111111111111112,1510.568,0.0,0.0,0.0,0.0,0.0,0.0,0.0,0.0,0.0,0.0,0.0,0.0,0.0,0.0,0.0,1500.0,9.0,1.4444444444444444,-0.1111111111111111,1.3,10.567999999999984,0.0,0.0,0.0,0.0,0.0,0.0,1.0,CAF/Africa Cup of Nations,group-stage-2012,333729,2012-01-24T16:00:00+00:00,2012-01-24,Ghana,Botswana,1,0,H,0.0,0.0,0.0,0.0,espn
0.0,0.0,0.0,0.0,0.0,0.0,0.0,0.0,0.0,0.0,0.0,0.0,0.0,0.0,0.0,1500.0,0.0,0.0,0.0,0.0,0.0,0.0,0.0,0.0,0.0,0.0,0.0,0.0,0.0,0.0,0.0,1500.0,0.0,0.0,0.0,0.0,0.0,0.0,0.0,0.0,0.0,0.0,0.0,1.0,CAF/Africa Cup of Nations,group-stage-2012,333730,2012-01-24T19:00:00+00:00,2012-01-24,Mali,Guinea,1,0,H,0.0,0.0,0.0,0.0,espn
1.0,0.0,0.0,1.0,0.0,0.0,1.0,-1.0,0.0,0.0,0.0,1.0,0.0,0.0,1.0,1485.216,1.0,1.0,0.0,0.0,3.0,2.0,1.0,1.0,0.0,0.0,2.0,1.0,0.3,2.0,1.0,1515.41,0.0,-3.0,-2.0,-0.3,-30.194000000000187,0.0,0.0,0.0,0.0,0.0,0.0,1.0,CAF/Africa Cup of Nations,group-stage-2012,333731,2012-01-25T16:00:00+00:00,2012-01-25,Libya,Zambia,2,2,D,0.0,0.0,0.0,0.0,espn
1.0,1.0,0.0,0.0,3.0,1.0,0.0,1.0,1.0,0.0,0.0,0.0,0.3,1.0,0.0,1514.784,6.0,0.3333333333333333,0.3333333333333333,0.3333333333333333,1.3333333333333333,1.3333333333333333,1.3333333333333333,0.0,1.3333333333333333,2.0,1.3333333333333333,0.6666666666666666,0.8,1.3333333333333333,1.3333333333333333,1499.317,-5.0,1.6666666666666667,1.0,-0.5,15.467000000000098,0.0,0.0,0.0,0.0,0.0,0.0,1.0,CAF/Africa Cup of Nations,group-stage-2012,333732,2012-01-25T19:00:00+00:00,2012-01-25,Equatorial Guinea,Senegal,2,1,H,0.0,0.0,0.0,0.0,espn
1.0,0.0,0.0,1.0,0.0,0.0,1.0,-1.0,0.0,0.0,0.0,1.0,0.0,0.0,1.0,1485.051,3.0,0.3333333333333333,0.6666666666666666,0.0,1.6666666666666667,1.0,0.6666666666666666,0.3333333333333333,0.0,0.0,1.0,0.6666666666666666,0.5,1.0,0.6666666666666666,1514.408,-2.0,-1.6666666666666667,-1.3333333333333333,-0.5,-29.35699999999997,0.0,0.0,0.0,0.0,0.0,0.0,1.0,CAF/Africa Cup of Nations,group-stage-2012,333733,2012-01-26T16:00:00+00:00,2012-01-26,Sudan,Angola,2,2,D,0.0,0.0,0.0,0.0,espn
6.0,0.5,0.0,0.5,1.5,1.6666666666666667,1.5,0.16666666666666666,2.0,1.0,1.5,1.75,0.9,1.6666666666666667,1.5,1511.075,1.0,0.0,0.0,1.0,0.0,1.0,2.0,-1.0,1.0,2.0,0.0,0.0,0.0,1.0,2.0,1485.199,5.0,1.5,1.1666666666666667,0.9,25.875999999999976,0.0,0.0,0.0,0.0,0.0,0.0,1.0,CAF/Africa Cup of Nations,group-stage-2012,333734,2012-01-26T19:00:00+00:00,2012-01-26,Ivory Coast,Burkina Faso,2,0,H,0.0,0.0,0.0,0.0,espn
1.0,0.0,0.0,1.0,0.0,0.0,2.0,-2.0,0.0,0.0,0.0,2.0,0.0,0.0,2.0,1483.632,6.0,0.16666666666666666,0.3333333333333333,0.5,0.8333333333333334,1.0,1.6666666666666667,-0.6666666666666666,1.5,1.5,0.75,1.75,0.5,1.0,1.6666666666666667,1464.49,-5.0,-0.8333333333333334,-1.3333333333333335,-0.5,19.142000000000053,0.0,0.0,0.0,0.0,0.0,0.0,1.0,CAF/Africa Cup of Nations,group-stage-2012,333735,2012-01-27T16:00:00+00:00,2012-01-27,Niger,Tunisia,1,2,A,0.0,0.0,0.0,0.0,espn
1.0,1.0,0.0,0.0,3.0,2.0,0.0,2.0,2.0,0.0,0.0,0.0,0.3,2.0,0.0,1516.368,1.0,0.0,0.0,1.0,0.0,1.0,2.0,-1.0,1.0,2.0,0.0,0.0,0.0,1.0,2.0,1482.998,0.0,3.0,3.0,0.3,33.36999999999989,0.0,0.0,0.0,0.0,0.0,0.0,1.0,CAF/Africa Cup of Nations,group-stage-2012,333736,2012-01-27T19:00:00+00:00,2012-01-27,Gabon,Morocco,3,2,H,0.0,0.0,0.0,0.0,espn
1.0,0.0,0.0,1.0,0.0,0.0,1.0,-1.0,0.0,0.0,0.0,1.0,0.0,0.0,1.0,1485.666,1.0,0.0,0.0,1.0,0.0,0.0,1.0,-1.0,0.0,0.0,0.0,1.0,0.0,0.0,1.0,1485.216,0.0,0.0,0.0,0.0,0.4500000000000455,0.0,0.0,0.0,0.0,0.0,0.0,1.0,CAF/Africa Cup of Nations,group-stage-2012,333737,2012-01-28T16:00:00+00:00,2012-01-28,Botswana,Guinea,1,6,A,0.0,0.0,0.0,0.0,espn
10.0,0.5,0.1,0.4,1.6,1.0,1.0,0.0,1.0,0.75,1.0,1.1666666666666667,1.6,1.0,1.0,1524.902,1.0,1.0,0.0,0.0,3.0,1.0,0.0,1.0,1.0,0.0,0.0,0.0,0.3,1.0,0.0,1514.784,9.0,-1.4,-1.0,1.3,10.117999999999938,0.0,0.0,0.0,0.0,0.0,0.0,1.0,CAF/Africa Cup of Nations,group-stage-2012,333738,2012-01-28T19:00:00+00:00,2012-01-28,Ghana,Mali,2,0,H,0.0,0.0,0.0,0.0,espn
2.0,1.0,0.0,0.0,3.0,1.5,0.5,1.0,1.5,0.5,0.0,0.0,0.6,1.5,0.5,1528.91,2.0,0.5,0.5,0.0,2.0,2.0,1.5,0.5,0.0,0.0,2.0,1.5,0.4,2.0,1.5,1514.128,0.0,1.0,0.5,0.19999999999999996,14.782000000000153,0.0,0.0,0.0,0.0,0.0,0.0,1.0,CAF/Africa Cup of Nations,group-stage-2012,333739,2012-01-29T18:00:00+00:00,2012-01-29,Equatorial Guinea,Zambia,0,1,A,0.0,0.0,0.0,0.0,espn
2.0,0.0,0.5,0.5,0.5,1.0,1.5,-0.5,2.0,2.0,0.0,1.0,0.1,1.0,1.5,1486.498,7.0,0.2857142857142857,0.2857142857142857,0.42857142857142855,1.1428571428571428,1.2857142857142858,1.4285714285714286,-0.14285714285714285,1.3333333333333333,2.0,1.25,1.0,0.8,1.2857142857142858,1.4285714285714286,1485.191,-5.0,-0.6428571428571428,-0.35714285714285715,-0.7000000000000001,1.3070000000000164,0.0,0.0,0.0,0.0,0.0,0.0,1.0,CAF/Africa Cup of Nations,group-stage-2012,333740,2012-01-29T18:00:00+00:00,2012-01-29,Libya,Senegal,2,1,H,0.0,0.0,0.0,0.0,espn
7.0,0.5714285714285714,0.0,0.42857142857142855,1.7142857142857142,1.7142857142857142,1.2857142857142858,0.42857142857142855,2.0,0.6666666666666666,1.5,1.75,1.2,1.7142857142857142,1.2857142857142858,1526.226,4.0,0.25,0.75,0.0,1.5,1.25,1.0,0.25,0.0,0.0,1.25,1.0,0.6,1.25,1.0,1513.162,3.0,0.2142857142857142,0.17857142857142855,0.6,13.064000000000078,0.0,0.0,0.0,0.0,0.0,0.0,1.0,CAF/Africa Cup of Nations,group-stage-2012,333742,2012-01-30T18:00:00+00:00,2012-01-30,Ivory Coast,Angola,2,0,H,0.0,0.0,0.0,0.0,espn
2.0,0.0,0.5,0.5,0.5,1.0,1.5,-0.5,2.0,2.0,0.0,1.0,0.1,1.0,1.5,1486.297,2.0,0.0,0.0,1.0,0.0,0.5,2.0,-1.5,1.0,2.0,0.0,2.0,0.0,0.5,2.0,1470.048,0.0,0.5,1.0,0.1,16.249000000000024,0.0,0.0,0.0,0.0,0.0,0.0,1.0,CAF/Africa Cup of Nations,group-stage-2012,333741,2012-01-30T18:00:00+00:00,2012-01-30,Sudan,Burkina Faso,2,1,H,0.0,0.0,0.0,0.0,espn
2.0,1.0,0.0,0.0,3.0,2.5,1.0,1.5,2.5,1.0,0.0,0.0,0.6,2.5,1.0,1529.736,7.0,0.2857142857142857,0.2857142857142857,0.42857142857142855,1.1428571428571428,1.1428571428571428,1.5714285714285714,-0.42857142857142855,1.5,1.5,1.0,1.6,0.8,1.1428571428571428,1.5714285714285714,1480.088,-5.0,1.8571428571428572,1.9285714285714286,-0.20000000000000007,49.64800000000014,0.0,0.0,0.0,0.0,0.0,0.0,1.0,CAF/Africa Cup of Nations,group-stage-2012,333743,2012-01-31T18:00:00+00:00,2012-01-31,Gabon,Tunisia,1,0,H,0.0,0.0,0.0,0.0,espn
2.0,0.0,0.0,1.0,0.0,0.5,2.0,-1.5,1.0,2.0,0.0,2.0,0.0,0.5,2.0,1468.034,2.0,0.0,0.0,1.0,0.0,1.5,2.5,-1.0,1.0,2.0,2.0,3.0,0.0,1.5,2.5,1469.63,0.0,0.0,-0.5,0.0,-1.5960000000000036,0.0,0.0,0.0,0.0,0.0,0.0,1.0,CAF/Africa Cup of Nations,group-stage-2012,333744,2012-01-31T18:00:00+00:00,2012-01-31,Niger,Morocco,0,1,A,0.0,0.0,0.0,0.0,espn
2.0,0.0,0.0,1.0,0.0,0.5,3.5,-3.0,1.0,6.0,0.0,1.0,0.0,0.5,3.5,1466.105,2.0,0.5,0.0,0.5,1.5,0.5,1.0,-0.5,1.0,0.0,0.0,2.0,0.3,0.5,1.0,1498.893,0.0,-1.5,-2.5,-0.3,-32.78800000000001,0.0,0.0,0.0,0.0,0.0,0.0,1.0,CAF/Africa Cup of Nations,group-stage-2012,333745,2012-02-01T18:00:00+00:00,2012-02-01,Botswana,Mali,1,2,A,0.0,0.0,0.0,0.0,espn
11.0,0.5454545454545454,0.09090909090909091,0.36363636363636365,1.7272727272727273,1.0909090909090908,0.9090909090909091,0.18181818181818182,1.2,0.6,1.0,1.1666666666666667,1.9,1.2,0.8,1540.793,2.0,0.5,0.0,0.5,1.5,3.0,1.0,2.0,0.0,0.0,3.0,1.0,0.3,3.0,1.0,1504.777,9.0,0.2272727272727273,-1.8181818181818181,1.5999999999999999,36.01599999999985,0.0,0.0,0.0,0.0,0.0,0.0,1.0,CAF/Africa Cup of Nations,group-stage-2012,333746,2012-02-01T18:00:00+00:00,2012-02-01,Ghana,Guinea,1,1,D,0.0,0.0,0.0,0.0,espn
3.0,0.6666666666666666,0.3333333333333333,0.0,2.3333333333333335,1.6666666666666667,1.0,0.6666666666666666,0.0,0.0,1.6666666666666667,1.0,0.7,1.6666666666666667,1.0,1529.541,3.0,0.3333333333333333,0.3333333333333333,0.3333333333333333,1.3333333333333333,1.3333333333333333,1.3333333333333333,0.0,2.0,1.5,0.0,1.0,0.4,1.3333333333333333,1.3333333333333333,1500.39,0.0,1.0000000000000002,0.6666666666666666,0.29999999999999993,29.15099999999984,0.0,0.0,0.0,0.0,0.0,1.0,1.0,CAF/Africa Cup of Nations,quarter-finals,337684,2012-02-04T16:00:00+00:00,2012-02-04,Zambia,Sudan,3,0,H,0.0,0.0,0.0,0.0,espn
8.0,0.625,0.0,0.375,1.875,1.75,1.125,0.625,2.0,0.5,1.5,1.75,1.5,1.75,1.125,1541.979,3.0,0.6666666666666666,0.0,0.3333333333333333,2.0,1.0,0.6666666666666666,0.3333333333333333,1.0,0.6666666666666666,0.0,0.0,0.6,1.0,0.6666666666666666,1513.497,5.0,-0.125,0.2916666666666667,0.9,28.48199999999997,0.0,0.0,0.0,0.0,0.0,1.0,1.0,CAF/Africa Cup of Nations,quarter-finals,337685,2012-02-04T19:00:00+00:00,2012-02-04,Ivory Coast,Equatorial Guinea,3,0,H,0.0,0.0,0.0,0.0,espn
3.0,1.0,0.0,0.0,3.0,2.0,0.6666666666666666,1.3333333333333333,2.0,0.6666666666666666,0.0,0.0,0.9,2.0,0.6666666666666666,1542.422,3.0,0.6666666666666666,0.0,0.3333333333333333,2.0,1.0,1.0,0.0,1.0,0.0,1.0,1.5,0.6,1.0,1.0,1512.286,0.0,1.0,1.3333333333333333,0.30000000000000004,30.135999999999967,0.0,0.0,0.0,0.0,0.0,1.0,1.0,CAF/Africa Cup of Nations,quarter-finals,338214,2012-02-05T16:00:00+00:00,2012-02-05,Gabon,Mali,1,1,D,0.0,0.0,0.0,0.0,espn
12.0,0.5,0.16666666666666666,0.3333333333333333,1.6666666666666667,1.0833333333333333,0.9166666666666666,0.16666666666666666,1.1666666666666667,0.6666666666666666,1.0,1.1666666666666667,1.7,1.1,0.9,1539.266,8.0,0.25,0.25,0.5,1.0,1.0,1.5,-0.5,1.5,1.5,0.8333333333333334,1.5,0.8,1.0,1.5,1467.402,4.0,0.6666666666666667,0.6666666666666666,0.8999999999999999,71.86400000000003,0.0,0.0,0.0,0.0,0.0,1.0,1.0,CAF/Africa Cup of Nations,quarter-finals,338215,2012-02-05T19:00:00+00:00,2012-02-05,Ghana,Tunisia,2,1,H,0.0,0.0,0.0,0.0,espn
4.0,0.75,0.25,0.0,2.5,2.0,0.75,1.25,3.0,0.0,1.6666666666666667,1.0,1.0,2.0,0.75,1545.99,13.0,0.5384615384615384,0.15384615384615385,0.3076923076923077,1.7692307692307692,1.1538461538461537,0.9230769230769231,0.23076923076923078,1.2857142857142858,0.7142857142857143,1.0,1.1666666666666667,1.7,1.1,0.9,1551.035,-9.0,0.7307692307692308,1.0192307692307692,-0.7,-5.045000000000073,0.0,0.0,0.0,0.0,0.0,1.0,1.0,CAF/Africa Cup of Nations,semi-finals,338690,2012-02-08T16:00:00+00:00,2012-02-08,Zambia,Ghana,1,0,H,0.0,0.0,0.0,0.0,espn
4.0,0.5,0.25,0.25,1.75,1.0,1.0,0.0,1.0,0.0,1.0,1.3333333333333333,0.7,1.0,1.0,1513.565,9.0,0.6666666666666666,0.0,0.3333333333333333,2.0,1.8888888888888888,1.0,0.8888888888888888,2.2,0.4,1.5,1.75,1.8,1.8888888888888888,1.0,1558.463,-5.0,-0.25,-0.8888888888888888,-1.1,-44.89799999999991,0.0,0.0,0.0,0.0,0.0,1.0,1.0,CAF/Africa Cup of Nations,semi-finals,338685,2012-02-08T19:00:00+00:00,2012-02-08,Mali,Ivory Coast,0,1,A,0.0,0.0,0.0,0.0,espn
14.0,0.5,0.14285714285714285,0.35714285714285715,1.6428571428571428,1.0714285714285714,0.9285714285714286,0.14285714285714285,1.2857142857142858,0.7142857142857143,0.8571428571428571,1.1428571428571428,1.7,1.1,0.7,1536.036,5.0,0.4,0.2,0.4,1.4,0.8,1.0,-0.2,0.5,0.5,1.0,1.3333333333333333,0.7,0.8,1.0,1500.681,9.0,0.24285714285714288,0.34285714285714286,1.0,35.35500000000002,1.0,1.0,0.0,2.0,0.0,1.0,1.0,CAF/Africa Cup of Nations,third-place,338807,2012-02-11T19:00:00+00:00,2012-02-11,Ghana,Mali,0,2,A,0.0,0.0,0.0,0.0,espn
5.0,0.8,0.2,0.0,2.6,1.8,0.6,1.2,2.0,0.0,1.6666666666666667,1.0,1.3,1.8,0.6,1560.989,10.0,0.7,0.0,0.3,2.1,1.8,0.9,0.9,2.2,0.4,1.4,1.4,2.1,1.8,0.9,1571.347,-5.0,0.5,0.29999999999999993,-0.8,-10.357999999999947,0.0,0.0,0.0,0.0,0.0,1.0,1.0,CAF/Africa Cup of Nations,final,338808,2012-02-12T19:00:00+00:00,2012-02-12,Zambia,Ivory Coast,0,0,D,0.0,0.0,0.0,0.0,espn
8.0,0.125,0.125,0.75,0.5,0.375,1.75,-1.375,0.0,1.5,0.5,1.8333333333333333,0.4,0.375,1.75,1426.62,12.0,0.4166666666666667,0.08333333333333333,0.5,1.3333333333333333,0.8333333333333334,1.1666666666666667,-0.3333333333333333,0.7142857142857143,1.2857142857142858,1.0,1.0,1.2,0.7,1.2,1483.349,-4.0,-0.8333333333333333,-1.0416666666666667,-0.7999999999999999,-56.72900000000004,0.0,0.0,0.0,0.0,0.0,0.0,1.0,UEFA/European Championship,group-stage,334180,2012-06-08T16:00:00+00:00,2012-06-08,Poland,Greece,1,1,D,17.0,8.0,3.0,2.0,espn
10.0,0.5,0.0,0.5,1.5,1.1,1.3,-0.2,1.2,1.2,1.0,1.4,1.5,1.1,1.3,1512.019,11.0,0.5454545454545454,0.0,0.45454545454545453,1.6363636363636365,1.5454545454545454,1.3636363636363635,0.18181818181818182,1.2,1.6,1.8333333333333333,1.1666666666666667,1.5,1.5,1.4,1503.945,-1.0,-0.13636363636363646,-0.38181818181818183,0.0,8.07400000000007,0.0,0.0,0.0,0.0,0.0,0.0,1.0,UEFA/European Championship,group-stage,334181,2012-06-08T18:45:00+00:00,2012-06-08,Russia,Czechia,4,1,H,17.0,16.0,5.0,5.0,espn
19.0,0.5789473684210527,0.15789473684210525,0.2631578947368421,1.894736842105263,1.631578947368421,0.9473684210526315,0.6842105263157895,1.8461538461538463,0.8461538461538461,1.1666666666666667,1.1666666666666667,2.4,1.9,1.0,1616.737,10.0,0.4,0.3,0.3,1.5,1.2,1.3,-0.1,1.2,1.2,1.2,1.4,1.5,1.2,1.3,1501.704,9.0,0.39473684210526305,0.7842105263157895,0.8999999999999999,115.03300000000013,1.0,1.0,0.0,2.0,0.0,0.0,1.0,UEFA/European Championship,group-stage,334182,2012-06-09T16:00:00+00:00,2012-06-09,Netherlands,Denmark,0,1,A,32.0,8.0,5.0,4.0,espn
29.0,0.6551724137931034,0.10344827586206896,0.2413793103448276,2.0689655172413794,1.896551724137931,0.8275862068965517,1.0689655172413792,1.894736842105263,0.9473684210526315,1.9,0.6,2.1,2.2,1.0,1657.023,20.0,0.5,0.1,0.4,1.6,1.7,1.05,0.65,1.9230769230769231,0.8461538461538461,1.2857142857142858,1.4285714285714286,1.3,1.6,1.1,1546.381,9.0,0.46896551724137936,0.4189655172413792,0.8,110.64199999999983,2.0,1.0,0.0,1.5,0.0,0.0,1.0,UEFA/European Championship,group-stage,334183,2012-06-09T18:45:00+00:00,2012-06-09,Germany,Portugal,1,0,H,11.0,12.0,3.0,3.0,espn
24.0,0.75,0.08333333333333333,0.16666666666666666,2.3333333333333335,1.5833333333333333,0.625,0.9583333333333334,1.6666666666666667,0.75,1.5,0.5,2.5,1.2,0.2,1687.255,21.0,0.42857142857142855,0.38095238095238093,0.19047619047619047,1.6666666666666667,1.2857142857142858,0.8571428571428571,0.42857142857142855,1.4166666666666667,0.75,1.1111111111111112,1.0,1.6,1.3,1.0,1566.72,3.0,0.6666666666666667,0.5297619047619049,0.8999999999999999,120.53500000000008,1.0,0.0,1.0,0.0,0.0,0.0,1.0,UEFA/European Championship,group-stage,334188,2012-06-10T16:00:00+00:00,2012-06-10,Spain,Italy,1,1,D,0.0,0.0,0.0,0.0,espn
4.0,0.25,0.5,0.25,1.25,1.5,0.75,0.75,1.0,1.0,1.6666666666666667,0.6666666666666666,0.5,1.5,0.75,1503.345,13.0,0.3076923076923077,0.38461538461538464,0.3076923076923077,1.3076923076923077,1.0,1.0769230769230769,-0.07692307692307693,1.5,1.8333333333333333,0.5714285714285714,0.42857142857142855,1.4,1.1,1.1,1510.763,-9.0,-0.05769230769230771,0.8269230769230769,-0.8999999999999999,-7.417999999999893,0.0,0.0,0.0,0.0,0.0,0.0,1.0,UEFA/European Championship,group-stage,334189,2012-06-10T18:45:00+00:00,2012-06-10,Republic of Ireland,Croatia,1,3,A,0.0,0.0,0.0,0.0,espn
19.0,0.2631578947368421,0.3157894736842105,0.42105263157894735,1.105263157894737,0.8947368421052632,1.105263157894737,-0.21052631578947367,0.4444444444444444,1.1111111111111112,1.3,1.1,1.1,0.9,1.2,1459.813,15.0,0.4,0.4,0.2,1.6,1.4,1.0666666666666667,0.3333333333333333,1.2857142857142858,0.2857142857142857,1.5,1.75,1.9,1.5,1.1,1545.707,4.0,-0.49473684210526314,-0.5438596491228069,-0.7999999999999998,-85.894,1.0,1.0,0.0,1.0,0.0,0.0,1.0,UEFA/European Championship,group-stage,334190,2012-06-11T16:00:00+00:00,2012-06-11,France,England,1,1,D,0.0,0.0,0.0,0.0,espn
5.0,0.6,0.0,0.4,1.8,1.0,1.4,-0.4,1.0,0.0,1.0,1.75,0.9,1.0,1.4,1512.992,14.0,0.21428571428571427,0.5,0.2857142857142857,1.1428571428571428,1.2142857142857142,1.0714285714285714,0.14285714285714285,1.5714285714285714,1.0,0.8571428571428571,1.1428571428571428,1.1,0.9,1.1,1495.319,-9.0,0.6571428571428573,-0.5428571428571429,-0.20000000000000007,17.673000000000002,0.0,0.0,0.0,0.0,0.0,0.0,1.0,UEFA/European Championship,group-stage,334191,2012-06-11T18:45:00+00:00,2012-06-11,Ukraine,Sweden,2,1,H,13.0,12.0,3.0,4.0,espn
13.0,0.38461538461538464,0.15384615384615385,0.46153846153846156,1.3076923076923077,0.8461538461538461,1.1538461538461537,-0.3076923076923077,0.7142857142857143,1.2857142857142858,1.0,1.0,1.3,0.7,1.1,1480.956,12.0,0.5,0.0,0.5,1.5,1.5,1.5833333333333333,-0.08333333333333333,1.2,1.6,1.7142857142857142,1.5714285714285714,1.2,1.3,1.6,1486.41,1.0,-0.1923076923076923,-0.2243589743589744,0.10000000000000009,-5.454000000000178,1.0,1.0,0.0,1.0,0.0,0.0,1.0,UEFA/European Championship,group-stage,334192,2012-06-12T16:00:00+00:00,2012-06-12,Greece,Czechia,1,2,A,6.0,9.0,1.0,3.0,espn
9.0,0.1111111111111111,0.2222222222222222,0.6666666666666666,0.5555555555555556,0.4444444444444444,1.6666666666666667,-1.2222222222222223,0.3333333333333333,1.3333333333333333,0.5,1.8333333333333333,0.5,0.4444444444444444,1.6666666666666667,1429.013,11.0,0.5454545454545454,0.0,0.45454545454545453,1.6363636363636365,1.3636363636363635,1.2727272727272727,0.09090909090909091,1.6666666666666667,1.1666666666666667,1.0,1.4,1.5,1.3,1.4,1529.554,-2.0,-1.0808080808080809,-1.3131313131313131,-1.0,-100.54100000000017,0.0,0.0,0.0,0.0,0.0,0.0,1.0,UEFA/European Championship,group-stage,334193,2012-06-12T18:45:00+00:00,2012-06-12,Poland,Russia,1,1,D,16.0,11.0,6.0,2.0,espn
11.0,0.45454545454545453,0.2727272727272727,0.2727272727272727,1.6363636363636365,1.1818181818181819,1.1818181818181819,0.0,1.2,1.2,1.1666666666666667,1.1666666666666667,1.5,1.1,1.2,1521.212,21.0,0.47619047619047616,0.09523809523809523,0.42857142857142855,1.5238095238095237,1.619047619047619,1.0476190476190477,0.5714285714285714,1.9230769230769231,0.8461538461538461,1.125,1.375,1.0,1.5,1.2,1536.152,-10.0,0.11255411255411274,-0.5714285714285714,0.5,-14.940000000000055,0.0,0.0,0.0,0.0,0.0,0.0,1.0,UEFA/European Championship,group-stage,334194,2012-06-13T16:00:00+00:00,2012-06-13,Denmark,Portugal,2,3,A,0.0,0.0,0.0,0.0,espn
20.0,0.55,0.15,0.3,1.8,1.55,0.95,0.6,1.7142857142857142,0.8571428571428571,1.1666666666666667,1.1666666666666667,2.1,1.5,1.0,1597.229,30.0,0.6666666666666666,0.1,0.23333333333333334,2.1,1.8666666666666667,0.8,1.0666666666666667,1.85,0.9,1.9,0.6,2.1,2.0,0.8,1667.252,-10.0,-0.30000000000000004,-0.4666666666666667,0.0,-70.02299999999991,1.0,0.0,1.0,0.0,0.0,0.0,1.0,UEFA/European Championship,group-stage,334195,2012-06-13T18:45:00+00:00,2012-06-13,Netherlands,Germany,1,2,A,14.0,11.0,4.0,5.0,espn
22.0,0.4090909090909091,0.4090909090909091,0.18181818181818182,1.6363636363636365,1.2727272727272727,0.8636363636363636,0.4090909090909091,1.4166666666666667,0.75,1.1,1.0,1.4,1.1,1.1,1571.653,14.0,0.35714285714285715,0.35714285714285715,0.2857142857142857,1.4285714285714286,1.1428571428571428,1.0714285714285714,0.07142857142857142,1.5,1.8333333333333333,0.875,0.5,1.6,1.4,1.2,1526.782,8.0,0.20779220779220786,0.33766233766233766,-0.20000000000000018,44.871000000000095,1.0,0.0,0.0,-1.0,0.0,0.0,1.0,UEFA/European Championship,group-stage,334196,2012-06-14T16:00:00+00:00,2012-06-14,Italy,Croatia,1,1,D,15.0,10.0,5.0,5.0,espn
25.0,0.72,0.12,0.16,2.28,1.56,0.64,0.92,1.6153846153846154,0.7692307692307693,1.5,0.5,2.5,1.3,0.3,1682.322,5.0,0.2,0.4,0.4,1.0,1.4,1.2,0.2,1.0,2.0,1.6666666666666667,0.6666666666666666,0.5,1.4,1.2,1487.326,20.0,1.2799999999999998,0.72,2.0,194.99599999999987,1.0,1.0,0.0,0.0,0.0,0.0,1.0,UEFA/European Championship,group-stage,334197,2012-06-14T18:45:00+00:00,2012-06-14,Spain,Republic of Ireland,4,0,H,27.0,6.0,15.0,2.0,espn
6.0,0.6666666666666666,0.0,0.3333333333333333,2.0,1.1666666666666667,1.3333333333333333,-0.16666666666666666,1.5,0.5,1.0,1.75,1.2,1.1666666666666667,1.3333333333333333,1527.025,20.0,0.25,0.35,0.4,1.1,0.9,1.1,-0.2,0.5,1.1,1.3,1.1,0.9,0.8,1.3,1463.395,-14.0,0.8999999999999999,0.033333333333333354,0.29999999999999993,63.63000000000011,0.0,0.0,0.0,0.0,0.0,0.0,1.0,UEFA/European Championship,group-stage,334199,2012-06-15T16:00:00+00:00,2012-06-15,Ukraine,France,0,2,A,9.0,16.0,1.0,10.0,espn
15.0,0.2,0.4666666666666667,0.3333333333333333,1.0666666666666667,1.2,1.1333333333333333,0.06666666666666667,1.5714285714285714,1.0,0.875,1.25,1.0,0.9,1.2,1481.286,16.0,0.375,0.4375,0.1875,1.5625,1.375,1.0625,0.3125,1.2857142857142858,0.2857142857142857,1.4444444444444444,1.6666666666666667,1.7,1.2,1.0,1542.125,-1.0,-0.49583333333333335,-0.24583333333333335,-0.7,-60.83899999999994,2.0,0.0,1.0,0.0,0.0,0.0,1.0,UEFA/European Championship,group-stage,334198,2012-06-15T19:00:00+00:00,2012-06-15,Sweden,England,2,3,A,15.0,16.0,7.0,6.0,espn
14.0,0.35714285714285715,0.14285714285714285,0.5,1.2142857142857142,0.8571428571428571,1.2142857142857142,-0.35714285714285715,0.75,1.375,1.0,1.0,1.0,0.7,1.3,1466.404,12.0,0.5,0.08333333333333333,0.4166666666666667,1.5833333333333333,1.3333333333333333,1.25,0.08333333333333333,1.6666666666666667,1.1666666666666667,1.0,1.3333333333333333,1.6,1.4,1.4,1525.391,2.0,-0.36904761904761907,-0.44047619047619047,-0.6000000000000001,-58.98700000000008,2.0,0.0,0.0,-1.0,0.0,0.0,1.0,UEFA/European Championship,group-stage,334200,2012-06-16T18:45:00+00:00,2012-06-16,Greece,Russia,1,0,H,0.0,0.0,0.0,0.0,espn
10.0,0.1,0.3,0.6,0.6,0.5,1.6,-1.1,0.5,1.25,0.5,1.8333333333333333,0.6,0.5,1.6,1433.176,13.0,0.5384615384615384,0.0,0.46153846153846156,1.6153846153846154,1.5384615384615385,1.5384615384615385,0.0,1.2,1.6,1.75,1.5,1.2,1.3,1.6,1500.962,-3.0,-1.0153846153846153,-1.1,-0.6,-67.78600000000006,0.0,0.0,0.0,0.0,0.0,0.0,1.0,UEFA/European Championship,group-stage,334202,2012-06-16T18:45:00+00:00,2012-06-16,Poland,Czechia,1,0,H,0.0,0.0,0.0,0.0,espn
12.0,0.4166666666666667,0.25,0.3333333333333333,1.5,1.25,1.3333333333333333,-0.08333333333333333,1.3333333333333333,1.5,1.1666666666666667,1.1666666666666667,1.4,1.2,1.4,1507.063,31.0,0.6774193548387096,0.0967741935483871,0.22580645161290322,2.129032258064516,1.8709677419354838,0.8064516129032258,1.064516129032258,1.85,0.9,1.9090909090909092,0.6363636363636364,2.1,1.9,0.7,1679.096,-19.0,-0.629032258064516,-1.1478494623655913,-0.7000000000000002,-172.0329999999999,0.0,0.0,0.0,0.0,0.0,0.0,1.0,UEFA/European Championship,group-stage,334204,2012-06-17T18:45:00+00:00,2012-06-17,Denmark,Germany,1,2,A,0.0,0.0,0.0,0.0,espn
22.0,0.5,0.09090909090909091,0.4090909090909091,1.5909090909090908,1.6818181818181819,1.0909090909090908,0.5909090909090909,1.9230769230769231,0.8461538461538461,1.3333333333333333,1.4444444444444444,1.3,1.8,1.3,1550.301,21.0,0.5238095238095238,0.14285714285714285,0.3333333333333333,1.7142857142857142,1.5238095238095237,1.0,0.5238095238095238,1.6666666666666667,0.9333333333333333,1.1666666666666667,1.1666666666666667,1.8,1.4,1.2,1585.385,1.0,-0.12337662337662336,0.0670995670995671,-0.5,-35.08400000000006,2.0,1.0,0.0,1.0,0.0,0.0,1.0,UEFA/European Championship,group-stage,334203,2012-06-17T18:45:00+00:00,2012-06-17,Portugal,Netherlands,2,1,H,0.0,0.0,0.0,0.0,espn
15.0,0.3333333333333333,0.4,0.26666666666666666,1.4,1.1333333333333333,1.0666666666666667,0.06666666666666667,1.5,1.8333333333333333,0.8888888888888888,0.5555555555555556,1.6,1.3,1.1,1528.681,26.0,0.7307692307692307,0.11538461538461539,0.15384615384615385,2.3076923076923075,1.6538461538461537,0.6153846153846154,1.0384615384615385,1.7857142857142858,0.7142857142857143,1.5,0.5,2.5,1.4,0.3,1691.916,-11.0,-0.9076923076923076,-0.9717948717948719,-0.8999999999999999,-163.2349999999999,0.0,0.0,0.0,0.0,0.0,0.0,1.0,UEFA/European Championship,group-stage,334205,2012-06-18T18:45:00+00:00,2012-06-18,Croatia,Spain,0,1,A,0.0,0.0,0.0,0.0,espn
23.0,0.391304347826087,0.43478260869565216,0.17391304347826086,1.608695652173913,1.2608695652173914,0.8695652173913043,0.391304347826087,1.3846153846153846,0.7692307692307693,1.1,1.0,1.2,1.0,1.2,1569.754,6.0,0.16666666666666666,0.3333333333333333,0.5,0.8333333333333334,1.1666666666666667,1.6666666666666667,-0.5,1.0,2.0,1.25,1.5,0.5,1.1666666666666667,1.6666666666666667,1477.732,17.0,0.7753623188405797,0.8913043478260869,0.7,92.02199999999993,0.0,0.0,0.0,0.0,0.0,0.0,1.0,UEFA/European Championship,group-stage,334206,2012-06-18T18:45:00+00:00,2012-06-18,Italy,Republic of Ireland,2,0,H,0.0,0.0,0.0,0.0,espn
16.0,0.1875,0.4375,0.375,1.0,1.25,1.25,0.0,1.625,1.25,0.875,1.25,0.9,0.9,1.3,1469.065,21.0,0.2857142857142857,0.3333333333333333,0.38095238095238093,1.1904761904761905,0.9523809523809523,1.0476190476190477,-0.09523809523809523,0.5,1.1,1.3636363636363635,1.0,0.9,0.7,1.2,1482.728,-5.0,-0.19047619047619047,0.09523809523809523,0.0,-13.663000000000011,0.0,0.0,0.0,0.0,0.0,0.0,1.0,UEFA/European Championship,group-stage,334208,2012-06-19T18:45:00+00:00,2012-06-19,Sweden,France,2,0,H,0.0,0.0,0.0,0.0,espn
7.0,0.5714285714285714,0.0,0.42857142857142855,1.7142857142857142,1.0,1.4285714285714286,-0.42857142857142855,1.0,1.0,1.0,1.75,1.2,1.0,1.4285714285714286,1507.692,17.0,0.4117647058823529,0.4117647058823529,0.17647058823529413,1.6470588235294117,1.4705882352941178,1.1176470588235294,0.35294117647058826,1.2857142857142858,0.2857142857142857,1.6,1.7,1.9,1.3,1.0,1554.346,-10.0,0.0672268907563025,-0.7815126050420168,-0.7,-46.653999999999996,0.0,0.0,0.0,0.0,0.0,0.0,1.0,UEFA/European Championship,group-stage,334209,2012-06-19T18:45:00+00:00,2012-06-19,Ukraine,England,1,0,H,0.0,0.0,0.0,0.0,espn
14.0,0.5,0.0,0.5,1.5,1.4285714285714286,1.5,-0.07142857142857142,1.2,1.6,1.5555555555555556,1.4444444444444444,0.9,1.0,1.7,1483.33,23.0,0.5217391304347826,0.08695652173913043,0.391304347826087,1.6521739130434783,1.6956521739130435,1.0869565217391304,0.6086956521739131,1.9285714285714286,0.8571428571428571,1.3333333333333333,1.4444444444444444,1.6,1.9,1.1,1566.573,-9.0,-0.15217391304347827,-0.6801242236024845,-0.7000000000000001,-83.24300000000017,1.0,0.0,0.0,-2.0,0.0,1.0,1.0,UEFA/European Championship,quarterfinals,343870,2012-06-21T18:45:00+00:00,2012-06-21,Czechia,Portugal,0,1,A,0.0,0.0,0.0,0.0,espn
32.0,0.6875,0.09375,0.21875,2.15625,1.875,0.8125,1.0625,1.85,0.9,1.9166666666666667,0.6666666666666666,2.4,2.1,0.7,1687.105,15.0,0.4,0.13333333333333333,0.4666666666666667,1.3333333333333333,0.8666666666666667,1.1333333333333333,-0.26666666666666666,0.7777777777777778,1.2222222222222223,1.0,1.0,1.0,0.7,1.3,1483.674,17.0,0.8229166666666667,1.3291666666666666,1.4,203.43100000000004,0.0,0.0,0.0,0.0,0.0,1.0,1.0,UEFA/European Championship,quarterfinals,343869,2012-06-22T18:45:00+00:00,2012-06-22,Germany,Greece,4,2,H,0.0,0.0,0.0,0.0,espn
27.0,0.7407407407407407,0.1111111111111111,0.14814814814814814,2.3333333333333335,1.6296296296296295,0.5925925925925926,1.037037037037037,1.7857142857142858,0.7142857142857143,1.4615384615384615,0.46153846153846156,2.5,1.4,0.3,1700.224,22.0,0.2727272727272727,0.3181818181818182,0.4090909090909091,1.1363636363636365,0.9090909090909091,1.0909090909090908,-0.18181818181818182,0.5,1.1,1.25,1.0833333333333333,0.6,0.6,1.4,1465.717,5.0,1.196969696969697,1.2188552188552189,1.9,234.50699999999983,1.0,0.0,0.0,-2.0,0.0,1.0,1.0,UEFA/European Championship,quarterfinals,345911,2012-06-23T18:45:00+00:00,2012-06-23,Spain,France,2,0,H,0.0,0.0,0.0,0.0,espn
18.0,0.3888888888888889,0.3888888888888889,0.2222222222222222,1.5555555555555556,1.3888888888888888,1.1111111111111112,0.2777777777777778,1.2857142857142858,0.2857142857142857,1.4545454545454546,1.6363636363636365,1.6,1.2,1.1,1537.589,24.0,0.4166666666666667,0.4166666666666667,0.16666666666666666,1.6666666666666667,1.2916666666666667,0.8333333333333334,0.4583333333333333,1.4285714285714286,0.7142857142857143,1.1,1.0,1.2,1.1,1.1,1581.885,-6.0,-0.11111111111111116,-0.18055555555555552,0.40000000000000013,-44.29600000000005,0.0,0.0,0.0,0.0,0.0,1.0,1.0,UEFA/European Championship,quarterfinals,345910,2012-06-24T18:45:00+00:00,2012-06-24,England,Italy,0,0,A,0.0,0.0,0.0,0.0,espn
24.0,0.5416666666666666,0.08333333333333333,0.375,1.7083333333333333,1.6666666666666667,1.0416666666666667,0.625,1.9285714285714286,0.8571428571428571,1.3,1.3,1.6,1.8,1.1,1577.881,28.0,0.75,0.10714285714285714,0.14285714285714285,2.357142857142857,1.6428571428571428,0.5714285714285714,1.0714285714285714,1.8,0.6666666666666666,1.4615384615384615,0.46153846153846156,2.8,1.6,0.2,1706.964,-4.0,-0.648809523809524,-0.4464285714285714,-1.1999999999999997,-129.08299999999986,2.0,0.5,0.0,0.0,0.0,1.0,1.0,UEFA/European Championship,semifinals,345929,2012-06-27T18:45:00+00:00,2012-06-27,Portugal,Spain,0,0,A,0.0,0.0,0.0,0.0,espn
33.0,0.696969696969697,0.09090909090909091,0.21212121212121213,2.1818181818181817,1.9393939393939394,0.8484848484848485,1.0909090909090908,1.9523809523809523,0.9523809523809523,1.9166666666666667,0.6666666666666666,2.4,2.1,0.9,1694.853,25.0,0.44,0.4,0.16,1.72,1.24,0.8,0.44,1.4285714285714286,0.7142857142857143,1.0,0.9090909090909091,1.5,1.1,0.8,1594.794,8.0,0.4618181818181817,0.6509090909090909,0.8999999999999999,100.05899999999997,1.0,0.0,0.0,-2.0,0.0,1.0,1.0,UEFA/European Championship,semifinals,345932,2012-06-28T18:45:00+00:00,2012-06-28,Germany,Italy,1,2,A,0.0,0.0,0.0,0.0,espn
29.0,0.7586206896551724,0.10344827586206896,0.13793103448275862,2.3793103448275863,1.5862068965517242,0.5517241379310345,1.0344827586206897,1.8,0.6666666666666666,1.3571428571428572,0.42857142857142855,2.8,1.4,0.2,1716.495,26.0,0.46153846153846156,0.38461538461538464,0.15384615384615385,1.7692307692307692,1.2692307692307692,0.8076923076923077,0.46153846153846156,1.4285714285714286,0.7142857142857143,1.0833333333333333,0.9166666666666666,1.7,1.2,0.8,1613.722,3.0,0.6100795755968171,0.5729442970822282,1.0999999999999999,102.77299999999991,2.0,0.0,1.0,0.0,0.0,1.0,1.0,UEFA/European Championship,final,346764,2012-07-01T18:45:00+00:00,2012-07-01,Spain,Italy,4,0,H,0.0,0.0,0.0,0.0,espn
6.0,0.3333333333333333,0.3333333333333333,0.3333333333333333,1.3333333333333333,1.3333333333333333,1.6666666666666667,-0.3333333333333333,1.0,1.75,2.0,1.5,0.8,1.3333333333333333,1.6666666666666667,1493.583,0.0,0.0,0.0,0.0,0.0,0.0,0.0,0.0,0.0,0.0,0.0,0.0,0.0,0.0,0.0,1500.0,6.0,1.3333333333333333,-0.3333333333333333,0.8,-6.416999999999916,0.0,0.0,0.0,0.0,0.0,0.0,1.0,CAF/Africa Cup of Nations,group-stage-2013,358567,2013-01-19T16:00:00+00:00,2013-01-19,South Africa,Cape Verde,0,0,D,0.0,0.0,0.0,0.0,espn
5.0,0.2,0.6,0.2,1.2,1.0,1.2,-0.2,0.0,0.0,1.0,1.2,0.6,1.0,1.2,1497.409,3.0,0.3333333333333333,0.0,0.6666666666666666,1.0,1.3333333333333333,1.6666666666666667,-0.3333333333333333,1.0,2.0,1.5,1.5,0.3,1.3333333333333333,1.6666666666666667,1484.346,2.0,0.19999999999999996,0.1333333333333333,0.3,13.063000000000102,0.0,0.0,0.0,0.0,0.0,0.0,1.0,CAF/Africa Cup of Nations,group-stage-2013,358568,2013-01-19T19:00:00+00:00,2013-01-19,Angola,Morocco,0,0,D,0.0,0.0,0.0,0.0,espn
15.0,0.4666666666666667,0.13333333333333333,0.4,1.5333333333333334,1.0,1.0,0.0,1.125,0.875,0.8571428571428571,1.1428571428571428,1.4,1.0,0.9,1518.008,0.0,0.0,0.0,0.0,0.0,0.0,0.0,0.0,0.0,0.0,0.0,0.0,0.0,0.0,0.0,1500.0,15.0,1.5333333333333334,0.0,1.4,18.008000000000038,0.0,0.0,0.0,0.0,0.0,0.0,1.0,CAF/Africa Cup of Nations,group-stage-2013,358569,2013-01-20T15:00:00+00:00,2013-01-20,Ghana,Congo DR,2,2,D,0.0,0.0,0.0,0.0,espn
6.0,0.5,0.16666666666666666,0.3333333333333333,1.6666666666666667,1.0,0.8333333333333334,0.16666666666666666,0.5,0.5,1.25,1.0,1.0,1.0,0.8333333333333334,1518.709,3.0,0.0,0.0,1.0,0.0,0.3333333333333333,1.6666666666666667,-1.3333333333333333,0.5,1.5,0.0,2.0,0.0,0.3333333333333333,1.6666666666666667,1453.318,3.0,1.6666666666666667,1.5,1.0,65.39100000000008,0.0,0.0,0.0,0.0,0.0,0.0,1.0,CAF/Africa Cup of Nations,group-stage-2013,358570,2013-01-20T18:00:00+00:00,2013-01-20,Mali,Niger,1,0,H,0.0,0.0,0.0,0.0,espn
6.0,0.6666666666666666,0.3333333333333333,0.0,2.3333333333333335,1.5,0.5,1.0,1.3333333333333333,0.0,1.6666666666666667,1.0,1.4,1.5,0.5,1561.43,0.0,0.0,0.0,0.0,0.0,0.0,0.0,0.0,0.0,0.0,0.0,0.0,0.0,0.0,0.0,1500.0,6.0,2.3333333333333335,1.0,1.4,61.430000000000064,0.0,0.0,0.0,0.0,0.0,0.0,1.0,CAF/Africa Cup of Nations,group-stage-2013,358571,2013-01-21T15:00:00+00:00,2013-01-21,Zambia,Ethiopia,1,1,D,0.0,0.0,0.0,0.0,espn
5.0,0.0,0.4,0.6,0.4,0.6,1.2,-0.6,1.0,1.0,0.3333333333333333,1.3333333333333333,0.2,0.6,1.2,1455.142,3.0,0.0,0.0,1.0,0.0,0.6666666666666666,2.0,-1.3333333333333333,1.0,2.0,0.5,2.0,0.0,0.6666666666666666,2.0,1455.955,2.0,0.4,0.7333333333333333,0.2,-0.8129999999998745,0.0,0.0,0.0,0.0,0.0,0.0,1.0,CAF/Africa Cup of Nations,group-stage-2013,358572,2013-01-21T18:00:00+00:00,2013-01-21,Nigeria,Burkina Faso,1,1,D,0.0,0.0,0.0,0.0,espn
11.0,0.6363636363636364,0.09090909090909091,0.2727272727272727,2.0,1.6363636363636365,0.8181818181818182,0.8181818181818182,2.2,0.4,1.1666666666666667,1.1666666666666667,2.2,1.7,0.7,1570.906,3.0,0.0,0.0,1.0,0.0,0.3333333333333333,2.0,-1.6666666666666667,0.0,2.0,1.0,2.0,0.0,0.3333333333333333,2.0,1444.611,8.0,2.0,2.484848484848485,2.2,126.29499999999985,0.0,0.0,0.0,0.0,0.0,0.0,1.0,CAF/Africa Cup of Nations,group-stage-2013,358573,2013-01-22T15:00:00+00:00,2013-01-22,Ivory Coast,Togo,2,1,H,0.0,0.0,0.0,0.0,espn
9.0,0.2222222222222222,0.2222222222222222,0.5555555555555556,0.8888888888888888,1.0,1.5555555555555556,-0.5555555555555556,1.5,1.5,0.8571428571428571,1.5714285714285714,0.8,1.0,1.5555555555555556,1455.633,3.0,0.0,0.3333333333333333,0.6666666666666666,0.3333333333333333,0.0,0.6666666666666666,-0.6666666666666666,0.0,1.0,0.0,0.5,0.1,0.0,0.6666666666666666,1465.456,6.0,0.5555555555555556,0.11111111111111105,0.7000000000000001,-9.822999999999865,0.0,0.0,0.0,0.0,0.0,0.0,1.0,CAF/Africa Cup of Nations,group-stage-2013,358574,2013-01-22T18:00:00+00:00,2013-01-22,Tunisia,Algeria,1,0,H,0.0,0.0,0.0,0.0,espn
7.0,0.2857142857142857,0.42857142857142855,0.2857142857142857,1.2857142857142858,1.1428571428571428,1.4285714285714286,-0.2857142857142857,0.8,1.4,2.0,1.5,0.9,1.1428571428571428,1.4285714285714286,1493.856,6.0,0.16666666666666666,0.6666666666666666,0.16666666666666666,1.1666666666666667,0.8333333333333334,1.0,-0.16666666666666666,0.0,0.0,1.0,1.2,0.7,0.8333333333333334,1.0,1496.853,1.0,0.11904761904761907,-0.11904761904761904,0.20000000000000007,-2.997000000000071,0.0,0.0,0.0,0.0,0.0,0.0,1.0,CAF/Africa Cup of Nations,group-stage-2013,358575,2013-01-23T15:00:00+00:00,2013-01-23,South Africa,Angola,2,0,H,0.0,0.0,0.0,0.0,espn
4.0,0.25,0.25,0.5,1.0,1.0,1.25,-0.25,1.0,2.0,1.0,1.0,0.4,1.0,1.25,1484.902,1.0,0.0,1.0,0.0,1.0,0.0,0.0,0.0,0.0,0.0,0.0,0.0,0.1,0.0,0.0,1499.727,3.0,0.0,-0.25,0.30000000000000004,-14.825000000000045,0.0,0.0,0.0,0.0,0.0,0.0,1.0,CAF/Africa Cup of Nations,group-stage-2013,358576,2013-01-23T18:00:00+00:00,2013-01-23,Morocco,Cape Verde,1,1,D,0.0,0.0,0.0,0.0,espn
16.0,0.4375,0.1875,0.375,1.5,1.0625,1.0625,0.0,1.2222222222222223,1.0,0.8571428571428571,1.1428571428571428,1.4,1.1,1.0,1517.242,7.0,0.5714285714285714,0.14285714285714285,0.2857142857142857,1.8571428571428572,1.0,0.7142857142857143,0.2857142857142857,0.6666666666666666,0.3333333333333333,1.25,1.0,1.3,1.0,0.7142857142857143,1530.743,9.0,-0.3571428571428572,-0.2857142857142857,0.09999999999999987,-13.500999999999976,2.0,0.5,0.0,0.0,0.0,0.0,1.0,CAF/Africa Cup of Nations,group-stage-2013,358577,2013-01-24T15:00:00+00:00,2013-01-24,Ghana,Mali,1,0,H,0.0,0.0,0.0,0.0,espn
4.0,0.0,0.0,1.0,0.0,0.25,1.5,-1.25,0.5,1.5,0.0,1.5,0.0,0.25,1.5,1441.284,1.0,0.0,1.0,0.0,1.0,2.0,2.0,0.0,0.0,0.0,2.0,2.0,0.1,2.0,2.0,1500.766,3.0,-1.0,-1.25,-0.1,-59.48199999999997,0.0,0.0,0.0,0.0,0.0,0.0,1.0,CAF/Africa Cup of Nations,group-stage-2013,358578,2013-01-24T18:00:00+00:00,2013-01-24,Niger,Congo DR,0,0,D,0.0,0.0,0.0,0.0,espn
7.0,0.5714285714285714,0.42857142857142855,0.0,2.142857142857143,1.4285714285714286,0.5714285714285714,0.8571428571428571,1.25,0.25,1.6666666666666667,1.0,1.5,1.4285714285714286,0.5714285714285714,1558.843,6.0,0.0,0.5,0.5,0.5,0.6666666666666666,1.1666666666666667,-0.5,1.0,1.0,0.3333333333333333,1.3333333333333333,0.3,0.6666666666666666,1.1666666666666667,1455.177,1.0,1.6428571428571428,1.3571428571428572,1.2,103.66600000000017,0.0,0.0,0.0,0.0,0.0,0.0,1.0,CAF/Africa Cup of Nations,group-stage-2013,358579,2013-01-25T15:00:00+00:00,2013-01-25,Zambia,Nigeria,1,1,D,0.0,0.0,0.0,0.0,espn
4.0,0.0,0.25,0.75,0.25,0.75,1.75,-1.0,1.0,2.0,0.6666666666666666,1.6666666666666667,0.1,0.75,1.75,1455.92,1.0,0.0,1.0,0.0,1.0,1.0,1.0,0.0,0.0,0.0,1.0,1.0,0.1,1.0,1.0,1502.587,3.0,-0.75,-1.0,0.0,-46.666999999999916,0.0,0.0,0.0,0.0,0.0,0.0,1.0,CAF/Africa Cup of Nations,group-stage-2013,358580,2013-01-25T18:00:00+00:00,2013-01-25,Burkina Faso,Ethiopia,4,0,H,0.0,0.0,0.0,0.0,espn
12.0,0.6666666666666666,0.08333333333333333,0.25,2.0833333333333335,1.6666666666666667,0.8333333333333334,0.8333333333333334,2.1666666666666665,0.5,1.1666666666666667,1.1666666666666667,2.5,1.8,0.6,1580.541,10.0,0.3,0.2,0.5,1.1,1.0,1.4,-0.4,1.3333333333333333,1.0,0.8571428571428571,1.5714285714285714,1.1,1.0,1.4,1470.835,2.0,0.9833333333333334,1.2333333333333334,1.4,109.7059999999999,0.0,0.0,0.0,0.0,0.0,0.0,1.0,CAF/Africa Cup of Nations,group-stage-2013,358581,2013-01-26T15:00:00+00:00,2013-01-26,Ivory Coast,Tunisia,3,0,H,0.0,0.0,0.0,0.0,espn
4.0,0.0,0.25,0.75,0.25,0.0,0.75,-0.75,0.0,1.0,0.0,0.6666666666666666,0.1,0.0,0.75,1450.254,4.0,0.0,0.0,1.0,0.0,0.5,2.0,-1.5,0.0,2.0,1.0,2.0,0.0,0.5,2.0,1434.976,0.0,0.25,0.75,0.1,15.277999999999793,0.0,0.0,0.0,0.0,0.0,0.0,1.0,CAF/Africa Cup of Nations,group-stage-2013,358582,2013-01-26T18:00:00+00:00,2013-01-26,Algeria,Togo,0,2,A,0.0,0.0,0.0,0.0,espn
2.0,0.0,1.0,0.0,1.0,0.5,0.5,0.0,0.0,0.0,0.5,0.5,0.2,0.5,0.5,1499.097,7.0,0.14285714285714285,0.5714285714285714,0.2857142857142857,1.0,0.7142857142857143,1.1428571428571428,-0.42857142857142855,0.0,0.0,0.8333333333333334,1.3333333333333333,0.7,0.7142857142857143,1.1428571428571428,1480.344,-5.0,0.0,0.42857142857142855,-0.49999999999999994,18.75299999999993,0.0,0.0,0.0,0.0,0.0,0.0,1.0,CAF/Africa Cup of Nations,group-stage-2013,358584,2013-01-27T17:00:00+00:00,2013-01-27,Cape Verde,Angola,2,1,H,0.0,0.0,0.0,0.0,espn
5.0,0.2,0.4,0.4,1.0,1.0,1.2,-0.2,1.0,1.5,1.0,1.0,0.5,1.0,1.2,1485.532,8.0,0.375,0.375,0.25,1.5,1.25,1.25,0.0,1.0,1.1666666666666667,2.0,1.5,1.2,1.25,1.25,1510.365,-3.0,-0.5,-0.2,-0.7,-24.833000000000084,0.0,0.0,0.0,0.0,0.0,0.0,1.0,CAF/Africa Cup of Nations,group-stage-2013,358583,2013-01-27T17:00:00+00:00,2013-01-27,Morocco,South Africa,2,2,D,0.0,0.0,0.0,0.0,espn
2.0,0.0,1.0,0.0,1.0,1.0,1.0,0.0,0.0,0.0,1.0,1.0,0.2,1.0,1.0,1498.259,8.0,0.5,0.125,0.375,1.625,0.875,0.75,0.125,0.6666666666666666,0.3333333333333333,1.0,1.0,1.3,0.875,0.75,1515.385,-6.0,-0.625,-0.125,-1.1,-17.125999999999976,0.0,0.0,0.0,0.0,0.0,0.0,1.0,CAF/Africa Cup of Nations,group-stage-2013,358586,2013-01-28T17:00:00+00:00,2013-01-28,Congo DR,Mali,1,1,D,0.0,0.0,0.0,0.0,espn
5.0,0.0,0.2,0.8,0.2,0.2,1.2,-1.0,0.3333333333333333,1.0,0.0,1.5,0.1,0.2,1.2,1443.791,17.0,0.47058823529411764,0.17647058823529413,0.35294117647058826,1.588235294117647,1.0588235294117647,1.0,0.058823529411764705,1.2,0.9,0.8571428571428571,1.1428571428571428,1.7,1.2,0.9,1532.6,-12.0,-1.388235294117647,-1.0588235294117647,-1.5999999999999999,-88.80899999999997,0.0,0.0,0.0,0.0,0.0,0.0,1.0,CAF/Africa Cup of Nations,group-stage-2013,358585,2013-01-28T17:00:00+00:00,2013-01-28,Niger,Ghana,0,3,A,0.0,0.0,0.0,0.0,espn
5.0,0.2,0.2,0.6,0.8,1.4,1.4,0.0,2.5,1.0,0.6666666666666666,1.6666666666666667,0.4,1.4,1.4,1478.064,8.0,0.5,0.5,0.0,2.0,1.375,0.625,0.75,1.2,0.4,1.6666666666666667,1.0,1.6,1.375,0.625,1554.558,-3.0,-1.2,-0.75,-1.2000000000000002,-76.49399999999991,0.0,0.0,0.0,0.0,0.0,0.0,1.0,CAF/Africa Cup of Nations,group-stage-2013,358588,2013-01-29T17:00:00+00:00,2013-01-29,Burkina Faso,Zambia,0,0,D,0.0,0.0,0.0,0.0,espn
2.0,0.0,0.5,0.5,0.5,0.5,2.5,-2.0,0.0,0.0,0.5,2.5,0.1,0.5,2.5,1480.443,7.0,0.0,0.5714285714285714,0.42857142857142855,0.5714285714285714,0.7142857142857143,1.1428571428571428,-0.42857142857142855,1.0,1.0,0.5,1.25,0.4,0.7142857142857143,1.1428571428571428,1459.462,-5.0,-0.0714285714285714,-1.5714285714285714,-0.30000000000000004,20.980999999999995,0.0,0.0,0.0,0.0,0.0,0.0,1.0,CAF/Africa Cup of Nations,group-stage-2013,358587,2013-01-29T17:00:00+00:00,2013-01-29,Ethiopia,Nigeria,0,2,A,0.0,0.0,0.0,0.0,espn
5.0,0.0,0.2,0.8,0.2,0.0,1.0,-1.0,0.0,1.5,0.0,0.6666666666666666,0.1,0.0,1.0,1433.167,13.0,0.6923076923076923,0.07692307692307693,0.23076923076923078,2.1538461538461537,1.7692307692307692,0.7692307692307693,1.0,2.2857142857142856,0.42857142857142855,1.1666666666666667,1.1666666666666667,2.5,1.8,0.4,1593.006,-8.0,-1.9538461538461538,-2.0,-2.4,-159.83900000000017,0.0,0.0,0.0,0.0,0.0,0.0,1.0,CAF/Africa Cup of Nations,group-stage-2013,358590,2013-01-30T17:00:00+00:00,2013-01-30,Algeria,Ivory Coast,2,2,D,0.0,0.0,0.0,0.0,espn
5.0,0.2,0.0,0.8,0.6,0.8,1.6,-0.8,0.0,2.0,1.3333333333333333,1.3333333333333333,0.3,0.8,1.6,1452.063,11.0,0.2727272727272727,0.18181818181818182,0.5454545454545454,1.0,0.9090909090909091,1.5454545454545454,-0.6363636363636364,1.3333333333333333,1.0,0.75,1.75,1.1,1.0,1.5,1458.37,-6.0,-0.4,-0.1636363636363637,-0.8,-6.306999999999789,0.0,0.0,0.0,0.0,0.0,0.0,1.0,CAF/Africa Cup of Nations,group-stage-2013,358589,2013-01-30T17:00:00+00:00,2013-01-30,Togo,Tunisia,1,1,D,0.0,0.0,0.0,0.0,espn
18.0,0.5,0.16666666666666666,0.3333333333333333,1.6666666666666667,1.1666666666666667,0.9444444444444444,0.2222222222222222,1.2,0.9,1.125,1.0,1.7,1.3,0.8,1546.061,3.0,0.3333333333333333,0.6666666666666666,0.0,1.6666666666666667,1.0,0.6666666666666666,0.3333333333333333,2.0,1.0,0.5,0.5,0.5,1.0,0.6666666666666666,1513.084,15.0,0.0,-0.1111111111111111,1.2,32.97699999999986,0.0,0.0,0.0,0.0,0.0,1.0,1.0,CAF/Africa Cup of Nations,quarter-finals,360516,2013-02-02T15:00:00+00:00,2013-02-02,Ghana,Cape Verde,2,0,H,0.0,0.0,0.0,0.0,espn
9.0,0.3333333333333333,0.4444444444444444,0.2222222222222222,1.4444444444444444,1.3333333333333333,1.3333333333333333,0.0,1.0,1.1666666666666667,2.0,1.6666666666666667,1.3,1.3333333333333333,1.3333333333333333,1509.31,9.0,0.4444444444444444,0.2222222222222222,0.3333333333333333,1.5555555555555556,0.8888888888888888,0.7777777777777778,0.1111111111111111,0.6666666666666666,0.3333333333333333,1.0,1.0,1.4,0.8888888888888888,0.7777777777777778,1514.657,0.0,-0.11111111111111116,-0.1111111111111111,-0.09999999999999987,-5.34699999999998,0.0,0.0,0.0,0.0,0.0,1.0,1.0,CAF/Africa Cup of Nations,quarter-finals,360517,2013-02-02T18:30:00+00:00,2013-02-02,South Africa,Mali,1,1,D,0.0,0.0,0.0,0.0,espn
14.0,0.6428571428571429,0.14285714285714285,0.21428571428571427,2.0714285714285716,1.7857142857142858,0.8571428571428571,0.9285714285714286,2.2857142857142856,0.42857142857142855,1.2857142857142858,1.2857142857142858,2.6,1.9,0.3,1586.647,8.0,0.125,0.5,0.375,0.875,0.875,1.0,-0.125,1.0,1.0,0.8,1.0,0.7,0.875,1.0,1476.817,6.0,1.1964285714285716,1.0535714285714286,1.9000000000000001,109.82999999999993,0.0,0.0,0.0,0.0,0.0,1.0,1.0,CAF/Africa Cup of Nations,quarter-finals,360564,2013-02-03T15:00:00+00:00,2013-02-03,Ivory Coast,Nigeria,1,2,A,0.0,0.0,0.0,0.0,espn
6.0,0.16666666666666666,0.3333333333333333,0.5,0.8333333333333334,1.1666666666666667,1.1666666666666667,0.0,1.6666666666666667,0.6666666666666666,0.6666666666666666,1.6666666666666667,0.5,1.1666666666666667,1.1666666666666667,1481.267,6.0,0.16666666666666666,0.16666666666666666,0.6666666666666666,0.6666666666666666,0.8333333333333334,1.5,-0.6666666666666666,0.3333333333333333,1.6666666666666667,1.3333333333333333,1.3333333333333333,0.4,0.8333333333333334,1.5,1452.331,0.0,0.16666666666666674,0.6666666666666666,0.09999999999999998,28.93600000000015,0.0,0.0,0.0,0.0,0.0,1.0,1.0,CAF/Africa Cup of Nations,quarter-finals,360565,2013-02-03T18:30:00+00:00,2013-02-03,Burkina Faso,Togo,1,0,H,0.0,0.0,0.0,0.0,espn
10.0,0.4,0.3,0.3,1.5,0.9,0.8,0.1,0.6666666666666666,0.3333333333333333,1.0,1.0,1.5,0.9,0.8,1514.429,9.0,0.2222222222222222,0.4444444444444444,0.3333333333333333,1.1111111111111112,1.0,1.0,0.0,1.0,1.0,1.0,1.0,1.0,1.0,1.0,1496.125,1.0,0.38888888888888884,0.1,0.5,18.304000000000087,0.0,0.0,0.0,0.0,0.0,1.0,1.0,CAF/Africa Cup of Nations,semi-finals,360874,2013-02-06T15:00:00+00:00,2013-02-06,Mali,Nigeria,1,4,A,0.0,0.0,0.0,0.0,espn
7.0,0.2857142857142857,0.2857142857142857,0.42857142857142855,1.1428571428571428,1.1428571428571428,1.0,0.14285714285714285,1.5,0.5,0.6666666666666666,1.6666666666666667,0.8,1.1428571428571428,1.0,1494.823,19.0,0.5263157894736842,0.15789473684210525,0.3157894736842105,1.736842105263158,1.2105263157894737,0.8947368421052632,0.3157894736842105,1.2727272727272727,0.8181818181818182,1.125,1.0,2.0,1.4,0.7,1560.88,-12.0,-0.5939849624060152,-0.17293233082706766,-1.2,-66.05700000000002,0.0,0.0,0.0,0.0,0.0,1.0,1.0,CAF/Africa Cup of Nations,semi-finals,360875,2013-02-06T18:30:00+00:00,2013-02-06,Burkina Faso,Ghana,1,1,D,0.0,0.0,0.0,0.0,espn
11.0,0.36363636363636365,0.2727272727272727,0.36363636363636365,1.3636363636363635,0.9090909090909091,1.0909090909090908,-0.18181818181818182,0.75,1.25,1.0,1.0,1.2,0.9,1.2,1495.532,20.0,0.5,0.2,0.3,1.7,1.2,0.9,0.3,1.2727272727272727,0.8181818181818182,1.1111111111111112,1.0,1.8,1.4,0.8,1558.103,-9.0,-0.3363636363636364,-0.4818181818181818,-0.6000000000000001,-62.57100000000014,3.0,0.3333333333333333,0.0,-0.3333333333333333,0.0,1.0,1.0,CAF/Africa Cup of Nations,third-place,360942,2013-02-09T18:00:00+00:00,2013-02-09,Mali,Ghana,3,1,H,0.0,0.0,0.0,0.0,espn
10.0,0.3,0.4,0.3,1.3,1.3,1.0,0.3,1.0,1.0,1.4285714285714286,1.0,1.3,1.3,1.0,1515.022,8.0,0.25,0.375,0.375,1.125,1.125,1.0,0.125,1.4,0.6,0.6666666666666666,1.6666666666666667,0.9,1.125,1.0,1497.6,2.0,0.17500000000000004,0.175,0.4,17.422000000000025,1.0,0.0,1.0,0.0,0.0,1.0,1.0,CAF/Africa Cup of Nations,final,360943,2013-02-10T18:30:00+00:00,2013-02-10,Nigeria,Burkina Faso,1,0,H,0.0,0.0,0.0,0.0,espn
3.0,0.3333333333333333,0.3333333333333333,0.3333333333333333,1.3333333333333333,0.6666666666666666,1.0,-0.3333333333333333,1.0,0.5,0.0,2.0,0.4,0.6666666666666666,1.0,1499.214,0.0,0.0,0.0,0.0,0.0,0.0,0.0,0.0,0.0,0.0,0.0,0.0,0.0,0.0,0.0,1500.0,3.0,1.3333333333333333,-0.3333333333333333,0.4,-0.7860000000000582,0.0,0.0,0.0,0.0,0.0,0.0,1.0,CONCACAF/Gold Cup,group-stage-2013,370669,2013-07-07T21:30:00+00:00,2013-07-07,Canada,Martinique,0,1,A,8.0,27.0,3.0,8.0,espn
20.0,0.45,0.15,0.4,1.5,1.65,1.05,0.6,1.75,0.875,1.5833333333333333,1.1666666666666667,1.8,2.4,1.1,1519.61,5.0,0.4,0.4,0.2,1.6,1.4,1.2,0.2,2.0,1.5,1.0,1.0,0.8,1.4,1.2,1511.473,15.0,-0.10000000000000009,0.39999999999999997,1.0,8.136999999999944,0.0,0.0,0.0,0.0,0.0,0.0,1.0,CONCACAF/Gold Cup,group-stage-2013,370668,2013-07-08T00:00:00+00:00,2013-07-08,Mexico,Panama,1,2,A,12.0,8.0,4.0,2.0,espn
4.0,0.25,0.5,0.25,1.25,2.0,2.0,0.0,6.0,1.0,0.6666666666666666,2.3333333333333335,0.5,2.0,2.0,1497.891,3.0,0.0,0.3333333333333333,0.6666666666666666,0.3333333333333333,0.0,1.3333333333333333,-1.3333333333333333,0.0,0.0,0.0,2.0,0.1,0.0,1.3333333333333333,1462.075,1.0,0.9166666666666667,1.3333333333333333,0.4,35.81600000000003,0.0,0.0,0.0,0.0,0.0,0.0,1.0,CONCACAF/Gold Cup,group-stage-2013,370667,2013-07-08T23:00:00+00:00,2013-07-08,El Salvador,Trinidad and Tobago,2,2,D,12.0,0.0,4.0,0.0,espn
0.0,0.0,0.0,0.0,0.0,0.0,0.0,0.0,0.0,0.0,0.0,0.0,0.0,0.0,0.0,1500.0,8.0,0.125,0.375,0.5,0.75,1.0,1.0,0.0,0.0,1.0,2.0,1.0,0.6,1.0,1.0,1463.687,-8.0,-0.75,0.0,-0.6,36.3130000000001,0.0,0.0,0.0,0.0,0.0,0.0,1.0,CONCACAF/Gold Cup,group-stage-2013,370666,2013-07-09T01:30:00+00:00,2013-07-09,Haiti,Honduras,0,2,A,23.0,6.0,3.0,2.0,espn
13.0,0.23076923076923078,0.23076923076923078,0.5384615384615384,0.9230769230769231,1.3846153846153846,1.9230769230769231,-0.5384615384615384,1.8333333333333333,1.6666666666666667,1.0,2.142857142857143,0.8,1.3,1.9,1444.68,3.0,0.0,0.0,1.0,0.0,0.3333333333333333,5.333333333333333,-5.0,0.0,5.0,0.5,5.5,0.0,0.3333333333333333,5.333333333333333,1439.986,10.0,0.9230769230769231,4.461538461538462,0.8,4.69399999999996,1.0,1.0,0.0,5.0,0.0,0.0,1.0,CONCACAF/Gold Cup,group-stage-2013,370665,2013-07-10T00:30:00+00:00,2013-07-10,Costa Rica,Cuba,3,0,H,15.0,18.0,6.0,3.0,espn
0.0,0.0,0.0,0.0,0.0,0.0,0.0,0.0,0.0,0.0,0.0,0.0,0.0,0.0,0.0,1500.0,17.0,0.4117647058823529,0.23529411764705882,0.35294117647058826,1.4705882352941178,1.2941176470588236,1.2352941176470589,0.058823529411764705,1.375,1.625,1.2222222222222223,0.8888888888888888,1.7,1.4,1.1,1521.273,-17.0,-1.4705882352941178,-0.058823529411764705,-1.7,-21.27299999999991,0.0,0.0,0.0,0.0,0.0,0.0,1.0,CONCACAF/Gold Cup,group-stage-2013,370664,2013-07-10T03:00:00+00:00,2013-07-10,Belize,United States,1,6,A,7.0,26.0,2.0,14.0,espn
6.0,0.5,0.3333333333333333,0.16666666666666666,1.8333333333333333,1.5,1.1666666666666667,0.3333333333333333,2.0,1.5,1.25,1.0,1.1,1.5,1.1666666666666667,1526.603,1.0,1.0,0.0,0.0,3.0,1.0,0.0,1.0,0.0,0.0,1.0,0.0,0.3,1.0,0.0,1514.751,5.0,-1.1666666666666667,-0.6666666666666667,0.8,11.85200000000009,0.0,0.0,0.0,0.0,0.0,0.0,1.0,CONCACAF/Gold Cup,group-stage-2013,370663,2013-07-12T00:30:00+00:00,2013-07-12,Panama,Martinique,1,0,H,12.0,10.0,4.0,1.0,espn
21.0,0.42857142857142855,0.14285714285714285,0.42857142857142855,1.4285714285714286,1.619047619047619,1.0952380952380953,0.5238095238095238,1.6666666666666667,1.0,1.5833333333333333,1.1666666666666667,1.8,2.4,1.0,1504.48,4.0,0.25,0.25,0.5,1.0,0.5,1.0,-0.5,0.6666666666666666,0.6666666666666666,0.0,2.0,0.4,0.5,1.0,1484.463,17.0,0.4285714285714286,1.0238095238095237,1.4,20.017000000000053,0.0,0.0,0.0,0.0,0.0,0.0,1.0,CONCACAF/Gold Cup,group-stage-2013,370662,2013-07-12T03:00:00+00:00,2013-07-12,Mexico,Canada,2,0,H,13.0,6.0,6.0,3.0,espn
4.0,0.0,0.5,0.5,0.5,0.5,1.5,-1.0,0.0,0.0,0.6666666666666666,2.0,0.2,0.5,1.5,1463.594,1.0,0.0,0.0,1.0,0.0,0.0,2.0,-2.0,0.0,2.0,0.0,0.0,0.0,0.0,2.0,1481.927,3.0,0.5,1.0,0.2,-18.332999999999856,0.0,0.0,0.0,0.0,0.0,0.0,1.0,CONCACAF/Gold Cup,group-stage-2013,370661,2013-07-12T23:00:00+00:00,2013-07-12,Trinidad and Tobago,Haiti,0,2,A,15.0,12.0,0.0,5.0,espn
9.0,0.2222222222222222,0.3333333333333333,0.4444444444444444,1.0,1.1111111111111112,0.8888888888888888,0.2222222222222222,0.0,1.0,2.0,0.8,0.9,1.1111111111111112,0.8888888888888888,1481.76,5.0,0.2,0.6,0.2,1.2,2.0,2.0,0.0,4.0,1.5,0.6666666666666666,2.3333333333333335,0.6,2.0,2.0,1496.372,4.0,-0.19999999999999996,0.2222222222222222,0.30000000000000004,-14.61200000000008,0.0,0.0,0.0,0.0,0.0,0.0,1.0,CONCACAF/Gold Cup,group-stage-2013,370660,2013-07-13T01:30:00+00:00,2013-07-13,Honduras,El Salvador,1,0,H,8.0,10.0,3.0,2.0,espn
18.0,0.4444444444444444,0.2222222222222222,0.3333333333333333,1.5555555555555556,1.5555555555555556,1.2222222222222223,0.3333333333333333,1.375,1.625,1.7,0.9,1.9,1.9,1.1,1539.614,4.0,0.0,0.0,1.0,0.0,0.25,4.75,-4.5,0.0,5.0,0.3333333333333333,4.666666666666667,0.0,0.25,4.75,1422.277,14.0,1.5555555555555556,4.833333333333333,1.9,117.33699999999999,0.0,0.0,0.0,0.0,0.0,0.0,1.0,CONCACAF/Gold Cup,group-stage-2013,370659,2013-07-13T19:30:00+00:00,2013-07-13,United States,Cuba,4,1,H,18.0,4.0,10.0,2.0,espn
14.0,0.2857142857142857,0.21428571428571427,0.5,1.0714285714285714,1.5,1.7857142857142858,-0.2857142857142857,2.0,1.4285714285714286,1.0,2.142857142857143,1.1,1.4,1.5,1462.389,1.0,0.0,0.0,1.0,0.0,1.0,6.0,-5.0,1.0,6.0,0.0,0.0,0.0,1.0,6.0,1481.659,13.0,1.0714285714285714,4.714285714285714,1.1,-19.27000000000021,0.0,0.0,0.0,0.0,0.0,0.0,1.0,CONCACAF/Gold Cup,group-stage-2013,370658,2013-07-13T22:00:00+00:00,2013-07-13,Costa Rica,Belize,1,0,H,14.0,8.0,5.0,2.0,espn
7.0,0.5714285714285714,0.2857142857142857,0.14285714285714285,2.0,1.4285714285714286,1.0,0.42857142857142855,1.6666666666666667,1.0,1.25,1.0,1.4,1.4285714285714286,1.0,1540.883,5.0,0.2,0.2,0.6,0.8,0.4,1.2,-0.8,0.6666666666666666,0.6666666666666666,0.0,2.0,0.4,0.4,1.2,1469.037,2.0,1.2,1.2285714285714286,0.9999999999999999,71.846,1.0,0.0,1.0,0.0,0.0,0.0,1.0,CONCACAF/Gold Cup,group-stage-2013,370656,2013-07-14T19:30:00+00:00,2013-07-14,Panama,Canada,0,0,D,15.0,5.0,1.0,0.0,espn
2.0,0.5,0.0,0.5,1.5,0.5,0.5,0.0,0.0,0.0,0.5,0.5,0.3,0.5,0.5,1500.471,22.0,0.45454545454545453,0.13636363636363635,0.4090909090909091,1.5,1.6363636363636365,1.0454545454545454,0.5909090909090909,1.7,0.9,1.5833333333333333,1.1666666666666667,1.8,2.1,1.0,1519.906,-20.0,0.0,-0.5909090909090909,-1.5,-19.434999999999945,0.0,0.0,0.0,0.0,0.0,0.0,1.0,CONCACAF/Gold Cup,group-stage-2013,370657,2013-07-14T22:00:00+00:00,2013-07-14,Martinique,Mexico,1,3,A,6.0,14.0,2.0,6.0,espn
6.0,0.16666666666666666,0.5,0.3333333333333333,1.0,1.6666666666666667,1.8333333333333333,-0.16666666666666666,4.0,1.5,0.5,2.0,0.6,1.6666666666666667,1.8333333333333333,1480.967,2.0,0.5,0.0,0.5,1.5,1.0,1.0,0.0,0.0,2.0,2.0,0.0,0.3,1.0,1.0,1497.432,4.0,-0.5,-0.16666666666666666,0.3,-16.464999999999918,0.0,0.0,0.0,0.0,0.0,0.0,1.0,CONCACAF/Gold Cup,group-stage-2013,370655,2013-07-15T23:00:00+00:00,2013-07-15,El Salvador,Haiti,1,0,H,16.0,10.0,6.0,2.0,espn
10.0,0.3,0.3,0.4,1.2,1.1,0.8,0.3,0.2,0.8,2.0,0.8,1.2,1.1,0.8,1497.165,5.0,0.0,0.4,0.6,0.4,0.4,1.6,-1.2,0.0,1.0,0.6666666666666666,2.0,0.2,0.4,1.6,1448.089,5.0,0.7999999999999999,1.5,1.0,49.07600000000002,0.0,0.0,0.0,0.0,0.0,0.0,1.0,CONCACAF/Gold Cup,group-stage-2013,370654,2013-07-16T01:30:00+00:00,2013-07-16,Honduras,Trinidad and Tobago,0,2,A,10.0,16.0,1.0,5.0,espn
5.0,0.0,0.0,1.0,0.0,0.4,4.6,-4.2,0.0,5.0,0.5,4.5,0.0,0.4,4.6,1410.167,2.0,0.0,0.0,1.0,0.0,0.5,3.5,-3.0,1.0,6.0,0.0,1.0,0.0,0.5,3.5,1466.056,3.0,0.0,-1.2000000000000002,0.0,-55.889000000000124,0.0,0.0,0.0,0.0,0.0,0.0,1.0,CONCACAF/Gold Cup,group-stage-2013,370653,2013-07-16T21:30:00+00:00,2013-07-16,Cuba,Belize,4,0,H,39.0,9.0,15.0,2.0,espn
19.0,0.47368421052631576,0.21052631578947367,0.3157894736842105,1.631578947368421,1.6842105263157894,1.2105263157894737,0.47368421052631576,1.6666666666666667,1.5555555555555556,1.7,0.9,2.1,2.1,1.0,1551.724,15.0,0.3333333333333333,0.2,0.4666666666666667,1.2,1.4666666666666666,1.6666666666666667,-0.2,1.875,1.25,1.0,2.142857142857143,1.4,1.5,1.2,1477.992,4.0,0.43157894736842106,0.6736842105263158,0.7000000000000002,73.73199999999997,0.0,0.0,0.0,0.0,0.0,0.0,1.0,CONCACAF/Gold Cup,group-stage-2013,370652,2013-07-17T00:00:00+00:00,2013-07-17,United States,Costa Rica,1,0,H,12.0,8.0,4.0,2.0,espn
8.0,0.5,0.375,0.125,1.875,1.25,0.875,0.375,1.25,0.75,1.25,1.0,1.5,1.25,0.875,1537.869,6.0,0.16666666666666666,0.0,0.8333333333333334,0.5,1.0,3.8333333333333335,-2.8333333333333335,2.0,2.5,0.5,4.5,0.3,1.0,3.8333333333333335,1432.819,2.0,1.375,3.2083333333333335,1.2,105.04999999999995,0.0,0.0,0.0,0.0,0.0,1.0,1.0,CONCACAF/Gold Cup,quarter-finals,373925,2013-07-20T19:30:00+00:00,2013-07-20,Panama,Cuba,6,1,H,20.0,8.0,11.0,2.0,espn
23.0,0.4782608695652174,0.13043478260869565,0.391304347826087,1.565217391304348,1.6956521739130435,1.0434782608695652,0.6521739130434783,1.7,0.9,1.6923076923076923,1.1538461538461537,1.8,1.9,1.1,1535.359,6.0,0.16666666666666666,0.3333333333333333,0.5,0.8333333333333334,0.6666666666666666,1.3333333333333333,-0.6666666666666666,0.0,1.0,1.0,1.5,0.5,0.6666666666666666,1.3333333333333333,1466.754,17.0,0.7318840579710145,1.318840579710145,1.3,68.60500000000002,0.0,0.0,0.0,0.0,0.0,1.0,1.0,CONCACAF/Gold Cup,quarter-finals,373924,2013-07-20T22:30:00+00:00,2013-07-20,Mexico,Trinidad and Tobago,1,0,H,25.0,14.0,11.0,2.0,espn
20.0,0.5,0.2,0.3,1.7,1.65,1.15,0.5,1.6,1.4,1.7,0.9,2.1,2.1,1.0,1563.417,7.0,0.2857142857142857,0.42857142857142855,0.2857142857142857,1.2857142857142858,1.5714285714285714,1.5714285714285714,0.0,3.0,1.0,0.5,2.0,0.9,1.5714285714285714,1.5714285714285714,1496.451,13.0,0.41428571428571415,0.5,1.2000000000000002,66.9659999999999,0.0,0.0,0.0,0.0,0.0,1.0,1.0,CONCACAF/Gold Cup,quarter-finals,373923,2013-07-21T20:00:00+00:00,2013-07-21,United States,El Salvador,5,1,H,24.0,14.0,14.0,5.0,espn
11.0,0.2727272727272727,0.2727272727272727,0.45454545454545453,1.0909090909090908,1.0,0.9090909090909091,0.09090909090909091,0.16666666666666666,1.0,2.0,0.8,1.2,1.1,0.9,1478.5,16.0,0.3125,0.1875,0.5,1.125,1.375,1.625,-0.25,1.875,1.25,0.875,2.0,1.4,1.4,1.1,1466.299,-5.0,-0.03409090909090917,0.34090909090909094,-0.19999999999999996,12.201000000000022,1.0,0.0,1.0,0.0,0.0,1.0,1.0,CONCACAF/Gold Cup,quarter-finals,373922,2013-07-21T23:00:00+00:00,2013-07-21,Honduras,Costa Rica,1,0,H,11.0,13.0,2.0,4.0,espn
21.0,0.5238095238095238,0.19047619047619047,0.2857142857142857,1.7619047619047619,1.8095238095238095,1.1428571428571428,0.6666666666666666,1.9090909090909092,1.3636363636363635,1.7,0.9,2.4,2.5,0.9,1579.234,12.0,0.3333333333333333,0.25,0.4166666666666667,1.25,1.0,0.8333333333333334,0.16666666666666666,0.2857142857142857,0.8571428571428571,2.0,0.8,1.5,1.2,0.7,1492.765,9.0,0.5119047619047619,0.5,0.8999999999999999,86.46899999999982,0.0,0.0,0.0,0.0,0.0,1.0,1.0,CONCACAF/Gold Cup,semi-finals,375655,2013-07-24T23:00:00+00:00,2013-07-24,United States,Honduras,3,1,H,14.0,8.0,5.0,2.0,espn
9.0,0.5555555555555556,0.3333333333333333,0.1111111111111111,2.0,1.7777777777777777,0.8888888888888888,0.8888888888888888,2.2,0.8,1.25,1.0,1.8,1.7777777777777777,0.8888888888888888,1551.672,24.0,0.5,0.125,0.375,1.625,1.6666666666666667,1.0,0.6666666666666666,1.6363636363636365,0.8181818181818182,1.6923076923076923,1.1538461538461537,1.8,1.6,1.0,1547.261,-15.0,0.375,0.2222222222222222,0.0,4.411000000000058,1.0,1.0,0.0,1.0,0.0,1.0,1.0,CONCACAF/Gold Cup,semi-finals,375654,2013-07-25T02:00:00+00:00,2013-07-25,Panama,Mexico,2,1,H,12.0,24.0,4.0,5.0,espn
22.0,0.5454545454545454,0.18181818181818182,0.2727272727272727,1.8181818181818181,1.8636363636363635,1.1363636363636365,0.7272727272727273,2.0,1.3333333333333333,1.7,0.9,2.4,2.6,1.0,1591.61,10.0,0.6,0.3,0.1,2.1,1.8,0.9,0.9,2.1666666666666665,0.8333333333333334,1.25,1.0,2.1,1.8,0.9,1566.268,12.0,-0.28181818181818197,-0.17272727272727273,0.2999999999999998,25.34199999999987,2.0,0.5,0.0,0.0,0.0,1.0,1.0,CONCACAF/Gold Cup,final,376024,2013-07-28T20:00:00+00:00,2013-07-28,United States,Panama,1,0,H,11.0,6.0,1.0,0.0,espn
19.0,0.7368421052631579,0.21052631578947367,0.05263157894736842,2.4210526315789473,2.1578947368421053,0.631578947368421,1.5263157894736843,2.0714285714285716,0.5,2.4,1.0,1.9,2.0,0.8,1655.432,16.0,0.3125,0.375,0.3125,1.3125,1.0625,1.0625,0.0,1.2857142857142858,1.7142857142857142,0.8888888888888888,0.5555555555555556,1.6,1.1,0.8,1520.373,3.0,1.1085526315789473,1.5263157894736843,0.2999999999999998,135.05899999999997,1.0,1.0,0.0,1.0,1.0,0.0,1.0,FIFA/World Cup,group-stage,383303,2014-06-12T20:00:00+00:00,2014-06-12,Brazil,Croatia,3,1,H,14.0,10.0,9.0,4.0,espn
25.0,0.48,0.12,0.4,1.56,1.64,1.04,0.6,1.6363636363636365,0.8181818181818182,1.6428571428571428,1.2142857142857142,1.5,1.5,1.1,1532.665,6.0,0.16666666666666666,0.16666666666666666,0.6666666666666666,0.6666666666666666,0.6666666666666666,1.3333333333333333,-0.6666666666666666,0.75,1.5,0.5,1.0,0.4,0.6666666666666666,1.3333333333333333,1448.971,19.0,0.8933333333333334,1.2666666666666666,1.1,83.69399999999996,0.0,0.0,0.0,0.0,1.0,0.0,1.0,FIFA/World Cup,group-stage,383302,2014-06-13T16:00:00+00:00,2014-06-13,Mexico,Cameroon,1,0,H,9.0,10.0,5.0,4.0,espn
30.0,0.7666666666666667,0.1,0.13333333333333333,2.4,1.6666666666666667,0.5333333333333333,1.1333333333333333,1.9375,0.625,1.3571428571428572,0.42857142857142855,2.8,1.6,0.1,1730.415,22.0,0.5,0.13636363636363635,0.36363636363636365,1.6363636363636365,1.5,1.0454545454545454,0.45454545454545453,1.6666666666666667,0.9333333333333333,1.1428571428571428,1.2857142857142858,1.8,1.4,1.1,1569.113,8.0,0.7636363636363634,0.6787878787878787,0.9999999999999998,161.3019999999999,1.0,1.0,0.0,1.0,1.0,0.0,1.0,FIFA/World Cup,group-stage,383301,2014-06-13T19:00:00+00:00,2014-06-13,Spain,Netherlands,1,5,A,9.0,13.0,6.0,11.0,espn
8.0,0.5,0.125,0.375,1.625,1.0,1.125,-0.125,1.2,1.0,0.6666666666666666,1.3333333333333333,1.3,1.0,1.125,1525.055,7.0,0.2857142857142857,0.2857142857142857,0.42857142857142855,1.1428571428571428,1.1428571428571428,1.7142857142857142,-0.5714285714285714,2.5,1.0,0.6,2.0,0.8,1.1428571428571428,1.7142857142857142,1495.006,1.0,0.4821428571428572,0.4464285714285714,0.5,30.048999999999978,0.0,0.0,0.0,0.0,1.0,0.0,1.0,FIFA/World Cup,group-stage,383300,2014-06-13T22:00:00+00:00,2014-06-13,Chile,Australia,3,1,H,11.0,13.0,9.0,6.0,espn
4.0,0.5,0.25,0.25,1.75,0.75,0.5,0.25,1.0,0.6666666666666666,0.0,0.0,0.7,0.75,0.5,1513.096,16.0,0.375,0.125,0.5,1.25,0.9375,1.3125,-0.375,0.7777777777777778,1.2222222222222223,1.1428571428571428,1.4285714285714286,0.7,0.8,1.7,1475.926,-12.0,0.5,0.625,0.0,37.17000000000007,0.0,0.0,0.0,0.0,1.0,0.0,1.0,FIFA/World Cup,group-stage,383299,2014-06-14T16:00:00+00:00,2014-06-14,Colombia,Greece,3,0,H,12.0,12.0,8.0,7.0,espn
16.0,0.4375,0.375,0.1875,1.6875,1.5,1.0,0.5,1.4,1.2,1.6666666666666667,0.6666666666666666,1.8,1.6,1.1,1577.786,17.0,0.29411764705882354,0.17647058823529413,0.5294117647058824,1.0588235294117647,1.2941176470588236,1.588235294117647,-0.29411764705882354,1.875,1.25,0.7777777777777778,1.8888888888888888,1.1,0.9,1.2,1452.034,-1.0,0.6286764705882353,0.7941176470588236,0.7,125.75199999999995,0.0,0.0,0.0,0.0,1.0,0.0,1.0,FIFA/World Cup,group-stage,383298,2014-06-14T19:00:00+00:00,2014-06-14,Uruguay,Costa Rica,1,3,A,9.0,12.0,5.0,4.0,espn
19.0,0.3684210526315789,0.3684210526315789,0.2631578947368421,1.4736842105263157,1.3157894736842106,1.0526315789473684,0.2631578947368421,1.125,0.25,1.4545454545454546,1.6363636363636365,1.3,1.0,1.1,1524.68,27.0,0.4444444444444444,0.37037037037037035,0.18518518518518517,1.7037037037037037,1.2222222222222223,0.9259259259259259,0.2962962962962963,1.4285714285714286,0.7142857142857143,1.0,1.1538461538461537,1.4,1.0,1.2,1599.802,-8.0,-0.230019493177388,-0.03313840155945419,-0.09999999999999987,-75.12199999999984,1.0,0.0,0.0,0.0,1.0,0.0,1.0,FIFA/World Cup,group-stage,383296,2014-06-14T22:00:00+00:00,2014-06-14,England,Italy,1,2,A,18.0,12.0,8.0,5.0,espn
15.0,0.6,0.13333333333333333,0.26666666666666666,1.9333333333333333,1.7333333333333334,0.9333333333333333,0.8,2.125,0.625,1.2857142857142858,1.2857142857142858,2.3,1.7,0.5,1567.339,10.0,0.4,0.2,0.4,1.4,0.9,1.2,-0.3,0.8333333333333334,1.1666666666666667,1.0,1.25,1.4,0.9,1.2,1514.356,5.0,0.5333333333333334,1.1,0.8999999999999999,52.98299999999995,0.0,0.0,0.0,0.0,1.0,0.0,1.0,FIFA/World Cup,group-stage,383297,2014-06-15T01:00:00+00:00,2014-06-15,Ivory Coast,Japan,2,1,H,20.0,7.0,10.0,4.0,espn
13.0,0.3076923076923077,0.23076923076923078,0.46153846153846156,1.1538461538461537,0.6923076923076923,0.7692307692307693,-0.07692307692307693,0.75,0.75,0.6,0.8,1.4,0.8,0.4,1491.265,10.0,0.3,0.1,0.6,1.0,0.9,1.3,-0.4,1.3333333333333333,1.0,0.7142857142857143,1.4285714285714286,1.0,0.9,1.3,1465.437,3.0,0.15384615384615374,0.3230769230769231,0.3999999999999999,25.828000000000202,0.0,0.0,0.0,0.0,1.0,0.0,1.0,FIFA/World Cup,group-stage,383295,2014-06-15T16:00:00+00:00,2014-06-15,Switzerland,Ecuador,2,1,H,18.0,10.0,12.0,6.0,espn
23.0,0.2608695652173913,0.30434782608695654,0.43478260869565216,1.0869565217391304,0.8695652173913043,1.1304347826086956,-0.2608695652173913,0.5,1.1,1.1538461538461537,1.1538461538461537,0.6,0.5,1.5,1458.977,13.0,0.3076923076923077,0.23076923076923078,0.46153846153846156,1.1538461538461537,1.0,1.0,0.0,0.2857142857142857,0.8571428571428571,1.8333333333333333,1.1666666666666667,1.4,1.3,1.0,1480.389,10.0,-0.06688963210702337,-0.2608695652173913,-0.7999999999999999,-21.411999999999807,0.0,0.0,0.0,0.0,1.0,0.0,1.0,FIFA/World Cup,group-stage,383294,2014-06-15T19:00:00+00:00,2014-06-15,France,Honduras,3,0,H,20.0,4.0,10.0,2.0,espn
16.0,0.5625,0.3125,0.125,2.0,1.75,0.75,1.0,2.0,0.8333333333333334,1.0,0.5,1.8,1.6,0.9,1595.105,0.0,0.0,0.0,0.0,0.0,0.0,0.0,0.0,0.0,0.0,0.0,0.0,0.0,0.0,0.0,1500.0,16.0,2.0,1.0,1.8,95.10500000000002,0.0,0.0,0.0,0.0,1.0,0.0,1.0,FIFA/World Cup,group-stage,383293,2014-06-15T22:00:00+00:00,2014-06-15,Argentina,Bosnia-Herzegovina,2,1,H,11.0,16.0,5.0,11.0,espn
34.0,0.6764705882352942,0.08823529411764706,0.23529411764705882,2.1176470588235294,1.911764705882353,0.8823529411764706,1.0294117647058822,1.9090909090909092,1.0,1.9166666666666667,0.6666666666666666,2.4,2.2,1.0,1675.925,25.0,0.52,0.08,0.4,1.64,1.6,1.0,0.6,1.8,0.8,1.3,1.3,1.3,1.5,1.0,1568.35,9.0,0.47764705882352954,0.42941176470588227,1.0999999999999999,107.57500000000005,3.0,1.0,0.0,1.3333333333333333,1.0,0.0,1.0,FIFA/World Cup,group-stage,383292,2014-06-16T16:00:00+00:00,2014-06-16,Germany,Portugal,4,0,H,13.0,14.0,9.0,9.0,espn
2.0,0.0,0.5,0.5,0.5,0.5,1.5,-1.0,1.0,1.0,0.0,2.0,0.1,0.5,1.5,1482.434,11.0,0.36363636363636365,0.36363636363636365,0.2727272727272727,1.4545454545454546,1.2727272727272727,0.9090909090909091,0.36363636363636365,1.0,0.75,1.4285714285714286,1.0,1.6,1.4,0.9,1529.065,-9.0,-0.9545454545454546,-1.3636363636363638,-1.5,-46.631000000000085,0.0,0.0,0.0,0.0,1.0,0.0,1.0,FIFA/World Cup,group-stage,383291,2014-06-16T19:00:00+00:00,2014-06-16,Iran,Nigeria,0,0,D,7.0,10.0,3.0,6.0,espn
21.0,0.47619047619047616,0.19047619047619047,0.3333333333333333,1.619047619047619,1.1904761904761905,1.0,0.19047619047619047,1.2727272727272727,0.8181818181818182,1.1,1.2,1.5,1.3,1.1,1538.819,23.0,0.5652173913043478,0.17391304347826086,0.2608695652173913,1.8695652173913044,1.826086956521739,1.0869565217391304,0.7391304347826086,1.9230769230769231,1.2307692307692308,1.7,0.9,2.7,2.6,0.8,1605.318,-2.0,-0.25051759834368537,-0.5486542443064182,-1.2000000000000002,-66.49900000000002,2.0,1.0,0.0,1.0,1.0,0.0,1.0,FIFA/World Cup,group-stage,383290,2014-06-16T22:00:00+00:00,2014-06-16,Ghana,United States,1,2,A,21.0,8.0,8.0,7.0,espn
3.0,0.0,0.6666666666666666,0.3333333333333333,0.6666666666666666,1.0,1.6666666666666667,-0.6666666666666666,0.0,0.0,1.0,1.6666666666666667,0.2,1.0,1.6666666666666667,1482.605,6.0,0.0,0.3333333333333333,0.6666666666666666,0.3333333333333333,0.3333333333333333,1.1666666666666667,-0.8333333333333334,0.6666666666666666,1.6666666666666667,0.0,0.6666666666666666,0.2,0.3333333333333333,1.1666666666666667,1439.526,-3.0,0.3333333333333333,0.16666666666666674,0.0,43.07899999999995,0.0,0.0,0.0,0.0,1.0,0.0,1.0,FIFA/World Cup,group-stage,383289,2014-06-17T16:00:00+00:00,2014-06-17,Belgium,Algeria,2,1,H,16.0,3.0,10.0,1.0,espn
20.0,0.75,0.2,0.05,2.45,2.2,0.65,1.55,2.1333333333333333,0.5333333333333333,2.4,1.0,1.9,1.9,0.8,1667.887,26.0,0.5,0.11538461538461539,0.38461538461538464,1.6153846153846154,1.6153846153846154,1.0,0.6153846153846154,1.5833333333333333,0.75,1.6428571428571428,1.2142857142857142,1.5,1.4,1.1,1546.307,-6.0,0.8346153846153848,0.9346153846153846,0.3999999999999999,121.57999999999993,0.0,0.0,0.0,0.0,1.0,0.0,1.0,FIFA/World Cup,group-stage,383288,2014-06-17T19:00:00+00:00,2014-06-17,Brazil,Mexico,0,0,D,14.0,13.0,8.0,3.0,espn
13.0,0.46153846153846156,0.07692307692307693,0.46153846153846156,1.4615384615384615,1.2307692307692308,1.2307692307692308,0.0,1.6666666666666667,1.1666666666666667,0.8571428571428571,1.2857142857142858,1.6,1.4,1.4,1508.121,12.0,0.4166666666666667,0.25,0.3333333333333333,1.5,1.1666666666666667,1.25,-0.08333333333333333,1.2857142857142858,0.5714285714285714,1.0,2.2,1.4,1.1,1.4,1503.082,1.0,-0.03846153846153855,0.08333333333333333,0.20000000000000018,5.038999999999987,0.0,0.0,0.0,0.0,1.0,0.0,1.0,FIFA/World Cup,group-stage,383287,2014-06-17T22:00:00+00:00,2014-06-17,Russia,South Korea,1,1,D,16.0,10.0,10.0,6.0,espn
8.0,0.25,0.25,0.5,1.0,1.125,1.875,-0.75,2.5,1.0,0.6666666666666666,2.1666666666666665,0.8,1.125,1.875,1476.934,23.0,0.5217391304347826,0.13043478260869565,0.34782608695652173,1.6956521739130435,1.6521739130434783,1.0434782608695652,0.6086956521739131,1.6666666666666667,0.9333333333333333,1.625,1.25,1.8,1.7,1.2,1602.953,-15.0,-0.6956521739130435,-1.358695652173913,-1.0,-126.019,0.0,0.0,0.0,0.0,1.0,0.0,1.0,FIFA/World Cup,group-stage,383286,2014-06-18T16:00:00+00:00,2014-06-18,Australia,Netherlands,2,3,A,10.0,15.0,8.0,14.0,espn
31.0,0.7419354838709677,0.0967741935483871,0.16129032258064516,2.3225806451612905,1.6451612903225807,0.6774193548387096,0.967741935483871,1.8823529411764706,0.8823529411764706,1.3571428571428572,0.42857142857142855,2.5,1.6,0.6,1696.575,9.0,0.5555555555555556,0.1111111111111111,0.3333333333333333,1.7777777777777777,1.2222222222222223,1.1111111111111112,0.1111111111111111,1.5,1.0,0.6666666666666666,1.3333333333333333,1.6,1.2222222222222223,1.1111111111111112,1543.127,22.0,0.5448028673835128,0.8566308243727598,0.8999999999999999,153.4480000000001,1.0,1.0,0.0,1.0,1.0,0.0,1.0,FIFA/World Cup,group-stage,383284,2014-06-18T19:00:00+00:00,2014-06-18,Spain,Chile,0,2,A,15.0,7.0,9.0,4.0,espn
7.0,0.14285714285714285,0.14285714285714285,0.7142857142857143,0.5714285714285714,0.5714285714285714,1.2857142857142858,-0.7142857142857143,0.75,1.5,0.3333333333333333,1.0,0.4,0.5714285714285714,1.2857142857142858,1435.329,17.0,0.29411764705882354,0.35294117647058826,0.35294117647058826,1.2352941176470589,1.0588235294117647,1.1764705882352942,-0.11764705882352941,1.2857142857142858,1.7142857142857142,0.9,0.8,1.6,1.2,1.0,1507.918,-10.0,-0.6638655462184875,-0.5966386554621849,-1.2000000000000002,-72.58899999999994,0.0,0.0,0.0,0.0,1.0,0.0,1.0,FIFA/World Cup,group-stage,383285,2014-06-18T22:00:00+00:00,2014-06-18,Cameroon,Croatia,0,4,A,18.0,21.0,7.0,14.0,espn
5.0,0.6,0.2,0.2,2.0,1.2,0.4,0.8,1.5,0.5,0.0,0.0,1.0,1.2,0.4,1532.476,16.0,0.625,0.125,0.25,2.0,1.75,0.9375,0.8125,2.111111111111111,0.6666666666666666,1.2857142857142858,1.2857142857142858,2.3,1.8,0.6,1582.5,-11.0,0.0,-0.012499999999999956,-1.2999999999999998,-50.02399999999989,0.0,0.0,0.0,0.0,1.0,0.0,1.0,FIFA/World Cup,group-stage,383283,2014-06-19T16:00:00+00:00,2014-06-19,Colombia,Ivory Coast,2,1,H,11.0,15.0,8.0,12.0,espn
17.0,0.4117647058823529,0.35294117647058826,0.23529411764705882,1.588235294117647,1.4705882352941178,1.1176470588235294,0.35294117647058826,1.3636363636363635,1.3636363636363635,1.6666666666666667,0.6666666666666666,1.5,1.5,1.3,1551.147,20.0,0.35,0.35,0.3,1.4,1.3,1.1,0.2,1.1111111111111112,0.4444444444444444,1.4545454545454546,1.6363636363636365,1.2,0.9,1.1,1510.619,-3.0,0.18823529411764706,0.15294117647058825,0.30000000000000004,40.52800000000002,0.0,0.0,0.0,0.0,1.0,0.0,1.0,FIFA/World Cup,group-stage,383282,2014-06-19T19:00:00+00:00,2014-06-19,Uruguay,England,2,1,H,10.0,13.0,6.0,8.0,espn
11.0,0.36363636363636365,0.18181818181818182,0.45454545454545453,1.2727272727272727,0.9090909090909091,1.2727272727272727,-0.36363636363636365,0.8333333333333334,1.1666666666666667,1.0,1.4,1.3,0.8,1.2,1499.195,17.0,0.35294117647058826,0.11764705882352941,0.5294117647058824,1.1764705882352942,0.8823529411764706,1.411764705882353,-0.5294117647058824,0.7777777777777778,1.2222222222222223,1.0,1.625,0.7,0.8,1.8,1456.546,-6.0,0.09625668449197855,0.1657754010695187,0.6000000000000001,42.64899999999989,0.0,0.0,0.0,0.0,1.0,0.0,1.0,FIFA/World Cup,group-stage,383281,2014-06-19T22:00:00+00:00,2014-06-19,Japan,Greece,0,0,D,16.0,9.0,11.0,5.0,espn
28.0,0.4642857142857143,0.35714285714285715,0.17857142857142858,1.75,1.25,0.9285714285714286,0.32142857142857145,1.4285714285714286,0.7142857142857143,1.0714285714285714,1.1428571428571428,1.6,1.2,1.3,1613.863,18.0,0.3333333333333333,0.16666666666666666,0.5,1.1666666666666667,1.3888888888888888,1.5555555555555556,-0.16666666666666666,1.875,1.25,1.0,1.8,1.3,1.1,1.2,1478.673,10.0,0.5833333333333333,0.48809523809523814,0.30000000000000004,135.19000000000005,0.0,0.0,0.0,0.0,1.0,0.0,1.0,FIFA/World Cup,group-stage,383280,2014-06-20T16:00:00+00:00,2014-06-20,Italy,Costa Rica,0,1,A,10.0,10.0,6.0,6.0,espn
14.0,0.35714285714285715,0.21428571428571427,0.42857142857142855,1.2857142857142858,0.7857142857142857,0.7857142857142857,0.0,0.8888888888888888,0.7777777777777778,0.6,0.8,1.6,1.0,0.5,1507.803,24.0,0.2916666666666667,0.2916666666666667,0.4166666666666667,1.1666666666666667,0.9583333333333334,1.0833333333333333,-0.125,0.7272727272727273,1.0,1.1538461538461537,1.1538461538461537,0.8,0.8,1.5,1482.004,-10.0,0.11904761904761907,0.125,0.8,25.799000000000206,2.0,0.0,0.5,-1.0,1.0,0.0,1.0,FIFA/World Cup,group-stage,383279,2014-06-20T19:00:00+00:00,2014-06-20,Switzerland,France,2,5,A,17.0,22.0,8.0,16.0,espn
14.0,0.2857142857142857,0.21428571428571427,0.5,1.0714285714285714,0.9285714285714286,1.1428571428571428,-0.21428571428571427,0.2857142857142857,0.8571428571428571,1.5714285714285714,1.4285714285714286,1.3,1.3,1.3,1457.362,11.0,0.2727272727272727,0.09090909090909091,0.6363636363636364,0.9090909090909091,0.9090909090909091,1.3636363636363635,-0.45454545454545453,1.3333333333333333,1.0,0.75,1.5,1.0,1.0,1.3,1448.899,3.0,0.16233766233766234,0.24025974025974026,0.30000000000000004,8.463000000000193,0.0,0.0,0.0,0.0,1.0,0.0,1.0,FIFA/World Cup,group-stage,383278,2014-06-20T22:00:00+00:00,2014-06-20,Honduras,Ecuador,1,2,A,16.0,8.0,9.0,5.0,espn
4.0,0.25,0.5,0.25,1.25,1.25,1.5,-0.25,2.0,1.0,1.0,1.6666666666666667,0.5,1.25,1.5,1498.265,14.0,0.42857142857142855,0.14285714285714285,0.42857142857142855,1.4285714285714286,1.2142857142857142,1.2142857142857142,0.0,1.5714285714285714,1.1428571428571428,0.8571428571428571,1.2857142857142858,1.7,1.5,1.3,1507.862,-10.0,-0.1785714285714286,-0.25,-1.2,-9.59699999999998,0.0,0.0,0.0,0.0,1.0,0.0,1.0,FIFA/World Cup,group-stage,383272,2014-06-22T16:00:00+00:00,2014-06-22,Belgium,Russia,1,0,H,11.0,13.0,6.0,6.0,espn
13.0,0.38461538461538464,0.3076923076923077,0.3076923076923077,1.4615384615384615,1.1538461538461537,1.2307692307692308,-0.07692307692307693,1.2857142857142858,0.5714285714285714,1.0,2.0,1.2,1.0,1.4,1503.341,7.0,0.0,0.2857142857142857,0.7142857142857143,0.2857142857142857,0.42857142857142855,1.2857142857142858,-0.8571428571428571,0.6666666666666666,1.6666666666666667,0.25,1.0,0.2,0.42857142857142855,1.2857142857142858,1423.866,6.0,1.1758241758241756,0.7802197802197801,1.0,79.47499999999991,0.0,0.0,0.0,0.0,1.0,0.0,1.0,FIFA/World Cup,group-stage,383274,2014-06-22T19:00:00+00:00,2014-06-22,South Korea,Algeria,2,4,A,9.0,15.0,6.0,8.0,espn
24.0,0.5833333333333334,0.16666666666666666,0.25,1.9166666666666667,1.8333333333333333,1.0833333333333333,0.75,1.9230769230769231,1.2307692307692308,1.7272727272727273,0.9090909090909091,2.7,2.7,0.9,1619.804,26.0,0.5,0.07692307692307693,0.4230769230769231,1.5769230769230769,1.5384615384615385,1.1153846153846154,0.4230769230769231,1.8,0.8,1.1818181818181819,1.5454545454545454,1.3,1.5,1.2,1551.828,-2.0,0.33974358974358987,0.3269230769230769,1.4000000000000001,67.97600000000011,1.0,1.0,0.0,1.0,1.0,0.0,1.0,FIFA/World Cup,group-stage,383273,2014-06-22T22:00:00+00:00,2014-06-22,United States,Portugal,2,2,D,15.0,20.0,10.0,9.0,espn
9.0,0.2222222222222222,0.2222222222222222,0.5555555555555556,0.8888888888888888,1.2222222222222223,2.0,-0.7777777777777778,2.3333333333333335,1.6666666666666667,0.6666666666666666,2.1666666666666665,0.8,1.2222222222222223,2.0,1465.28,32.0,0.71875,0.09375,0.1875,2.25,1.59375,0.71875,0.875,1.7777777777777777,0.9444444444444444,1.3571428571428572,0.42857142857142855,2.2,1.5,0.8,1668.589,-23.0,-1.3611111111111112,-1.6527777777777777,-1.4000000000000001,-203.30899999999997,0.0,0.0,0.0,0.0,1.0,0.0,1.0,FIFA/World Cup,group-stage,383270,2014-06-23T16:00:00+00:00,2014-06-23,Australia,Spain,0,3,A,4.0,11.0,0.0,8.0,espn
24.0,0.5416666666666666,0.125,0.3333333333333333,1.75,1.7083333333333333,1.0833333333333333,0.625,1.6666666666666667,0.9333333333333333,1.7777777777777777,1.3333333333333333,1.8,1.9,1.4,1614.607,10.0,0.6,0.1,0.3,1.9,1.3,1.0,0.3,1.5,1.0,1.0,1.0,1.9,1.3,1.0,1571.113,14.0,-0.1499999999999999,0.325,-0.09999999999999987,43.493999999999915,0.0,0.0,0.0,0.0,1.0,0.0,1.0,FIFA/World Cup,group-stage,383271,2014-06-23T16:00:00+00:00,2014-06-23,Netherlands,Chile,2,0,H,13.0,7.0,8.0,1.0,espn
8.0,0.125,0.125,0.75,0.5,0.5,1.625,-1.125,0.6,2.0,0.3333333333333333,1.0,0.4,0.5,1.625,1416.584,21.0,0.7142857142857143,0.23809523809523808,0.047619047619047616,2.380952380952381,2.0952380952380953,0.6190476190476191,1.4761904761904763,2.0,0.5,2.4,1.0,1.7,1.6,0.8,1661.879,-13.0,-1.880952380952381,-2.6011904761904763,-1.2999999999999998,-245.29499999999985,0.0,0.0,0.0,0.0,1.0,0.0,1.0,FIFA/World Cup,group-stage,383269,2014-06-23T20:00:00+00:00,2014-06-23,Cameroon,Brazil,1,4,A,12.0,19.0,6.0,18.0,espn
18.0,0.3333333333333333,0.3333333333333333,0.3333333333333333,1.3333333333333333,1.2222222222222223,1.1111111111111112,0.1111111111111111,1.2857142857142858,1.7142857142857142,1.1818181818181819,0.7272727272727273,1.8,1.6,1.0,1526.663,27.0,0.48148148148148145,0.14814814814814814,0.37037037037037035,1.5925925925925926,1.5555555555555556,0.9629629629629629,0.5925925925925926,1.5833333333333333,0.75,1.5333333333333334,1.1333333333333333,1.3,1.0,0.9,1552.315,-9.0,-0.2592592592592593,-0.48148148148148145,0.5,-25.652000000000044,1.0,0.0,0.0,-1.0,1.0,0.0,1.0,FIFA/World Cup,group-stage,383268,2014-06-23T20:00:00+00:00,2014-06-23,Croatia,Mexico,1,3,A,10.0,12.0,5.0,7.0,espn
19.0,0.3684210526315789,0.15789473684210525,0.47368421052631576,1.263157894736842,1.368421052631579,1.4736842105263157,-0.10526315789473684,1.875,1.25,1.0,1.6363636363636365,1.6,1.1,0.8,1503.157,21.0,0.3333333333333333,0.3333333333333333,0.3333333333333333,1.3333333333333333,1.2857142857142858,1.1428571428571428,0.14285714285714285,1.1111111111111112,0.4444444444444444,1.4166666666666667,1.6666666666666667,0.9,0.9,1.3,1494.829,-2.0,-0.07017543859649122,-0.24812030075187969,0.7000000000000001,8.327999999999975,0.0,0.0,0.0,0.0,1.0,0.0,1.0,FIFA/World Cup,group-stage,383267,2014-06-24T16:00:00+00:00,2014-06-24,Costa Rica,England,0,0,D,4.0,8.0,3.0,3.0,espn
29.0,0.4482758620689655,0.3448275862068966,0.20689655172413793,1.6896551724137931,1.206896551724138,0.9310344827586207,0.27586206896551724,1.3333333333333333,0.7333333333333333,1.0714285714285714,1.1428571428571428,1.5,1.1,1.3,1589.379,18.0,0.4444444444444444,0.3333333333333333,0.2222222222222222,1.6666666666666667,1.5,1.1111111111111112,0.3888888888888889,1.4166666666666667,1.3333333333333333,1.6666666666666667,0.6666666666666666,1.5,1.6,1.3,1566.937,11.0,0.02298850574712641,-0.11302681992337166,0.0,22.442000000000007,0.0,0.0,0.0,0.0,1.0,0.0,1.0,FIFA/World Cup,group-stage,383266,2014-06-24T16:00:00+00:00,2014-06-24,Italy,Uruguay,0,1,A,9.0,14.0,5.0,9.0,espn
18.0,0.3333333333333333,0.16666666666666666,0.5,1.1666666666666667,0.8333333333333334,1.3333333333333333,-0.5,0.7777777777777778,1.2222222222222223,0.8888888888888888,1.4444444444444444,0.8,0.8,1.7,1458.728,17.0,0.5882352941176471,0.11764705882352941,0.29411764705882354,1.8823529411764706,1.7058823529411764,1.0,0.7058823529411765,2.111111111111111,0.6666666666666666,1.25,1.375,2.0,1.7,0.8,1562.082,1.0,-0.7156862745098038,-1.2058823529411766,-1.2,-103.35400000000004,0.0,0.0,0.0,0.0,1.0,0.0,1.0,FIFA/World Cup,group-stage,383265,2014-06-24T20:00:00+00:00,2014-06-24,Greece,Ivory Coast,2,1,H,13.0,13.0,5.0,9.0,espn
12.0,0.3333333333333333,0.25,0.4166666666666667,1.25,0.8333333333333334,1.1666666666666667,-0.3333333333333333,0.7142857142857143,1.0,1.0,1.4,1.1,0.7,1.2,1497.013,6.0,0.6666666666666666,0.16666666666666666,0.16666666666666666,2.1666666666666665,1.3333333333333333,0.5,0.8333333333333334,1.6,0.6,0.0,0.0,1.3,1.3333333333333333,0.5,1552.894,6.0,-0.9166666666666665,-1.1666666666666667,-0.19999999999999996,-55.881000000000085,0.0,0.0,0.0,0.0,1.0,0.0,1.0,FIFA/World Cup,group-stage,383264,2014-06-24T20:00:00+00:00,2014-06-24,Japan,Colombia,1,4,A,23.0,13.0,13.0,9.0,espn
1.0,0.0,0.0,1.0,0.0,1.0,2.0,-1.0,0.0,0.0,1.0,2.0,0.0,1.0,2.0,1486.907,3.0,0.0,0.6666666666666666,0.3333333333333333,0.6666666666666666,0.3333333333333333,1.0,-0.6666666666666666,0.5,0.5,0.0,2.0,0.2,0.3333333333333333,1.0,1484.817,-2.0,-0.6666666666666666,-0.33333333333333337,-0.2,2.089999999999918,0.0,0.0,0.0,0.0,1.0,0.0,1.0,FIFA/World Cup,group-stage,383263,2014-06-25T16:00:00+00:00,2014-06-25,Bosnia-Herzegovina,Iran,3,1,H,13.0,7.0,9.0,5.0,espn
12.0,0.3333333333333333,0.4166666666666667,0.25,1.4166666666666667,1.1666666666666667,0.8333333333333334,0.3333333333333333,1.0,0.75,1.25,0.875,1.6,1.4,0.9,1526.682,17.0,0.5882352941176471,0.29411764705882354,0.11764705882352941,2.0588235294117645,1.7647058823529411,0.7647058823529411,1.0,2.0,0.8461538461538461,1.0,0.5,2.1,1.7,0.9,1608.198,-5.0,-0.6421568627450978,-0.6666666666666667,-0.5,-81.51600000000008,2.0,0.0,0.0,-1.0,1.0,0.0,1.0,FIFA/World Cup,group-stage,383262,2014-06-25T16:00:00+00:00,2014-06-25,Nigeria,Argentina,2,3,A,12.0,18.0,7.0,13.0,espn
12.0,0.3333333333333333,0.08333333333333333,0.5833333333333334,1.0833333333333333,1.0,1.3333333333333333,-0.3333333333333333,1.3333333333333333,1.0,0.8888888888888888,1.4444444444444444,1.3,1.1,1.2,1467.198,25.0,0.32,0.28,0.4,1.24,1.12,1.12,0.0,0.7272727272727273,1.0,1.4285714285714286,1.2142857142857142,1.1,1.2,1.3,1505.304,-13.0,-0.15666666666666673,-0.3333333333333333,0.19999999999999996,-38.105999999999995,0.0,0.0,0.0,0.0,1.0,0.0,1.0,FIFA/World Cup,group-stage,383261,2014-06-25T20:00:00+00:00,2014-06-25,Ecuador,France,0,0,D,11.0,20.0,7.0,13.0,espn
15.0,0.26666666666666666,0.2,0.5333333333333333,1.0,0.9333333333333333,1.2,-0.26666666666666666,0.375,1.0,1.5714285714285714,1.4285714285714286,1.0,0.7,1.4,1439.063,15.0,0.3333333333333333,0.2,0.4666666666666667,1.2,0.8666666666666667,1.0666666666666667,-0.2,1.0,1.2,0.6,0.8,1.3,1.0,1.0,1484.503,0.0,-0.19999999999999996,-0.06666666666666665,-0.30000000000000004,-45.43999999999983,1.0,0.0,1.0,0.0,1.0,0.0,1.0,FIFA/World Cup,group-stage,383260,2014-06-25T20:00:00+00:00,2014-06-25,Honduras,Switzerland,0,3,A,13.0,16.0,6.0,13.0,espn
27.0,0.48148148148148145,0.1111111111111111,0.4074074074074074,1.5555555555555556,1.5555555555555556,1.1481481481481481,0.4074074074074074,1.8,0.8,1.25,1.5833333333333333,1.4,1.5,1.1,1555.279,22.0,0.45454545454545453,0.18181818181818182,0.36363636363636365,1.5454545454545454,1.1818181818181819,1.0454545454545454,0.13636363636363635,1.25,0.9166666666666666,1.1,1.2,1.4,1.3,1.2,1524.333,5.0,0.010101010101010166,0.27104377104377103,0.0,30.945999999999913,0.0,0.0,0.0,0.0,1.0,0.0,1.0,FIFA/World Cup,group-stage,383259,2014-06-26T16:00:00+00:00,2014-06-26,Portugal,Ghana,2,1,H,19.0,18.0,10.0,6.0,espn
25.0,0.56,0.2,0.24,1.88,1.84,1.12,0.72,1.9285714285714286,1.2857142857142858,1.7272727272727273,0.9090909090909091,2.5,2.7,1.1,1616.353,35.0,0.6857142857142857,0.08571428571428572,0.22857142857142856,2.142857142857143,1.9714285714285715,0.8571428571428571,1.1142857142857143,2.0,0.9565217391304348,1.9166666666666667,0.6666666666666666,2.4,2.5,1.0,1692.447,-10.0,-0.2628571428571429,-0.39428571428571435,0.10000000000000009,-76.09399999999982,1.0,0.0,0.0,-1.0,1.0,0.0,1.0,FIFA/World Cup,group-stage,383258,2014-06-26T16:00:00+00:00,2014-06-26,United States,Germany,0,1,A,4.0,13.0,1.0,9.0,espn
8.0,0.125,0.25,0.625,0.625,0.875,1.375,-0.5,0.6666666666666666,1.6666666666666667,1.0,1.2,0.5,0.875,1.375,1448.091,15.0,0.4,0.13333333333333333,0.4666666666666667,1.3333333333333333,1.1333333333333333,1.2,-0.06666666666666667,1.5714285714285714,1.1428571428571428,0.75,1.25,1.4,1.3,1.3,1489.505,-7.0,-0.7083333333333333,-0.43333333333333335,-0.8999999999999999,-41.414000000000215,0.0,0.0,0.0,0.0,1.0,0.0,1.0,FIFA/World Cup,group-stage,383257,2014-06-26T20:00:00+00:00,2014-06-26,Algeria,Russia,1,1,D,8.0,10.0,6.0,7.0,espn
14.0,0.35714285714285715,0.2857142857142857,0.35714285714285715,1.3571428571428572,1.2142857142857142,1.4285714285714286,-0.21428571428571427,1.375,1.0,1.0,2.0,0.9,1.2,1.8,1479.116,5.0,0.4,0.4,0.2,1.6,1.2,1.2,0.0,1.5,0.5,1.0,1.6666666666666667,0.8,1.2,1.2,1516.622,9.0,-0.24285714285714288,-0.21428571428571427,0.09999999999999998,-37.506000000000085,0.0,0.0,0.0,0.0,1.0,0.0,1.0,FIFA/World Cup,group-stage,383256,2014-06-26T20:00:00+00:00,2014-06-26,South Korea,Belgium,0,1,A,18.0,16.0,12.0,11.0,espn
22.0,0.7272727272727273,0.22727272727272727,0.045454545454545456,2.409090909090909,2.1818181818181817,0.6363636363636364,1.5454545454545454,2.0,0.5,2.6666666666666665,1.0,1.7,1.7,0.8,1670.379,11.0,0.5454545454545454,0.09090909090909091,0.36363636363636365,1.7272727272727273,1.1818181818181819,1.0909090909090908,0.09090909090909091,1.5,1.0,0.8,1.2,1.6,1.2,1.2,1553.798,11.0,0.6818181818181819,1.4545454545454546,0.09999999999999987,116.5809999999999,1.0,1.0,0.0,3.0,1.0,1.0,1.0,FIFA/World Cup,round-of-16,383254,2014-06-28T16:00:00+00:00,2014-06-28,Brazil,Chile,1,1,H,23.0,13.0,13.0,5.0,espn
7.0,0.7142857142857143,0.14285714285714285,0.14285714285714285,2.2857142857142856,1.7142857142857142,0.5714285714285714,1.1428571428571428,1.6,0.6,2.0,0.5,1.6,1.7142857142857142,0.5714285714285714,1571.127,19.0,0.47368421052631576,0.3157894736842105,0.21052631578947367,1.736842105263158,1.4736842105263157,1.0526315789473684,0.42105263157894735,1.4166666666666667,1.3333333333333333,1.5714285714285714,0.5714285714285714,1.8,1.5,1.0,1585.953,-12.0,0.5488721804511276,0.7218045112781954,-0.19999999999999996,-14.826000000000022,0.0,0.0,0.0,0.0,1.0,1.0,1.0,FIFA/World Cup,round-of-16,383253,2014-06-28T20:00:00+00:00,2014-06-28,Colombia,Uruguay,2,0,H,0.0,0.0,0.0,0.0,espn
26.0,0.3076923076923077,0.3076923076923077,0.38461538461538464,1.2307692307692308,1.0769230769230769,1.0769230769230769,0.0,0.7272727272727273,1.0,1.3333333333333333,1.1333333333333333,1.2,1.2,1.1,1503.353,13.0,0.3076923076923077,0.38461538461538464,0.3076923076923077,1.3076923076923077,1.2307692307692308,1.0,0.23076923076923078,1.2,1.2,1.25,0.875,1.6,1.6,1.1,1512.934,13.0,-0.07692307692307687,-0.23076923076923078,-0.40000000000000013,-9.580999999999904,0.0,0.0,0.0,0.0,1.0,1.0,1.0,FIFA/World Cup,round-of-16,383250,2014-06-30T16:00:00+00:00,2014-06-30,France,Nigeria,2,0,H,13.0,9.0,5.0,2.0,espn
36.0,0.6944444444444444,0.08333333333333333,0.2222222222222222,2.1666666666666665,1.9444444444444444,0.8333333333333334,1.1111111111111112,2.0,0.9565217391304348,1.8461538461538463,0.6153846153846154,2.4,2.2,0.9,1706.46,9.0,0.1111111111111111,0.3333333333333333,0.5555555555555556,0.6666666666666666,0.8888888888888888,1.3333333333333333,-0.4444444444444444,0.75,1.5,1.0,1.2,0.6,0.8888888888888888,1.3333333333333333,1450.21,27.0,1.5,1.5555555555555556,1.7999999999999998,256.25,0.0,0.0,0.0,0.0,1.0,1.0,1.0,FIFA/World Cup,round-of-16,383249,2014-06-30T20:00:00+00:00,2014-06-30,Germany,Algeria,2,1,H,29.0,11.0,22.0,7.0,espn
18.0,0.6111111111111112,0.2777777777777778,0.1111111111111111,2.111111111111111,1.8333333333333333,0.8333333333333334,1.0,2.0,0.8461538461538461,1.4,0.8,2.1,1.9,1.1,1621.946,16.0,0.375,0.1875,0.4375,1.3125,1.0,1.0,0.0,1.0,1.2,1.0,0.6666666666666666,1.3,1.1,1.0,1503.374,2.0,0.7986111111111112,1.0,0.8,118.57199999999989,0.0,0.0,0.0,0.0,1.0,1.0,1.0,FIFA/World Cup,round-of-16,383248,2014-07-01T16:00:00+00:00,2014-07-01,Argentina,Switzerland,1,0,H,29.0,14.0,22.0,7.0,espn
6.0,0.5,0.3333333333333333,0.16666666666666666,1.8333333333333333,1.1666666666666667,1.0,0.16666666666666666,1.5,0.5,1.0,1.25,1.1,1.1666666666666667,1.0,1532.565,26.0,0.5384615384615384,0.19230769230769232,0.2692307692307692,1.8076923076923077,1.7692307692307692,1.1153846153846154,0.6538461538461539,1.8,1.2666666666666666,1.7272727272727273,0.9090909090909091,2.2,2.6,1.2,1602.34,-20.0,0.02564102564102555,-0.4871794871794872,-1.1,-69.77499999999986,0.0,0.0,0.0,0.0,1.0,1.0,1.0,FIFA/World Cup,round-of-16,383247,2014-07-01T20:00:00+00:00,2014-07-01,Belgium,United States,2,1,H,38.0,14.0,26.0,9.0,espn
27.0,0.3333333333333333,0.2962962962962963,0.37037037037037035,1.2962962962962963,1.1111111111111112,1.037037037037037,0.07407407407407407,0.8333333333333334,0.9166666666666666,1.3333333333333333,1.1333333333333333,1.4,1.4,1.1,1523.676,37.0,0.7027027027027027,0.08108108108108109,0.21621621621621623,2.189189189189189,1.945945945945946,0.8378378378378378,1.1081081081081081,2.0,0.9583333333333334,1.8461538461538463,0.6153846153846154,2.4,2.0,1.0,1713.111,-10.0,-0.8928928928928928,-1.034034034034034,-1.0,-189.43500000000017,0.0,0.0,0.0,0.0,1.0,1.0,1.0,FIFA/World Cup,quarterfinals,383246,2014-07-04T16:00:00+00:00,2014-07-04,France,Germany,0,1,A,13.0,8.0,9.0,6.0,espn
23.0,0.7391304347826086,0.21739130434782608,0.043478260869565216,2.4347826086956523,2.130434782608696,0.6521739130434783,1.4782608695652173,1.9411764705882353,0.5294117647058824,2.6666666666666665,1.0,1.9,1.8,0.9,1682.464,8.0,0.75,0.125,0.125,2.375,1.75,0.5,1.25,1.6666666666666667,0.5,2.0,0.5,1.9,1.75,0.5,1591.748,15.0,0.05978260869565233,0.2282608695652173,0.0,90.7159999999999,0.0,0.0,0.0,0.0,1.0,1.0,1.0,FIFA/World Cup,quarterfinals,383245,2014-07-04T20:00:00+00:00,2014-07-04,Brazil,Colombia,2,1,H,12.0,11.0,6.0,5.0,espn
19.0,0.631578947368421,0.2631578947368421,0.10526315789473684,2.1578947368421053,1.7894736842105263,0.7894736842105263,1.0,1.9285714285714286,0.7857142857142857,1.4,0.8,2.1,1.6,1.0,1633.94,7.0,0.5714285714285714,0.2857142857142857,0.14285714285714285,2.0,1.2857142857142858,1.0,0.2857142857142857,1.6666666666666667,0.6666666666666666,1.0,1.25,1.4,1.2857142857142858,1.0,1553.969,12.0,0.1578947368421053,0.7142857142857143,0.7000000000000002,79.971,0.0,0.0,0.0,0.0,1.0,1.0,1.0,FIFA/World Cup,quarterfinals,383244,2014-07-05T16:00:00+00:00,2014-07-05,Argentina,Belgium,1,0,H,10.0,10.0,7.0,4.0,espn
25.0,0.56,0.12,0.32,1.8,1.72,1.04,0.68,1.6875,0.875,1.7777777777777777,1.3333333333333333,1.8,1.9,1.3,1631.922,20.0,0.35,0.2,0.45,1.25,1.3,1.4,-0.1,1.6666666666666667,1.1111111111111112,1.0,1.6363636363636365,1.6,1.0,0.7,1502.729,5.0,0.55,0.78,0.19999999999999996,129.19299999999998,0.0,0.0,0.0,0.0,1.0,1.0,1.0,FIFA/World Cup,quarterfinals,383243,2014-07-05T20:00:00+00:00,2014-07-05,Netherlands,Costa Rica,0,0,H,20.0,6.0,15.0,3.0,espn
24.0,0.75,0.20833333333333334,0.041666666666666664,2.4583333333333335,2.125,0.6666666666666666,1.4583333333333333,1.9444444444444444,0.5555555555555556,2.6666666666666665,1.0,1.9,1.7,1.0,1695.767,38.0,0.7105263157894737,0.07894736842105263,0.21052631578947367,2.210526315789474,1.9210526315789473,0.8157894736842105,1.105263157894737,2.0,0.9583333333333334,1.7857142857142858,0.5714285714285714,2.7,2.1,0.9,1722.098,-14.0,0.2478070175438596,0.3530701754385963,-0.8000000000000003,-26.330999999999904,1.0,1.0,0.0,2.0,1.0,1.0,1.0,FIFA/World Cup,semifinals,383242,2014-07-08T20:00:00+00:00,2014-07-08,Brazil,Germany,1,7,A,18.0,14.0,13.0,12.0,espn
26.0,0.5769230769230769,0.11538461538461539,0.3076923076923077,1.8461538461538463,1.6538461538461537,1.0,0.6538461538461539,1.588235294117647,0.8235294117647058,1.7777777777777777,1.3333333333333333,1.8,1.7,1.2,1643.433,20.0,0.65,0.25,0.1,2.2,1.75,0.75,1.0,1.8666666666666667,0.7333333333333333,1.4,0.8,2.1,1.5,1.0,1647.763,6.0,-0.3538461538461539,-0.34615384615384615,-0.30000000000000004,-4.329999999999927,1.0,0.0,1.0,0.0,1.0,1.0,1.0,FIFA/World Cup,semifinals,383241,2014-07-09T20:00:00+00:00,2014-07-09,Netherlands,Argentina,0,0,A,7.0,8.0,4.0,5.0,espn
25.0,0.72,0.2,0.08,2.36,2.08,0.92,1.16,1.894736842105263,0.8947368421052632,2.6666666666666665,1.0,1.9,1.7,1.5,1673.947,27.0,0.5555555555555556,0.1111111111111111,0.3333333333333333,1.7777777777777777,1.5925925925925926,0.9629629629629629,0.6296296296296297,1.5,0.7777777777777778,1.7777777777777777,1.3333333333333333,1.5,1.5,1.1,1625.792,-2.0,0.5822222222222222,0.5303703703703703,0.3999999999999999,48.15499999999997,1.0,0.0,0.0,-1.0,1.0,1.0,1.0,FIFA/World Cup,third-place,383240,2014-07-12T20:00:00+00:00,2014-07-12,Brazil,Netherlands,0,3,A,11.0,8.0,5.0,5.0,espn
39.0,0.717948717948718,0.07692307692307693,0.20512820512820512,2.230769230769231,2.051282051282051,0.8205128205128205,1.2307692307692308,2.0,0.9583333333333334,2.1333333333333333,0.6,2.7,2.5,0.8,1743.918,21.0,0.6666666666666666,0.23809523809523808,0.09523809523809523,2.238095238095238,1.6666666666666667,0.7142857142857143,0.9523809523809523,1.8666666666666667,0.7333333333333333,1.1666666666666667,0.6666666666666666,2.1,1.2,0.9,1665.404,18.0,-0.0073260073260073,0.2783882783882785,0.6000000000000001,78.5139999999999,2.0,1.0,0.0,2.0,1.0,1.0,1.0,FIFA/World Cup,final,383239,2014-07-13T19:00:00+00:00,2014-07-13,Germany,Argentina,1,0,H,0.0,0.0,0.0,0.0,espn
4.0,0.5,0.0,0.5,1.5,0.75,1.25,-0.5,1.0,0.6666666666666666,0.0,3.0,0.6,0.75,1.25,1497.013,0.0,0.0,0.0,0.0,0.0,0.0,0.0,0.0,0.0,0.0,0.0,0.0,0.0,0.0,0.0,1500.0,4.0,1.5,-0.5,0.6,-2.98700000000008,0.0,0.0,0.0,0.0,0.0,0.0,1.0,CAF/Africa Cup of Nations,group-stage-2015,410063,2015-01-17T16:00:00+00:00,2015-01-17,Equatorial Guinea,Congo,1,1,D,0.0,0.0,0.0,0.0,espn
9.0,0.2222222222222222,0.3333333333333333,0.4444444444444444,1.0,1.0,1.0,0.0,1.4,0.6,0.5,1.5,0.9,1.0,1.0,1483.557,4.0,0.75,0.25,0.0,2.5,1.75,0.75,1.0,1.75,0.75,0.0,0.0,1.0,1.75,0.75,1541.143,5.0,-1.5,-1.0,-0.09999999999999998,-57.58600000000001,0.0,0.0,0.0,0.0,0.0,0.0,1.0,CAF/Africa Cup of Nations,group-stage-2015,410062,2015-01-17T19:00:00+00:00,2015-01-17,Burkina Faso,Gabon,0,2,A,0.0,0.0,0.0,0.0,espn
9.0,0.4444444444444444,0.5555555555555556,0.0,1.8888888888888888,1.2222222222222223,0.5555555555555556,0.6666666666666666,1.2,0.4,1.25,0.75,1.7,1.2222222222222223,0.5555555555555556,1551.355,3.0,0.0,1.0,0.0,1.0,1.0,1.0,0.0,1.0,1.0,1.0,1.0,0.3,1.0,1.0,1498.987,6.0,0.8888888888888888,0.6666666666666666,1.4,52.36799999999994,0.0,0.0,0.0,0.0,0.0,0.0,1.0,CAF/Africa Cup of Nations,group-stage-2015,410061,2015-01-18T16:00:00+00:00,2015-01-18,Zambia,Congo DR,1,1,D,0.0,0.0,0.0,0.0,espn
12.0,0.25,0.25,0.5,1.0,0.9166666666666666,1.5,-0.5833333333333334,1.3333333333333333,1.0,0.7777777777777778,1.6666666666666667,1.1,1.0,1.5,1458.102,4.0,0.25,0.5,0.25,1.25,0.75,1.0,-0.25,2.0,1.0,0.3333333333333333,1.0,0.5,0.75,1.0,1498.265,8.0,-0.25,-0.33333333333333337,0.6000000000000001,-40.16300000000001,0.0,0.0,0.0,0.0,0.0,0.0,1.0,CAF/Africa Cup of Nations,group-stage-2015,410060,2015-01-18T19:00:00+00:00,2015-01-18,Tunisia,Cape Verde,1,1,D,14.0,8.0,4.0,4.0,espn
23.0,0.43478260869565216,0.17391304347826086,0.391304347826087,1.4782608695652173,1.173913043478261,1.0869565217391304,0.08695652173913043,1.25,0.9166666666666666,1.0909090909090908,1.2727272727272727,1.1,1.2,1.3,1508.056,8.0,0.25,0.25,0.5,1.0,1.25,1.5,-0.25,1.3333333333333333,2.0,1.2,1.2,0.8,1.25,1.5,1470.463,15.0,0.4782608695652173,0.33695652173913043,0.30000000000000004,37.593000000000075,0.0,0.0,0.0,0.0,0.0,0.0,1.0,CAF/Africa Cup of Nations,group-stage-2015,410059,2015-01-19T16:00:00+00:00,2015-01-19,Ghana,Senegal,1,2,A,0.0,0.0,0.0,0.0,espn
10.0,0.1,0.3,0.6,0.6,0.9,1.4,-0.5,0.75,1.5,1.0,1.3333333333333333,0.6,0.9,1.4,1443.559,10.0,0.3,0.5,0.2,1.4,1.3,1.3,0.0,1.0,1.1428571428571428,2.0,1.6666666666666667,1.4,1.3,1.3,1509.538,0.0,-0.7999999999999999,-0.5,-0.7999999999999999,-65.97900000000004,0.0,0.0,0.0,0.0,0.0,0.0,1.0,CAF/Africa Cup of Nations,group-stage-2015,410058,2015-01-19T19:00:00+00:00,2015-01-19,Algeria,South Africa,3,1,H,0.0,0.0,0.0,0.0,espn
18.0,0.5555555555555556,0.1111111111111111,0.3333333333333333,1.7777777777777777,1.6666666666666667,1.0555555555555556,0.6111111111111112,2.111111111111111,0.6666666666666666,1.2222222222222223,1.4444444444444444,1.7,1.6,1.0,1539.055,3.0,0.3333333333333333,0.3333333333333333,0.3333333333333333,1.3333333333333333,2.3333333333333335,1.0,1.3333333333333333,0.0,0.0,2.3333333333333335,1.0,0.4,2.3333333333333335,1.0,1506.304,15.0,0.4444444444444444,-0.7222222222222221,1.2999999999999998,32.750999999999976,0.0,0.0,0.0,0.0,0.0,0.0,1.0,CAF/Africa Cup of Nations,group-stage-2015,410057,2015-01-20T16:00:00+00:00,2015-01-20,Ivory Coast,Guinea,1,1,D,0.0,0.0,0.0,0.0,espn
12.0,0.4166666666666667,0.25,0.3333333333333333,1.5,1.0833333333333333,1.0833333333333333,0.0,1.2,1.2,1.0,1.0,1.5,1.2,1.1,1514.816,9.0,0.1111111111111111,0.1111111111111111,0.7777777777777778,0.4444444444444444,0.5555555555555556,1.8888888888888888,-1.3333333333333333,0.6666666666666666,2.3333333333333335,0.3333333333333333,1.0,0.4,0.5555555555555556,1.8888888888888888,1408.084,3.0,1.0555555555555556,1.3333333333333333,1.1,106.73199999999997,0.0,0.0,0.0,0.0,0.0,0.0,1.0,CAF/Africa Cup of Nations,group-stage-2015,410056,2015-01-20T19:00:00+00:00,2015-01-20,Mali,Cameroon,1,1,D,0.0,0.0,0.0,0.0,espn
5.0,0.4,0.2,0.4,1.4,0.8,1.2,-0.4,1.0,0.75,0.0,3.0,0.7,0.8,1.2,1497.14,10.0,0.2,0.3,0.5,0.9,0.9,1.1,-0.2,1.1666666666666667,0.8333333333333334,0.5,1.5,0.9,0.9,1.1,1469.877,-5.0,0.4999999999999999,-0.2,-0.20000000000000007,27.263000000000147,0.0,0.0,0.0,0.0,0.0,0.0,1.0,CAF/Africa Cup of Nations,group-stage-2015,410055,2015-01-21T16:00:00+00:00,2015-01-21,Equatorial Guinea,Burkina Faso,0,0,D,0.0,0.0,0.0,0.0,espn
5.0,0.8,0.2,0.0,2.6,1.8,0.6,1.2,1.75,0.75,2.0,0.0,1.3,1.8,0.6,1554.823,1.0,0.0,1.0,0.0,1.0,1.0,1.0,0.0,0.0,0.0,1.0,1.0,0.1,1.0,1.0,1499.873,4.0,1.6,1.2,1.2,54.950000000000045,0.0,0.0,0.0,0.0,0.0,0.0,1.0,CAF/Africa Cup of Nations,group-stage-2015,410054,2015-01-21T19:00:00+00:00,2015-01-21,Gabon,Congo,0,1,A,14.0,6.0,4.0,2.0,espn
10.0,0.4,0.6,0.0,1.8,1.2,0.6,0.6,1.1666666666666667,0.5,1.25,0.75,1.8,1.2,0.6,1549.143,13.0,0.23076923076923078,0.3076923076923077,0.46153846153846156,1.0,0.9230769230769231,1.4615384615384615,-0.5384615384615384,1.25,1.0,0.7777777777777778,1.6666666666666667,1.1,0.9,1.4,1459.803,-3.0,0.8,1.1384615384615384,0.7,89.33999999999992,0.0,0.0,0.0,0.0,0.0,0.0,1.0,CAF/Africa Cup of Nations,group-stage-2015,410053,2015-01-22T16:00:00+00:00,2015-01-22,Zambia,Tunisia,1,2,A,18.0,7.0,8.0,3.0,espn
5.0,0.2,0.6,0.2,1.2,0.8,1.0,-0.2,2.0,1.0,0.5,1.0,0.6,0.8,1.0,1496.564,4.0,0.0,1.0,0.0,1.0,1.0,1.0,0.0,1.0,1.0,1.0,1.0,0.4,1.0,1.0,1501.199,1.0,0.19999999999999996,-0.2,0.19999999999999996,-4.634999999999991,0.0,0.0,0.0,0.0,0.0,0.0,1.0,CAF/Africa Cup of Nations,group-stage-2015,410052,2015-01-22T19:00:00+00:00,2015-01-22,Cape Verde,Congo DR,0,0,D,0.0,0.0,0.0,0.0,espn
24.0,0.4166666666666667,0.16666666666666666,0.4166666666666667,1.4166666666666667,1.1666666666666667,1.125,0.041666666666666664,1.2307692307692308,1.0,1.0909090909090908,1.2727272727272727,1.1,1.3,1.4,1491.679,11.0,0.18181818181818182,0.2727272727272727,0.5454545454545454,0.8181818181818182,1.0909090909090908,1.3636363636363635,-0.2727272727272727,1.2,1.4,1.0,1.3333333333333333,0.9,1.2,1.4,1462.998,13.0,0.5984848484848485,0.3143939393939394,0.20000000000000007,28.68100000000004,0.0,0.0,0.0,0.0,0.0,0.0,1.0,CAF/Africa Cup of Nations,group-stage-2015,410051,2015-01-23T16:00:00+00:00,2015-01-23,Ghana,Algeria,1,0,H,0.0,0.0,0.0,0.0,espn
11.0,0.2727272727272727,0.45454545454545453,0.2727272727272727,1.2727272727272727,1.2727272727272727,1.4545454545454546,-0.18181818181818182,1.0,1.1428571428571428,1.75,2.0,1.3,1.2,1.4,1490.099,9.0,0.3333333333333333,0.2222222222222222,0.4444444444444444,1.2222222222222223,1.3333333333333333,1.4444444444444444,-0.1111111111111111,1.3333333333333333,2.0,1.3333333333333333,1.1666666666666667,1.1,1.3333333333333333,1.4444444444444444,1486.84,2.0,0.050505050505050386,-0.07070707070707072,0.19999999999999996,3.2590000000000146,0.0,0.0,0.0,0.0,0.0,0.0,1.0,CAF/Africa Cup of Nations,group-stage-2015,410050,2015-01-23T19:00:00+00:00,2015-01-23,South Africa,Senegal,1,1,D,0.0,0.0,0.0,0.0,espn
19.0,0.5263157894736842,0.15789473684210525,0.3157894736842105,1.736842105263158,1.631578947368421,1.0526315789473684,0.5789473684210527,2.0,0.7,1.2222222222222223,1.4444444444444444,1.5,1.4,1.1,1537.666,13.0,0.38461538461538464,0.3076923076923077,0.3076923076923077,1.4615384615384615,1.0769230769230769,1.0769230769230769,0.0,1.1666666666666667,1.1666666666666667,1.0,1.0,1.3,1.1,1.1,1510.412,6.0,0.2753036437246965,0.5789473684210527,0.19999999999999996,27.253999999999905,1.0,1.0,0.0,1.0,0.0,0.0,1.0,CAF/Africa Cup of Nations,group-stage-2015,410049,2015-01-24T16:00:00+00:00,2015-01-24,Ivory Coast,Mali,1,1,D,0.0,0.0,0.0,0.0,espn
10.0,0.1,0.2,0.7,0.5,0.6,1.8,-1.2,0.6666666666666666,2.3333333333333335,0.5,1.0,0.5,0.6,1.8,1412.488,4.0,0.25,0.5,0.25,1.25,2.0,1.0,1.0,0.0,0.0,2.0,1.0,0.5,2.0,1.0,1507.693,6.0,-0.75,-2.2,0.0,-95.20499999999993,0.0,0.0,0.0,0.0,0.0,0.0,1.0,CAF/Africa Cup of Nations,group-stage-2015,410048,2015-01-24T19:00:00+00:00,2015-01-24,Cameroon,Guinea,1,1,D,0.0,0.0,0.0,0.0,espn
2.0,0.5,0.5,0.0,2.0,1.0,0.5,0.5,0.0,0.0,1.0,0.5,0.4,1.0,0.5,1516.976,11.0,0.18181818181818182,0.36363636363636365,0.45454545454545453,0.9090909090909091,0.8181818181818182,1.0,-0.18181818181818182,1.1666666666666667,0.8333333333333334,0.4,1.2,1.0,0.8,0.9,1471.035,-9.0,1.0909090909090908,0.6818181818181819,-0.6,45.94100000000003,0.0,0.0,0.0,0.0,0.0,0.0,1.0,CAF/Africa Cup of Nations,group-stage-2015,410046,2015-01-25T18:00:00+00:00,2015-01-25,Congo,Burkina Faso,2,1,H,12.0,9.0,5.0,2.0,espn
6.0,0.6666666666666666,0.16666666666666666,0.16666666666666666,2.1666666666666665,1.5,0.6666666666666666,0.8333333333333334,1.4,0.8,2.0,0.0,1.3,1.5,0.6666666666666666,1537.72,6.0,0.3333333333333333,0.3333333333333333,0.3333333333333333,1.3333333333333333,0.6666666666666666,1.0,-0.3333333333333333,0.8,0.6,0.0,3.0,0.8,0.6666666666666666,1.0,1495.982,0.0,0.8333333333333333,1.1666666666666667,0.5,41.738000000000056,0.0,0.0,0.0,0.0,0.0,0.0,1.0,CAF/Africa Cup of Nations,group-stage-2015,410047,2015-01-25T18:00:00+00:00,2015-01-25,Gabon,Equatorial Guinea,0,2,A,0.0,0.0,0.0,0.0,espn
6.0,0.16666666666666666,0.6666666666666666,0.16666666666666666,1.1666666666666667,0.6666666666666666,0.8333333333333334,-0.16666666666666666,1.0,0.5,0.5,1.0,0.7,0.6666666666666666,0.8333333333333334,1496.761,11.0,0.36363636363636365,0.5454545454545454,0.09090909090909091,1.6363636363636365,1.1818181818181819,0.7272727272727273,0.45454545454545453,1.1428571428571428,0.7142857142857143,1.25,0.75,1.5,1.1,0.7,1530.639,-5.0,-0.4696969696969697,-0.6212121212121212,-0.8,-33.87799999999993,0.0,0.0,0.0,0.0,0.0,0.0,1.0,CAF/Africa Cup of Nations,group-stage-2015,410045,2015-01-26T18:00:00+00:00,2015-01-26,Cape Verde,Zambia,0,0,D,0.0,0.0,0.0,0.0,espn
5.0,0.0,1.0,0.0,1.0,0.8,0.8,0.0,1.0,1.0,0.75,0.75,0.5,0.8,0.8,1501.002,14.0,0.2857142857142857,0.2857142857142857,0.42857142857142855,1.1428571428571428,1.0,1.4285714285714286,-0.42857142857142855,1.25,1.0,0.9,1.6,1.4,1.0,1.2,1478.307,-9.0,-0.1428571428571428,0.42857142857142855,-0.8999999999999999,22.694999999999936,0.0,0.0,0.0,0.0,0.0,0.0,1.0,CAF/Africa Cup of Nations,group-stage-2015,410044,2015-01-26T18:00:00+00:00,2015-01-26,Congo DR,Tunisia,1,1,D,12.0,14.0,4.0,6.0,espn
10.0,0.3,0.3,0.4,1.2,1.3,1.4,-0.1,1.3333333333333333,2.0,1.2857142857142858,1.1428571428571428,1.2,1.3,1.4,1486.979,12.0,0.16666666666666666,0.25,0.5833333333333334,0.75,1.0,1.3333333333333333,-0.3333333333333333,1.2,1.4,0.8571428571428571,1.2857142857142858,0.8,1.2,1.5,1449.432,-2.0,0.44999999999999996,0.2333333333333333,0.3999999999999999,37.547000000000025,0.0,0.0,0.0,0.0,0.0,0.0,1.0,CAF/Africa Cup of Nations,group-stage-2015,410042,2015-01-27T18:00:00+00:00,2015-01-27,Senegal,Algeria,0,2,A,0.0,0.0,0.0,0.0,espn
12.0,0.25,0.5,0.25,1.25,1.25,1.4166666666666667,-0.16666666666666666,1.0,1.125,1.75,2.0,1.1,1.2,1.5,1489.96,25.0,0.44,0.16,0.4,1.48,1.16,1.08,0.08,1.2142857142857142,0.9285714285714286,1.0909090909090908,1.2727272727272727,1.4,1.4,1.2,1505.245,-13.0,-0.22999999999999998,-0.24666666666666665,-0.2999999999999998,-15.284999999999854,0.0,0.0,0.0,0.0,0.0,0.0,1.0,CAF/Africa Cup of Nations,group-stage-2015,410043,2015-01-27T18:00:00+00:00,2015-01-27,South Africa,Ghana,1,2,A,0.0,0.0,0.0,0.0,espn
11.0,0.09090909090909091,0.2727272727272727,0.6363636363636364,0.5454545454545454,0.6363636363636364,1.7272727272727273,-1.0909090909090908,0.7142857142857143,2.142857142857143,0.5,1.0,0.5,0.6,1.8,1416.441,20.0,0.5,0.2,0.3,1.7,1.6,1.05,0.55,1.9090909090909092,0.7272727272727273,1.2222222222222223,1.4444444444444444,1.3,1.4,1.2,1536.509,-9.0,-1.1545454545454545,-1.6409090909090909,-0.8,-120.06799999999998,0.0,0.0,0.0,0.0,0.0,0.0,1.0,CAF/Africa Cup of Nations,group-stage-2015,410040,2015-01-28T18:00:00+00:00,2015-01-28,Cameroon,Ivory Coast,0,1,A,0.0,0.0,0.0,0.0,espn
5.0,0.2,0.6,0.2,1.2,1.8,1.0,0.8,0.0,0.0,1.8,1.0,0.6,1.8,1.0,1503.74,14.0,0.35714285714285715,0.35714285714285715,0.2857142857142857,1.4285714285714286,1.0714285714285714,1.0714285714285714,0.0,1.1666666666666667,1.1666666666666667,1.0,1.0,1.3,1.1,1.1,1511.569,-9.0,-0.22857142857142865,0.8,-0.7000000000000001,-7.828999999999951,1.0,0.0,0.0,-1.0,0.0,0.0,1.0,CAF/Africa Cup of Nations,group-stage-2015,410041,2015-01-28T18:00:00+00:00,2015-01-28,Guinea,Mali,1,1,D,0.0,0.0,0.0,0.0,espn
3.0,0.6666666666666666,0.3333333333333333,0.0,2.3333333333333335,1.3333333333333333,0.6666666666666666,0.6666666666666666,2.0,1.0,1.0,0.5,0.7,1.3333333333333333,0.6666666666666666,1529.816,6.0,0.0,1.0,0.0,1.0,0.8333333333333334,0.8333333333333334,0.0,1.0,1.0,0.75,0.75,0.6,0.8333333333333334,0.8333333333333334,1500.038,-3.0,1.3333333333333335,0.6666666666666666,0.09999999999999998,29.77800000000002,0.0,0.0,0.0,0.0,0.0,1.0,1.0,CAF/Africa Cup of Nations,quarter-finals,410039,2015-01-31T16:00:00+00:00,2015-01-31,Congo,Congo DR,2,4,A,0.0,0.0,0.0,0.0,espn
15.0,0.26666666666666666,0.3333333333333333,0.4,1.1333333333333333,1.0,1.4,-0.4,1.25,1.0,0.9090909090909091,1.5454545454545454,1.5,1.1,1.2,1479.271,7.0,0.42857142857142855,0.2857142857142857,0.2857142857142857,1.5714285714285714,0.8571428571428571,0.8571428571428571,0.0,0.8,0.6,1.0,1.5,1.1,0.8571428571428571,0.8571428571428571,1514.307,8.0,-0.4380952380952381,-0.4,0.3999999999999999,-35.03600000000006,0.0,0.0,0.0,0.0,0.0,1.0,1.0,CAF/Africa Cup of Nations,quarter-finals,410038,2015-01-31T19:30:00+00:00,2015-01-31,Tunisia,Equatorial Guinea,1,2,A,12.0,11.0,5.0,4.0,espn
26.0,0.46153846153846156,0.15384615384615385,0.38461538461538464,1.5384615384615385,1.1923076923076923,1.0769230769230769,0.11538461538461539,1.2142857142857142,0.9285714285714286,1.1666666666666667,1.25,1.6,1.4,1.1,1519.379,6.0,0.16666666666666666,0.6666666666666666,0.16666666666666666,1.1666666666666667,1.6666666666666667,1.0,0.6666666666666666,1.0,1.0,1.8,1.0,0.7,1.6666666666666667,1.0,1504.073,20.0,0.3717948717948718,-0.5512820512820512,0.9000000000000001,15.305999999999813,1.0,0.0,1.0,0.0,0.0,1.0,1.0,CAF/Africa Cup of Nations,quarter-finals,410037,2015-02-01T16:00:00+00:00,2015-02-01,Ghana,Guinea,3,0,H,0.0,0.0,0.0,0.0,espn
21.0,0.5238095238095238,0.19047619047619047,0.2857142857142857,1.7619047619047619,1.5714285714285714,1.0,0.5714285714285714,1.9090909090909092,0.7272727272727273,1.2,1.3,1.5,1.5,1.2,1546.378,13.0,0.23076923076923078,0.23076923076923078,0.5384615384615384,0.9230769230769231,1.0769230769230769,1.2307692307692308,-0.15384615384615385,1.2,1.4,1.0,1.125,1.1,1.4,1.4,1467.562,8.0,0.8388278388278387,0.7252747252747253,0.3999999999999999,78.81600000000003,1.0,0.0,1.0,0.0,0.0,1.0,1.0,CAF/Africa Cup of Nations,quarter-finals,410036,2015-02-01T19:30:00+00:00,2015-02-01,Ivory Coast,Algeria,3,1,H,0.0,0.0,0.0,0.0,espn
7.0,0.14285714285714285,0.8571428571428571,0.0,1.2857142857142858,1.2857142857142858,1.0,0.2857142857142857,1.0,1.0,1.4,1.0,0.9,1.2857142857142858,1.0,1517.805,22.0,0.5454545454545454,0.18181818181818182,0.2727272727272727,1.8181818181818181,1.6363636363636365,1.0,0.6363636363636364,2.0,0.75,1.2,1.3,1.5,1.6,1.2,1559.095,-15.0,-0.5324675324675323,-0.35064935064935066,-0.6,-41.289999999999964,0.0,0.0,0.0,0.0,0.0,1.0,1.0,CAF/Africa Cup of Nations,semi-finals,410035,2015-02-04T19:00:00+00:00,2015-02-04,Congo DR,Ivory Coast,1,3,A,0.0,0.0,0.0,0.0,espn
27.0,0.48148148148148145,0.14814814814814814,0.37037037037037035,1.5925925925925926,1.2592592592592593,1.037037037037037,0.2222222222222222,1.3333333333333333,0.8666666666666667,1.1666666666666667,1.25,1.6,1.6,1.1,1536.541,8.0,0.5,0.25,0.25,1.75,1.0,0.875,0.125,0.8,0.6,1.3333333333333333,1.3333333333333333,1.4,1.0,0.875,1527.605,19.0,-0.15740740740740744,0.09722222222222221,0.20000000000000018,8.935999999999922,0.0,0.0,0.0,0.0,0.0,1.0,1.0,CAF/Africa Cup of Nations,semi-finals,410034,2015-02-05T19:00:00+00:00,2015-02-05,Ghana,Equatorial Guinea,3,0,H,0.0,0.0,0.0,0.0,espn
8.0,0.125,0.75,0.125,1.125,1.25,1.25,0.0,1.0,1.6666666666666667,1.4,1.0,0.9,1.25,1.25,1503.373,9.0,0.4444444444444444,0.2222222222222222,0.3333333333333333,1.5555555555555556,0.8888888888888888,1.1111111111111112,-0.2222222222222222,0.8,0.6,1.0,1.75,1.4,0.8888888888888888,1.1111111111111112,1510.115,-1.0,-0.4305555555555556,0.2222222222222222,-0.4999999999999999,-6.741999999999962,0.0,0.0,0.0,0.0,0.0,1.0,1.0,CAF/Africa Cup of Nations,third-place,410033,2015-02-07T16:00:00+00:00,2015-02-07,Congo DR,Equatorial Guinea,0,0,H,0.0,0.0,0.0,0.0,espn
23.0,0.5652173913043478,0.17391304347826086,0.2608695652173913,1.8695652173913044,1.6956521739130435,1.0,0.6956521739130435,2.0,0.75,1.3636363636363635,1.2727272727272727,1.5,1.6,1.3,1573.527,28.0,0.5,0.14285714285714285,0.35714285714285715,1.6428571428571428,1.3214285714285714,1.0,0.32142857142857145,1.4375,0.8125,1.1666666666666667,1.25,1.6,1.6,1.1,1554.031,-5.0,0.22670807453416164,0.374223602484472,-0.10000000000000009,19.496000000000095,0.0,0.0,0.0,0.0,0.0,1.0,1.0,CAF/Africa Cup of Nations,final,410032,2015-02-08T19:00:00+00:00,2015-02-08,Ivory Coast,Ghana,0,0,H,0.0,0.0,0.0,0.0,espn
12.0,0.5,0.08333333333333333,0.4166666666666667,1.5833333333333333,1.1666666666666667,1.0833333333333333,0.08333333333333333,1.5,1.0,0.8333333333333334,1.1666666666666667,1.3,1.2,1.3,1541.713,13.0,0.3076923076923077,0.15384615384615385,0.5384615384615384,1.0769230769230769,0.9230769230769231,1.2307692307692308,-0.3076923076923077,1.0,0.75,0.8888888888888888,1.4444444444444444,1.1,1.0,1.2,1469.149,-1.0,0.5064102564102564,0.391025641025641,0.19999999999999996,72.56400000000008,0.0,0.0,0.0,0.0,0.0,0.0,1.0,CONMEBOL/Copa America,group-stage-2015,409856,2015-06-11T23:30:00+00:00,2015-06-11,Chile,Ecuador,2,0,H,0.0,0.0,0.0,0.0,espn
28.0,0.5,0.14285714285714285,0.35714285714285715,1.6428571428571428,1.6071428571428572,0.9642857142857143,0.6428571428571429,1.5833333333333333,0.75,1.625,1.125,1.6,1.2,0.8,1570.635,3.0,0.0,0.3333333333333333,0.6666666666666666,0.3333333333333333,0.3333333333333333,1.6666666666666667,-1.3333333333333333,0.0,2.0,0.5,1.5,0.1,0.3333333333333333,1.6666666666666667,1469.478,25.0,1.3095238095238095,1.9761904761904763,1.5,101.15699999999993,0.0,0.0,0.0,0.0,0.0,0.0,1.0,CONMEBOL/Copa America,group-stage-2015,409855,2015-06-12T23:30:00+00:00,2015-06-12,Mexico,Bolivia,0,0,D,0.0,0.0,0.0,0.0,espn
20.0,0.45,0.3,0.25,1.65,1.4,1.1,0.3,1.4166666666666667,1.3333333333333333,1.375,0.75,1.8,1.3,0.9,1565.332,4.0,0.75,0.0,0.25,2.25,1.75,0.5,1.25,2.0,0.6666666666666666,1.0,0.0,0.9,1.75,0.5,1529.416,16.0,-0.6000000000000001,-0.95,0.9,35.91600000000017,0.0,0.0,0.0,0.0,0.0,0.0,1.0,CONMEBOL/Copa America,group-stage-2015,409854,2015-06-13T19:00:00+00:00,2015-06-13,Uruguay,Jamaica,1,0,H,0.0,0.0,0.0,0.0,espn
22.0,0.6363636363636364,0.22727272727272727,0.13636363636363635,2.1363636363636362,1.5909090909090908,0.7272727272727273,0.8636363636363636,1.8666666666666667,0.7333333333333333,1.0,0.7142857142857143,2.1,1.2,0.6,1651.51,16.0,0.1875,0.5,0.3125,1.0625,0.9375,0.9375,0.0,0.875,0.75,1.0,1.125,0.9,0.7,0.9,1493.651,6.0,1.0738636363636362,0.8636363636363636,1.2000000000000002,157.85899999999992,0.0,0.0,0.0,0.0,0.0,0.0,1.0,CONMEBOL/Copa America,group-stage-2015,409853,2015-06-13T21:30:00+00:00,2015-06-13,Argentina,Paraguay,2,2,D,0.0,0.0,0.0,0.0,espn
9.0,0.6666666666666666,0.1111111111111111,0.2222222222222222,2.111111111111111,1.6666666666666667,0.6666666666666666,1.0,1.6666666666666667,0.5,1.6666666666666667,1.0,1.9,1.6666666666666667,0.6666666666666666,1578.445,6.0,0.3333333333333333,0.5,0.16666666666666666,1.5,1.1666666666666667,1.3333333333333333,-0.16666666666666666,1.0,0.0,1.2,1.6,0.9,1.1666666666666667,1.3333333333333333,1514.831,3.0,0.6111111111111112,1.1666666666666667,0.9999999999999999,63.61400000000003,0.0,0.0,0.0,0.0,0.0,0.0,1.0,CONMEBOL/Copa America,group-stage-2015,409852,2015-06-14T19:00:00+00:00,2015-06-14,Colombia,Venezuela,0,1,A,0.0,0.0,0.0,0.0,espn
26.0,0.6923076923076923,0.19230769230769232,0.11538461538461539,2.269230769230769,2.0,1.0,1.0,1.8,1.0,2.6666666666666665,1.0,1.8,1.7,1.8,1649.268,6.0,0.5,0.16666666666666666,0.3333333333333333,1.6666666666666667,1.3333333333333333,0.8333333333333334,0.5,1.6666666666666667,1.0,1.0,0.6666666666666666,1.0,1.3333333333333333,0.8333333333333334,1525.691,20.0,0.6025641025641024,0.5,0.8,123.577,0.0,0.0,0.0,0.0,0.0,0.0,1.0,CONMEBOL/Copa America,group-stage-2015,409851,2015-06-14T21:30:00+00:00,2015-06-14,Brazil,Peru,2,1,H,0.0,0.0,0.0,0.0,espn
14.0,0.2857142857142857,0.14285714285714285,0.5714285714285714,1.0,0.8571428571428571,1.2857142857142858,-0.42857142857142855,1.0,0.75,0.8,1.5,0.8,0.8,1.4,1456.151,4.0,0.0,0.5,0.5,0.5,0.25,1.25,-1.0,0.0,2.0,0.3333333333333333,1.0,0.2,0.25,1.25,1473.665,10.0,0.5,0.5714285714285714,0.6000000000000001,-17.513999999999896,0.0,0.0,0.0,0.0,0.0,0.0,1.0,CONMEBOL/Copa America,group-stage-2015,409850,2015-06-15T21:00:00+00:00,2015-06-15,Ecuador,Bolivia,2,3,A,26.0,5.0,10.0,4.0,espn
13.0,0.5384615384615384,0.07692307692307693,0.38461538461538464,1.6923076923076923,1.2307692307692308,1.0,0.23076923076923078,1.5714285714285714,0.8571428571428571,0.8333333333333334,1.1666666666666667,1.6,1.3,1.1,1554.711,29.0,0.4827586206896552,0.1724137931034483,0.3448275862068966,1.6206896551724137,1.5517241379310345,0.9310344827586207,0.6206896551724138,1.4615384615384615,0.6923076923076923,1.625,1.125,1.7,1.2,0.7,1566.448,-16.0,0.07161803713527859,-0.38992042440318303,-0.09999999999999987,-11.73700000000008,1.0,1.0,0.0,1.0,0.0,0.0,1.0,CONMEBOL/Copa America,group-stage-2015,409849,2015-06-15T23:30:00+00:00,2015-06-15,Chile,Mexico,3,3,D,0.0,0.0,0.0,0.0,espn
17.0,0.17647058823529413,0.5294117647058824,0.29411764705882354,1.0588235294117647,1.0,1.0,0.0,0.875,0.75,1.1111111111111112,1.2222222222222223,0.7,0.7,1.1,1499.941,5.0,0.6,0.0,0.4,1.8,1.4,0.6,0.8,2.0,0.6666666666666666,0.5,0.5,0.9,1.4,0.6,1516.155,12.0,-0.7411764705882353,-0.8,-0.20000000000000007,-16.213999999999942,0.0,0.0,0.0,0.0,0.0,0.0,1.0,CONMEBOL/Copa America,group-stage-2015,409848,2015-06-16T21:00:00+00:00,2015-06-16,Paraguay,Jamaica,1,0,H,0.0,0.0,0.0,0.0,espn
23.0,0.6086956521739131,0.2608695652173913,0.13043478260869565,2.0869565217391304,1.608695652173913,0.782608695652174,0.8260869565217391,1.875,0.8125,1.0,0.7142857142857143,2.1,1.3,0.7,1645.22,21.0,0.47619047619047616,0.2857142857142857,0.23809523809523808,1.7142857142857142,1.380952380952381,1.0476190476190477,0.3333333333333333,1.3846153846153846,1.2307692307692308,1.375,0.75,2.0,1.3,0.8,1578.593,2.0,0.3726708074534162,0.4927536231884058,0.10000000000000009,66.62699999999995,1.0,0.0,1.0,0.0,0.0,0.0,1.0,CONMEBOL/Copa America,group-stage-2015,409847,2015-06-16T23:30:00+00:00,2015-06-16,Argentina,Uruguay,1,0,H,0.0,0.0,0.0,0.0,espn
27.0,0.7037037037037037,0.18518518518518517,0.1111111111111111,2.2962962962962963,2.0,1.0,1.0,1.8095238095238095,1.0,2.6666666666666665,1.0,2.0,1.7,1.7,1659.005,10.0,0.6,0.1,0.3,1.9,1.5,0.7,0.8,1.4285714285714286,0.5714285714285714,1.6666666666666667,1.0,1.9,1.5,0.7,1560.984,17.0,0.39629629629629637,0.19999999999999996,0.10000000000000009,98.02100000000019,1.0,1.0,0.0,1.0,0.0,0.0,1.0,CONMEBOL/Copa America,group-stage-2015,409846,2015-06-18T00:00:00+00:00,2015-06-18,Brazil,Colombia,0,1,A,0.0,0.0,0.0,0.0,espn
7.0,0.42857142857142855,0.14285714285714285,0.42857142857142855,1.4285714285714286,1.2857142857142858,1.0,0.2857142857142857,1.6666666666666667,1.0,1.0,1.0,1.0,1.2857142857142858,1.0,1515.954,7.0,0.42857142857142855,0.42857142857142855,0.14285714285714285,1.7142857142857142,1.1428571428571428,1.1428571428571428,0.0,1.0,0.0,1.1666666666666667,1.3333333333333333,1.2,1.1428571428571428,1.1428571428571428,1532.292,0.0,-0.2857142857142856,0.2857142857142857,-0.19999999999999996,-16.337999999999965,1.0,1.0,0.0,3.0,0.0,0.0,1.0,CONMEBOL/Copa America,group-stage-2015,409845,2015-06-18T23:30:00+00:00,2015-06-18,Peru,Venezuela,1,0,H,0.0,0.0,0.0,0.0,espn
30.0,0.4666666666666667,0.2,0.3333333333333333,1.6,1.6,1.0,0.6,1.4615384615384615,0.6923076923076923,1.7058823529411764,1.2352941176470589,1.8,1.5,0.9,1565.949,15.0,0.26666666666666666,0.13333333333333333,0.6,0.9333333333333333,0.9333333333333333,1.4,-0.4666666666666667,1.2,1.2,0.8,1.5,0.5,0.7,1.7,1442.112,15.0,0.6666666666666667,1.0666666666666667,1.3,123.83699999999999,1.0,1.0,0.0,1.0,0.0,0.0,1.0,CONMEBOL/Copa America,group-stage-2015,409844,2015-06-19T21:00:00+00:00,2015-06-19,Mexico,Ecuador,1,2,A,0.0,0.0,0.0,0.0,espn
14.0,0.5,0.14285714285714285,0.35714285714285715,1.6428571428571428,1.3571428571428572,1.1428571428571428,0.21428571428571427,1.75,1.125,0.8333333333333334,1.1666666666666667,1.7,1.6,1.1,1555.21,5.0,0.2,0.4,0.4,1.0,0.8,1.4,-0.6,0.0,2.0,1.0,1.25,0.5,0.8,1.4,1487.704,9.0,0.6428571428571428,0.8142857142857143,1.2,67.50600000000009,0.0,0.0,0.0,0.0,0.0,0.0,1.0,CONMEBOL/Copa America,group-stage-2015,409843,2015-06-19T23:30:00+00:00,2015-06-19,Chile,Bolivia,5,0,H,0.0,0.0,0.0,0.0,espn
22.0,0.45454545454545453,0.2727272727272727,0.2727272727272727,1.6363636363636365,1.3181818181818181,1.0454545454545454,0.2727272727272727,1.3846153846153846,1.2307692307692308,1.2222222222222223,0.7777777777777778,1.9,1.2,0.8,1566.61,18.0,0.2222222222222222,0.5,0.2777777777777778,1.1666666666666667,1.0,0.9444444444444444,0.05555555555555555,0.8888888888888888,0.6666666666666666,1.1111111111111112,1.2222222222222223,0.9,0.8,1.1,1515.414,4.0,0.4696969696969697,0.21717171717171715,0.9999999999999999,51.19599999999991,1.0,1.0,0.0,3.0,0.0,0.0,1.0,CONMEBOL/Copa America,group-stage-2015,409842,2015-06-20T19:00:00+00:00,2015-06-20,Uruguay,Paraguay,1,1,D,0.0,0.0,0.0,0.0,espn
24.0,0.625,0.25,0.125,2.125,1.5833333333333333,0.75,0.8333333333333334,1.8235294117647058,0.7647058823529411,1.0,0.7142857142857143,2.3,1.4,0.7,1657.203,6.0,0.5,0.0,0.5,1.5,1.1666666666666667,0.6666666666666666,0.5,2.0,0.6666666666666666,0.3333333333333333,0.6666666666666666,0.9,1.1666666666666667,0.6666666666666666,1500.682,18.0,0.625,0.33333333333333337,1.4,156.52099999999996,0.0,0.0,0.0,0.0,0.0,0.0,1.0,CONMEBOL/Copa America,group-stage-2015,409841,2015-06-20T21:30:00+00:00,2015-06-20,Argentina,Jamaica,1,0,H,0.0,0.0,0.0,0.0,espn
11.0,0.6363636363636364,0.09090909090909091,0.2727272727272727,2.0,1.4545454545454546,0.6363636363636364,0.8181818181818182,1.4285714285714286,0.5714285714285714,1.5,0.75,1.9,1.5,0.7,1579.832,8.0,0.5,0.125,0.375,1.625,1.25,0.875,0.375,1.5,0.75,1.0,1.0,1.3,1.25,0.875,1531.433,3.0,0.375,0.44318181818181823,0.5999999999999999,48.399000000000115,1.0,0.0,0.0,-2.0,0.0,0.0,1.0,CONMEBOL/Copa America,group-stage-2015,409840,2015-06-21T19:00:00+00:00,2015-06-21,Colombia,Peru,0,0,D,0.0,0.0,0.0,0.0,espn
28.0,0.6785714285714286,0.17857142857142858,0.14285714285714285,2.2142857142857144,1.9285714285714286,1.0,0.9285714285714286,1.7272727272727273,1.0,2.6666666666666665,1.0,1.7,1.3,1.6,1640.157,8.0,0.375,0.375,0.25,1.5,1.0,1.125,-0.125,1.0,0.0,1.0,1.2857142857142858,1.2,1.0,1.125,1516.813,20.0,0.7142857142857144,1.0535714285714286,0.5,123.34399999999982,1.0,0.0,1.0,0.0,0.0,0.0,1.0,CONMEBOL/Copa America,group-stage-2015,409839,2015-06-21T21:30:00+00:00,2015-06-21,Brazil,Venezuela,2,1,H,0.0,0.0,0.0,0.0,espn
15.0,0.5333333333333333,0.13333333333333333,0.3333333333333333,1.7333333333333334,1.6,1.0666666666666667,0.5333333333333333,2.111111111111111,1.0,0.8333333333333334,1.1666666666666667,1.7,1.9,1.0,1570.997,23.0,0.43478260869565216,0.30434782608695654,0.2608695652173913,1.608695652173913,1.3043478260869565,1.0434782608695652,0.2608695652173913,1.3571428571428572,1.2142857142857142,1.2222222222222223,0.7777777777777778,1.7,1.2,0.9,1564.447,-8.0,0.12463768115942031,0.27246376811594203,0.0,6.550000000000182,1.0,0.0,1.0,0.0,0.0,1.0,1.0,CONMEBOL/Copa America,quarter-finals,424364,2015-06-24T23:30:00+00:00,2015-06-24,Chile,Uruguay,1,0,H,15.0,0.0,7.0,0.0,espn
6.0,0.16666666666666666,0.3333333333333333,0.5,0.8333333333333334,0.6666666666666666,2.0,-1.3333333333333333,0.0,2.0,0.8,2.0,0.5,0.6666666666666666,2.0,1471.917,9.0,0.4444444444444444,0.2222222222222222,0.3333333333333333,1.5555555555555556,1.1111111111111112,0.7777777777777778,0.3333333333333333,1.5,0.75,0.8,0.8,1.4,1.1111111111111112,0.7777777777777778,1533.479,-3.0,-0.7222222222222222,-1.6666666666666665,-0.8999999999999999,-61.562000000000126,0.0,0.0,0.0,0.0,0.0,1.0,1.0,CONMEBOL/Copa America,quarter-finals,424363,2015-06-25T23:30:00+00:00,2015-06-25,Bolivia,Peru,1,3,A,0.0,0.0,0.0,0.0,espn
25.0,0.64,0.24,0.12,2.16,1.56,0.72,0.84,1.7777777777777777,0.7222222222222222,1.0,0.7142857142857143,2.3,1.2,0.7,1665.744,12.0,0.5833333333333334,0.16666666666666666,0.25,1.9166666666666667,1.3333333333333333,0.5833333333333334,0.75,1.25,0.5,1.5,0.75,1.9,1.5,0.7,1577.786,13.0,0.2433333333333334,0.08999999999999997,0.3999999999999999,87.95799999999986,1.0,0.0,1.0,0.0,0.0,1.0,1.0,CONMEBOL/Copa America,quarter-finals,424362,2015-06-26T23:30:00+00:00,2015-06-26,Argentina,Colombia,0,0,H,0.0,0.0,0.0,0.0,espn
29.0,0.6896551724137931,0.1724137931034483,0.13793103448275862,2.2413793103448274,1.9310344827586208,1.0,0.9310344827586207,1.7391304347826086,1.0,2.6666666666666665,1.0,1.9,1.5,1.7,1649.902,19.0,0.21052631578947367,0.5263157894736842,0.2631578947368421,1.1578947368421053,1.0,0.9473684210526315,0.05263157894736842,0.8888888888888888,0.6666666666666666,1.1,1.2,1.0,0.9,1.2,1517.577,10.0,1.083484573502722,0.8784029038112522,0.8999999999999999,132.32500000000005,2.0,0.0,1.0,0.0,0.0,1.0,1.0,CONMEBOL/Copa America,quarter-finals,424361,2015-06-27T21:30:00+00:00,2015-06-27,Brazil,Paraguay,1,1,A,0.0,0.0,0.0,0.0,espn
16.0,0.5625,0.125,0.3125,1.8125,1.5625,1.0,0.5625,2.0,0.9,0.8333333333333334,1.1666666666666667,1.9,1.9,0.9,1585.502,10.0,0.5,0.2,0.3,1.7,1.3,0.8,0.5,1.5,0.75,1.1666666666666667,0.8333333333333334,1.7,1.3,0.8,1546.977,6.0,0.11250000000000004,0.0625,0.19999999999999996,38.524999999999864,1.0,1.0,0.0,1.0,0.0,1.0,1.0,CONMEBOL/Copa America,semi-finals,424360,2015-06-29T23:30:00+00:00,2015-06-29,Chile,Peru,2,1,H,16.0,0.0,5.0,0.0,espn
26.0,0.6538461538461539,0.23076923076923078,0.11538461538461539,2.1923076923076925,1.5,0.6923076923076923,0.8076923076923077,1.6842105263157894,0.6842105263157895,1.0,0.7142857142857143,2.5,1.1,0.6,1676.863,20.0,0.25,0.5,0.25,1.25,1.0,0.95,0.05,0.8888888888888888,0.6666666666666666,1.0909090909090908,1.1818181818181819,1.3,1.0,1.2,1537.734,6.0,0.9423076923076925,0.7576923076923077,1.2,139.12900000000013,1.0,0.0,1.0,0.0,0.0,1.0,1.0,CONMEBOL/Copa America,semi-finals,424359,2015-06-30T23:30:00+00:00,2015-06-30,Argentina,Paraguay,6,1,H,0.0,0.0,0.0,0.0,espn
11.0,0.45454545454545453,0.18181818181818182,0.36363636363636365,1.5454545454545454,1.2727272727272727,0.9090909090909091,0.36363636363636365,1.5,0.75,1.1428571428571428,1.0,1.6,1.3,0.9,1533.826,21.0,0.23809523809523808,0.47619047619047616,0.2857142857142857,1.1904761904761905,1.0,1.1904761904761905,-0.19047619047619047,0.8888888888888888,0.6666666666666666,1.0833333333333333,1.5833333333333333,1.2,1.1,1.8,1525.628,-10.0,0.35497835497835495,0.5541125541125541,0.40000000000000013,8.198000000000093,0.0,0.0,0.0,0.0,0.0,1.0,1.0,CONMEBOL/Copa America,third-place,424358,2015-07-03T23:30:00+00:00,2015-07-03,Peru,Paraguay,2,0,H,0.0,0.0,0.0,0.0,espn
17.0,0.5882352941176471,0.11764705882352941,0.29411764705882354,1.8823529411764706,1.588235294117647,1.0,0.5882352941176471,2.0,0.9090909090909091,0.8333333333333334,1.1666666666666667,1.9,2.0,1.0,1598.653,27.0,0.6666666666666666,0.2222222222222222,0.1111111111111111,2.2222222222222223,1.6666666666666667,0.7037037037037037,0.9629629629629629,1.9,0.7,1.0,0.7142857142857143,2.5,1.5,0.6,1688.969,-10.0,-0.33986928104575176,-0.37472766884531583,-0.6000000000000001,-90.31600000000003,0.0,0.0,0.0,0.0,0.0,1.0,1.0,CONMEBOL/Copa America,final,424357,2015-07-04T20:00:00+00:00,2015-07-04,Chile,Argentina,0,0,H,18.0,0.0,4.0,0.0,espn
11.0,0.5454545454545454,0.2727272727272727,0.18181818181818182,1.9090909090909092,1.6363636363636365,0.9090909090909091,0.7272727272727273,2.1666666666666665,0.8333333333333334,1.0,1.0,1.8,1.5,0.8,1552.56,3.0,0.3333333333333333,0.0,0.6666666666666666,1.0,0.6666666666666666,1.0,-0.3333333333333333,0.0,2.0,1.0,0.5,0.3,0.6666666666666666,1.0,1481.948,8.0,0.9090909090909092,1.0606060606060606,1.5,70.61199999999985,0.0,0.0,0.0,0.0,0.0,0.0,1.0,CONCACAF/Gold Cup,group-stage-2015,418229,2015-07-07T23:00:00+00:00,2015-07-07,Panama,Haiti,1,1,D,15.0,11.0,5.0,2.0,espn
27.0,0.5185185185185185,0.18518518518518517,0.2962962962962963,1.7407407407407407,1.7407407407407407,1.1481481481481481,0.5925925925925926,1.8,1.2666666666666666,1.6666666666666667,1.0,2.2,2.5,1.0,1580.936,16.0,0.25,0.1875,0.5625,0.9375,0.875,1.3125,-0.4375,0.3333333333333333,1.2222222222222223,1.5714285714285714,1.4285714285714286,1.0,0.7,1.6,1420.192,11.0,0.8032407407407407,1.0300925925925926,1.2000000000000002,160.74399999999991,1.0,1.0,0.0,2.0,0.0,0.0,1.0,CONCACAF/Gold Cup,group-stage-2015,418228,2015-07-08T01:30:00+00:00,2015-07-08,United States,Honduras,2,1,H,6.0,16.0,5.0,3.0,espn
21.0,0.3333333333333333,0.19047619047619047,0.47619047619047616,1.1904761904761905,1.2380952380952381,1.3333333333333333,-0.09523809523809523,1.6666666666666667,1.1111111111111112,0.9166666666666666,1.5,1.6,1.0,0.6,1491.218,7.0,0.42857142857142855,0.0,0.5714285714285714,1.2857142857142858,1.0,0.7142857142857143,0.2857142857142857,2.0,0.6666666666666666,0.25,0.75,0.9,1.0,0.7142857142857143,1492.141,14.0,-0.09523809523809534,-0.38095238095238093,0.7000000000000001,-0.9230000000000018,0.0,0.0,0.0,0.0,0.0,0.0,1.0,CONCACAF/Gold Cup,group-stage-2015,418227,2015-07-09T00:00:00+00:00,2015-07-09,Costa Rica,Jamaica,2,2,D,13.0,13.0,6.0,4.0,espn
8.0,0.25,0.375,0.375,1.125,1.5,2.0,-0.5,3.0,1.0,0.6,2.6,0.9,1.5,2.0,1480.634,6.0,0.16666666666666666,0.3333333333333333,0.5,0.8333333333333334,0.3333333333333333,1.0,-0.6666666666666666,0.6666666666666666,0.6666666666666666,0.0,1.3333333333333333,0.5,0.3333333333333333,1.0,1472.051,2.0,0.29166666666666663,0.16666666666666663,0.4,8.583000000000084,0.0,0.0,0.0,0.0,0.0,0.0,1.0,CONCACAF/Gold Cup,group-stage-2015,418226,2015-07-09T02:30:00+00:00,2015-07-09,El Salvador,Canada,0,0,D,14.0,11.0,6.0,4.0,espn
7.0,0.14285714285714285,0.2857142857142857,0.5714285714285714,0.7142857142857143,0.5714285714285714,1.2857142857142858,-0.7142857142857143,0.0,1.0,0.8,1.4,0.5,0.5714285714285714,1.2857142857142858,1454.852,4.0,0.25,0.25,0.5,1.0,1.25,1.0,0.25,4.0,0.0,0.3333333333333333,1.3333333333333333,0.4,1.25,1.0,1487.841,3.0,-0.2857142857142857,-0.9642857142857143,0.09999999999999998,-32.988999999999805,0.0,0.0,0.0,0.0,0.0,0.0,1.0,CONCACAF/Gold Cup,group-stage-2015,418225,2015-07-09T23:00:00+00:00,2015-07-09,Trinidad and Tobago,Guatemala,3,1,H,12.0,13.0,4.0,4.0,espn
31.0,0.45161290322580644,0.1935483870967742,0.3548387096774194,1.5483870967741935,1.5806451612903225,1.032258064516129,0.5483870967741935,1.4285714285714286,0.7857142857142857,1.7058823529411764,1.2352941176470589,1.8,1.5,0.9,1546.108,7.0,0.14285714285714285,0.0,0.8571428571428571,0.42857142857142855,1.0,4.142857142857143,-3.142857142857143,2.0,2.5,0.6,4.8,0.3,1.0,4.142857142857143,1419.016,24.0,1.119815668202765,3.6912442396313363,1.5,127.09199999999987,1.0,1.0,0.0,5.0,0.0,0.0,1.0,CONCACAF/Gold Cup,group-stage-2015,418224,2015-07-10T01:30:00+00:00,2015-07-10,Mexico,Cuba,6,0,H,44.0,3.0,18.0,1.0,espn
17.0,0.23529411764705882,0.17647058823529413,0.5882352941176471,0.8823529411764706,0.8823529411764706,1.3529411764705883,-0.47058823529411764,0.3333333333333333,1.2222222222222223,1.5,1.5,0.9,0.7,1.7,1411.798,12.0,0.5,0.3333333333333333,0.16666666666666666,1.8333333333333333,1.5833333333333333,0.9166666666666666,0.6666666666666666,2.0,0.8571428571428571,1.0,1.0,1.6,1.4,0.8,1549.596,5.0,-0.9509803921568627,-1.1372549019607843,-0.7000000000000001,-137.798,0.0,0.0,0.0,0.0,0.0,0.0,1.0,CONCACAF/Gold Cup,group-stage-2015,418223,2015-07-10T22:00:00+00:00,2015-07-10,Honduras,Panama,1,1,D,21.0,9.0,8.0,3.0,espn
28.0,0.5357142857142857,0.17857142857142858,0.2857142857142857,1.7857142857142858,1.75,1.1428571428571428,0.6071428571428571,1.8125,1.25,1.6666666666666667,1.0,2.2,2.1,1.0,1589.33,4.0,0.25,0.25,0.5,1.0,0.75,1.0,-0.25,0.0,2.0,1.0,0.6666666666666666,0.4,0.75,1.0,1484.912,24.0,0.7857142857142858,0.8571428571428571,1.8000000000000003,104.41799999999989,0.0,0.0,0.0,0.0,0.0,0.0,1.0,CONCACAF/Gold Cup,group-stage-2015,418222,2015-07-11T00:30:00+00:00,2015-07-11,United States,Haiti,1,0,H,6.0,21.0,2.0,4.0,espn
8.0,0.375,0.125,0.5,1.25,1.125,0.875,0.25,2.0,0.6666666666666666,0.6,1.0,1.0,1.125,0.875,1492.102,7.0,0.14285714285714285,0.42857142857142855,0.42857142857142855,0.8571428571428571,0.2857142857142857,0.8571428571428571,-0.5714285714285714,0.6666666666666666,0.6666666666666666,0.0,1.0,0.6,0.2857142857142857,0.8571428571428571,1472.416,1.0,0.3928571428571429,0.8214285714285714,0.4,19.68600000000015,0.0,0.0,0.0,0.0,0.0,0.0,1.0,CONCACAF/Gold Cup,group-stage-2015,418221,2015-07-11T22:30:00+00:00,2015-07-11,Jamaica,Canada,1,0,H,21.0,7.0,6.0,2.0,espn
22.0,0.3181818181818182,0.22727272727272727,0.45454545454545453,1.1818181818181819,1.2727272727272727,1.3636363636363635,-0.09090909090909091,1.7,1.2,0.9166666666666666,1.5,1.4,1.0,0.8,1491.257,9.0,0.2222222222222222,0.4444444444444444,0.3333333333333333,1.1111111111111112,1.3333333333333333,1.7777777777777777,-0.4444444444444444,2.25,0.75,0.6,2.6,1.0,1.3333333333333333,1.7777777777777777,1480.269,13.0,0.07070707070707072,0.3535353535353535,0.3999999999999999,10.988000000000056,1.0,0.0,1.0,0.0,0.0,0.0,1.0,CONCACAF/Gold Cup,group-stage-2015,418220,2015-07-12T01:00:00+00:00,2015-07-12,Costa Rica,El Salvador,1,1,D,9.0,10.0,2.0,6.0,espn
8.0,0.25,0.25,0.5,1.0,0.875,1.25,-0.375,1.0,1.0,0.8,1.4,0.8,0.875,1.25,1472.769,8.0,0.125,0.0,0.875,0.375,0.875,4.375,-3.5,2.0,2.5,0.5,5.0,0.3,0.875,4.375,1406.324,0.0,0.625,3.125,0.5,66.44499999999994,0.0,0.0,0.0,0.0,0.0,0.0,1.0,CONCACAF/Gold Cup,group-stage-2015,418219,2015-07-12T22:30:00+00:00,2015-07-12,Trinidad and Tobago,Cuba,2,0,H,11.0,9.0,6.0,3.0,espn
5.0,0.2,0.2,0.6,0.8,1.2,1.4,-0.2,4.0,0.0,0.5,1.75,0.4,1.2,1.4,1469.924,32.0,0.46875,0.1875,0.34375,1.59375,1.71875,1.0,0.71875,1.7333333333333334,0.7333333333333333,1.7058823529411764,1.2352941176470589,1.8,1.9,0.9,1558.8,-27.0,-0.79375,-0.91875,-1.4,-88.87599999999998,1.0,0.0,0.0,-1.0,0.0,0.0,1.0,CONCACAF/Gold Cup,group-stage-2015,418218,2015-07-13T01:00:00+00:00,2015-07-13,Guatemala,Mexico,0,0,D,3.0,19.0,0.0,4.0,espn
5.0,0.2,0.2,0.6,0.8,0.6,1.0,-0.4,0.0,2.0,0.75,0.75,0.4,0.6,1.0,1474.442,18.0,0.2222222222222222,0.2222222222222222,0.5555555555555556,0.8888888888888888,0.8888888888888888,1.3333333333333333,-0.4444444444444444,0.4,1.2,1.5,1.5,1.0,0.8,1.6,1417.372,-13.0,-0.0888888888888888,0.0444444444444444,-0.6,57.069999999999936,1.0,0.0,0.0,-2.0,0.0,0.0,1.0,CONCACAF/Gold Cup,group-stage-2015,418217,2015-07-13T23:00:00+00:00,2015-07-13,Haiti,Honduras,1,0,H,8.0,8.0,2.0,2.0,espn
13.0,0.46153846153846156,0.38461538461538464,0.15384615384615385,1.7692307692307692,1.5384615384615385,0.9230769230769231,0.6153846153846154,2.0,0.8571428571428571,1.0,1.0,1.6,1.4,0.8,1544.022,29.0,0.5517241379310345,0.1724137931034483,0.27586206896551724,1.8275862068965518,1.7241379310344827,1.103448275862069,0.6206896551724138,1.7647058823529411,1.1764705882352942,1.6666666666666667,1.0,2.2,1.8,0.9,1599.8,-16.0,-0.05835543766578266,-0.0053050397877983935,-0.6000000000000001,-55.77800000000002,3.0,0.3333333333333333,0.0,-0.3333333333333333,0.0,0.0,1.0,CONCACAF/Gold Cup,group-stage-2015,418216,2015-07-14T01:30:00+00:00,2015-07-14,Panama,United States,1,1,D,13.0,8.0,7.0,3.0,espn
9.0,0.4444444444444444,0.1111111111111111,0.4444444444444444,1.4444444444444444,1.1111111111111112,0.7777777777777778,0.3333333333333333,1.75,0.5,0.6,1.0,1.3,1.1111111111111112,0.7777777777777778,1506.049,10.0,0.2,0.5,0.3,1.1,1.3,1.7,-0.4,2.25,0.75,0.6666666666666666,2.3333333333333335,1.1,1.3,1.7,1480.736,-1.0,0.34444444444444433,0.7333333333333334,0.19999999999999996,25.312999999999874,0.0,0.0,0.0,0.0,0.0,0.0,1.0,CONCACAF/Gold Cup,group-stage-2015,418215,2015-07-14T22:00:00+00:00,2015-07-14,Jamaica,El Salvador,1,0,H,8.0,14.0,4.0,7.0,espn
8.0,0.125,0.375,0.5,0.75,0.25,0.875,-0.625,0.6666666666666666,0.6666666666666666,0.0,1.0,0.6,0.25,0.875,1458.469,23.0,0.30434782608695654,0.2608695652173913,0.43478260869565216,1.173913043478261,1.2608695652173914,1.3478260869565217,-0.08695652173913043,1.6363636363636365,1.1818181818181819,0.9166666666666666,1.5,1.5,1.1,0.6,1490.79,-15.0,-0.423913043478261,-0.5380434782608696,-0.9,-32.32099999999991,0.0,0.0,0.0,0.0,0.0,0.0,1.0,CONCACAF/Gold Cup,group-stage-2015,418214,2015-07-15T00:30:00+00:00,2015-07-15,Canada,Costa Rica,0,0,D,11.0,18.0,3.0,5.0,espn
9.0,0.1111111111111111,0.0,0.8888888888888888,0.3333333333333333,0.7777777777777778,4.111111111111111,-3.3333333333333335,2.0,2.5,0.42857142857142855,4.571428571428571,0.3,0.7777777777777778,4.111111111111111,1393.049,6.0,0.16666666666666666,0.3333333333333333,0.5,0.8333333333333334,1.0,1.1666666666666667,-0.16666666666666666,2.0,0.0,0.5,1.75,0.5,1.0,1.1666666666666667,1473.625,3.0,-0.5,-3.166666666666667,-0.2,-80.57600000000002,0.0,0.0,0.0,0.0,0.0,0.0,1.0,CONCACAF/Gold Cup,group-stage-2015,418213,2015-07-15T22:00:00+00:00,2015-07-15,Cuba,Guatemala,1,0,H,15.0,16.0,7.0,5.0,espn
33.0,0.45454545454545453,0.21212121212121213,0.3333333333333333,1.5757575757575757,1.6666666666666667,0.9696969696969697,0.696969696969697,1.7333333333333334,0.7333333333333333,1.6111111111111112,1.1666666666666667,1.6,1.6,0.8,1555.099,9.0,0.3333333333333333,0.2222222222222222,0.4444444444444444,1.2222222222222223,1.0,1.1111111111111112,-0.1111111111111111,1.25,0.75,0.8,1.4,1.1,1.0,1.1111111111111112,1486.044,24.0,0.35353535353535337,0.8080808080808082,0.5,69.05499999999984,1.0,1.0,0.0,1.0,0.0,0.0,1.0,CONCACAF/Gold Cup,group-stage-2015,418212,2015-07-16T00:30:00+00:00,2015-07-16,Mexico,Trinidad and Tobago,4,4,D,22.0,9.0,6.0,5.0,espn
30.0,0.5333333333333333,0.2,0.26666666666666666,1.8,1.7,1.1,0.6,1.7647058823529411,1.1764705882352942,1.6153846153846154,1.0,2.0,1.8,1.0,1597.447,10.0,0.2,0.0,0.8,0.6,0.8,3.7,-2.9,1.6666666666666667,1.6666666666666667,0.42857142857142855,4.571428571428571,0.6,0.8,3.7,1411.201,20.0,1.2000000000000002,3.5,1.4,186.24599999999987,1.0,1.0,0.0,3.0,0.0,1.0,1.0,CONCACAF/Gold Cup,quarter-finals,430272,2015-07-18T21:00:00+00:00,2015-07-18,United States,Cuba,6,0,H,17.0,8.0,8.0,1.0,espn
6.0,0.3333333333333333,0.16666666666666666,0.5,1.1666666666666667,0.6666666666666666,0.8333333333333334,-0.16666666666666666,0.5,1.0,0.75,0.75,0.7,0.6666666666666666,0.8333333333333334,1486.819,10.0,0.5,0.1,0.4,1.6,1.1,0.7,0.4,1.6,0.4,0.6,1.0,1.6,1.1,0.7,1519.758,-4.0,-0.43333333333333335,-0.5666666666666667,-0.9000000000000001,-32.93900000000008,0.0,0.0,0.0,0.0,0.0,1.0,1.0,CONCACAF/Gold Cup,quarter-finals,430271,2015-07-19T00:00:00+00:00,2015-07-19,Haiti,Jamaica,0,1,A,28.0,12.0,4.0,6.0,espn
10.0,0.3,0.3,0.4,1.2,1.3,1.4,-0.1,1.25,0.75,1.3333333333333333,1.8333333333333333,1.2,1.3,1.4,1488.944,14.0,0.42857142857142855,0.42857142857142855,0.14285714285714285,1.7142857142857142,1.5,0.9285714285714286,0.5714285714285714,1.875,0.875,1.0,1.0,1.6,1.4,0.8,1546.375,-4.0,-0.5142857142857142,-0.6714285714285714,-0.40000000000000013,-57.43100000000004,0.0,0.0,0.0,0.0,0.0,1.0,1.0,CONCACAF/Gold Cup,quarter-finals,430270,2015-07-19T20:30:00+00:00,2015-07-19,Trinidad and Tobago,Panama,1,1,D,11.0,20.0,1.0,5.0,espn
34.0,0.4411764705882353,0.23529411764705882,0.3235294117647059,1.5588235294117647,1.7352941176470589,1.0588235294117647,0.6764705882352942,1.875,0.9375,1.6111111111111112,1.1666666666666667,1.4,1.9,1.2,1552.199,24.0,0.2916666666666667,0.2916666666666667,0.4166666666666667,1.1666666666666667,1.2083333333333333,1.2916666666666667,-0.08333333333333333,1.6363636363636365,1.1818181818181819,0.8461538461538461,1.3846153846153846,1.3,0.8,0.6,1489.419,10.0,0.392156862745098,0.7598039215686275,0.09999999999999987,62.77999999999997,1.0,1.0,0.0,3.0,0.0,1.0,1.0,CONCACAF/Gold Cup,quarter-finals,430269,2015-07-19T23:30:00+00:00,2015-07-19,Mexico,Costa Rica,1,0,H,16.0,6.0,7.0,2.0,espn
31.0,0.5483870967741935,0.1935483870967742,0.25806451612903225,1.8387096774193548,1.8387096774193548,1.064516129032258,0.7741935483870968,2.0,1.1111111111111112,1.6153846153846154,1.0,2.0,1.9,0.9,1607.41,11.0,0.5454545454545454,0.09090909090909091,0.36363636363636365,1.7272727272727273,1.0909090909090908,0.6363636363636364,0.45454545454545453,1.6,0.4,0.6666666666666666,0.8333333333333334,1.6,0.8,0.7,1533.145,20.0,0.11143695014662747,0.3196480938416422,0.3999999999999999,74.2650000000001,1.0,1.0,0.0,2.0,0.0,1.0,1.0,CONCACAF/Gold Cup,semi-finals,430268,2015-07-22T22:00:00+00:00,2015-07-22,United States,Jamaica,1,2,A,20.0,10.0,10.0,3.0,espn
15.0,0.4,0.4666666666666667,0.13333333333333333,1.6666666666666667,1.4666666666666666,0.9333333333333333,0.5333333333333333,1.875,0.875,1.0,1.0,1.7,1.5,0.8,1543.953,35.0,0.45714285714285713,0.22857142857142856,0.3142857142857143,1.6,1.7142857142857142,1.0285714285714285,0.6857142857142857,1.8235294117647058,0.8823529411764706,1.6111111111111112,1.1666666666666667,1.7,1.9,1.0,1564.34,-20.0,0.06666666666666665,-0.1523809523809524,0.0,-20.386999999999944,2.0,1.0,0.0,1.0,0.0,1.0,1.0,CONCACAF/Gold Cup,semi-finals,430267,2015-07-23T01:00:00+00:00,2015-07-23,Panama,Mexico,1,2,A,11.0,12.0,4.0,5.0,espn
32.0,0.53125,0.1875,0.28125,1.78125,1.8125,1.09375,0.71875,1.9473684210526316,1.1578947368421053,1.6153846153846154,1.0,1.7,1.7,1.0,1589.513,16.0,0.375,0.4375,0.1875,1.5625,1.4375,1.0,0.4375,1.7777777777777777,1.0,1.0,1.0,1.4,1.4,0.9,1530.036,16.0,0.21875,0.28125,0.30000000000000004,59.47699999999986,4.0,0.5,0.25,0.25,0.0,1.0,1.0,CONCACAF/Gold Cup,third-place-game,430266,2015-07-25T20:00:00+00:00,2015-07-25,United States,Panama,1,1,D,5.0,25.0,2.0,12.0,espn
12.0,0.5833333333333334,0.08333333333333333,0.3333333333333333,1.8333333333333333,1.1666666666666667,0.6666666666666666,0.5,1.6,0.4,0.8571428571428571,0.8571428571428571,1.6,0.8,0.8,1551.042,36.0,0.4722222222222222,0.2222222222222222,0.3055555555555556,1.6388888888888888,1.7222222222222223,1.0277777777777777,0.6944444444444444,1.8235294117647058,0.8823529411764706,1.631578947368421,1.1578947368421053,1.7,2.0,1.1,1578.257,-24.0,0.19444444444444442,-0.19444444444444442,-0.09999999999999987,-27.215000000000146,0.0,0.0,0.0,0.0,0.0,1.0,1.0,CONCACAF/Gold Cup,final,430265,2015-07-26T23:30:00+00:00,2015-07-26,Jamaica,Mexico,1,3,A,8.0,16.0,2.0,8.0,espn
33.0,0.5151515151515151,0.21212121212121213,0.2727272727272727,1.7575757575757576,1.7878787878787878,1.0909090909090908,0.696969696969697,1.9,1.15,1.6153846153846154,1.0,1.5,1.7,1.1,1587.007,13.0,0.5384615384615384,0.15384615384615385,0.3076923076923077,1.7692307692307692,1.2307692307692308,0.5384615384615384,0.6923076923076923,1.25,0.5,1.2,0.6,1.6,1.3,0.7,1566.667,20.0,-0.011655011655011593,0.004662004662004726,-0.10000000000000009,20.340000000000146,0.0,0.0,0.0,0.0,0.0,0.0,1.0,CONMEBOL/Copa America,group-stage,444727,2016-06-04T01:30:00+00:00,2016-06-04,United States,Colombia,0,2,A,0.0,0.0,0.0,0.0,espn
25.0,0.28,0.28,0.44,1.12,1.16,1.28,-0.12,1.6363636363636365,1.1818181818181819,0.7857142857142857,1.3571428571428572,1.0,0.7,0.7,1477.278,22.0,0.22727272727272727,0.45454545454545453,0.3181818181818182,1.1363636363636365,0.9545454545454546,1.2272727272727273,-0.2727272727272727,0.8888888888888888,0.6666666666666666,1.0,1.6153846153846154,1.1,0.9,1.8,1509.646,3.0,-0.016363636363636358,0.1527272727272727,-0.10000000000000009,-32.36799999999994,0.0,0.0,0.0,0.0,0.0,0.0,1.0,CONMEBOL/Copa America,group-stage,444725,2016-06-04T21:00:00+00:00,2016-06-04,Costa Rica,Paraguay,0,0,D,0.0,0.0,0.0,0.0,espn
7.0,0.2857142857142857,0.14285714285714285,0.5714285714285714,1.0,0.5714285714285714,0.8571428571428571,-0.2857142857142857,0.3333333333333333,1.0,0.75,0.75,0.7,0.5714285714285714,0.8571428571428571,1473.432,12.0,0.5,0.16666666666666666,0.3333333333333333,1.6666666666666667,1.3333333333333333,0.8333333333333334,0.5,1.6,0.6,1.1428571428571428,1.0,1.6,1.4,0.9,1549.808,-5.0,-0.6666666666666667,-0.7857142857142857,-0.9000000000000001,-76.37599999999998,0.0,0.0,0.0,0.0,0.0,0.0,1.0,CONMEBOL/Copa America,group-stage,444726,2016-06-04T23:30:00+00:00,2016-06-04,Haiti,Peru,0,1,A,0.0,0.0,0.0,0.0,espn
30.0,0.6666666666666666,0.16666666666666666,0.16666666666666666,2.1666666666666665,1.9,1.0,0.9,1.7083333333333333,1.0,2.6666666666666665,1.0,1.6,1.3,1.7,1629.745,16.0,0.3125,0.125,0.5625,1.0625,1.0,1.375,-0.375,1.2,1.2,0.9090909090909091,1.4545454545454546,0.8,0.9,1.5,1461.953,14.0,1.1041666666666665,1.275,0.8,167.79199999999992,1.0,1.0,0.0,2.0,0.0,0.0,1.0,CONMEBOL/Copa America,group-stage,444724,2016-06-05T02:00:00+00:00,2016-06-05,Brazil,Ecuador,0,0,D,0.0,0.0,0.0,0.0,espn
13.0,0.5384615384615384,0.07692307692307693,0.38461538461538464,1.6923076923076923,1.1538461538461537,0.8461538461538461,0.3076923076923077,1.5,0.8333333333333334,0.8571428571428571,0.8571428571428571,1.3,0.8,1.1,1535.954,9.0,0.3333333333333333,0.3333333333333333,0.3333333333333333,1.3333333333333333,1.0,1.2222222222222223,-0.2222222222222222,1.0,0.0,1.0,1.375,1.2,1.0,1.2222222222222223,1507.068,4.0,0.35897435897435903,0.5299145299145299,0.10000000000000009,28.885999999999967,0.0,0.0,0.0,0.0,0.0,0.0,1.0,CONMEBOL/Copa America,group-stage,444723,2016-06-05T21:00:00+00:00,2016-06-05,Jamaica,Venezuela,0,1,A,0.0,0.0,0.0,0.0,espn
37.0,0.4864864864864865,0.21621621621621623,0.2972972972972973,1.6756756756756757,1.7567567567567568,1.027027027027027,0.7297297297297297,1.8235294117647058,0.8823529411764706,1.7,1.15,1.9,2.3,1.2,1593.345,24.0,0.4166666666666667,0.2916666666666667,0.2916666666666667,1.5416666666666667,1.25,1.0416666666666667,0.20833333333333334,1.3571428571428572,1.2142857142857142,1.1,0.8,1.6,1.1,0.9,1549.942,13.0,0.13400900900900892,0.5213963963963963,0.2999999999999998,43.40300000000002,2.0,0.0,0.0,-1.0,0.0,0.0,1.0,CONMEBOL/Copa America,group-stage,444722,2016-06-06T00:00:00+00:00,2016-06-06,Mexico,Uruguay,3,1,H,19.0,0.0,7.0,0.0,espn
17.0,0.35294117647058826,0.47058823529411764,0.17647058823529413,1.5294117647058822,1.411764705882353,1.0,0.4117647058823529,1.7777777777777777,1.0,1.0,1.0,1.2,1.4,1.0,1532.542,7.0,0.14285714285714285,0.2857142857142857,0.5714285714285714,0.7142857142857143,0.7142857142857143,2.142857142857143,-1.4285714285714286,0.5,2.5,0.8,2.0,0.5,0.7142857142857143,2.142857142857143,1458.419,10.0,0.815126050420168,1.8403361344537816,0.7,74.12299999999982,0.0,0.0,0.0,0.0,0.0,0.0,1.0,CONMEBOL/Copa America,group-stage,444720,2016-06-06T23:00:00+00:00,2016-06-06,Panama,Bolivia,2,1,H,0.0,0.0,0.0,0.0,espn
28.0,0.6428571428571429,0.21428571428571427,0.14285714285714285,2.142857142857143,1.6071428571428572,0.6785714285714286,0.9285714285714286,1.9,0.7,0.875,0.625,2.2,1.2,0.4,1670.426,18.0,0.6111111111111112,0.1111111111111111,0.2777777777777778,1.9444444444444444,1.5,0.9444444444444444,0.5555555555555556,1.8333333333333333,0.8333333333333334,0.8333333333333334,1.1666666666666667,2.2,1.9,0.8,1617.196,10.0,0.19841269841269837,0.373015873015873,0.0,53.23000000000002,1.0,0.0,0.0,0.0,0.0,0.0,1.0,CONMEBOL/Copa America,group-stage,444721,2016-06-07T02:00:00+00:00,2016-06-07,Argentina,Chile,2,1,H,0.0,0.0,0.0,0.0,espn
34.0,0.5,0.20588235294117646,0.29411764705882354,1.7058823529411764,1.7352941176470589,1.1176470588235294,0.6176470588235294,1.8095238095238095,1.1904761904761905,1.6153846153846154,1.0,1.2,1.5,1.2,1569.682,26.0,0.2692307692307692,0.3076923076923077,0.4230769230769231,1.1153846153846154,1.1153846153846154,1.2307692307692308,-0.11538461538461539,1.5,1.0833333333333333,0.7857142857142857,1.3571428571428572,1.1,0.7,0.6,1478.651,8.0,0.590497737556561,0.7330316742081449,0.09999999999999987,91.03099999999995,1.0,1.0,0.0,1.0,0.0,0.0,1.0,CONMEBOL/Copa America,group-stage,444718,2016-06-08T00:00:00+00:00,2016-06-08,United States,Costa Rica,4,0,H,0.0,0.0,0.0,0.0,espn
14.0,0.5714285714285714,0.14285714285714285,0.2857142857142857,1.8571428571428572,1.2857142857142858,0.5,0.7857142857142857,1.25,0.5,1.3333333333333333,0.5,1.9,1.5,0.5,1583.992,23.0,0.21739130434782608,0.4782608695652174,0.30434782608695654,1.1304347826086956,0.9130434782608695,1.173913043478261,-0.2608695652173913,0.8888888888888888,0.6666666666666666,0.9285714285714286,1.5,1.1,0.6,1.5,1508.273,-9.0,0.7267080745341616,1.046583850931677,0.7999999999999998,75.71900000000005,0.0,0.0,0.0,0.0,0.0,0.0,1.0,CONMEBOL/Copa America,group-stage,444719,2016-06-08T02:30:00+00:00,2016-06-08,Colombia,Paraguay,2,1,H,0.0,0.0,0.0,0.0,espn
31.0,0.6451612903225806,0.1935483870967742,0.16129032258064516,2.129032258064516,1.8387096774193548,0.967741935483871,0.8709677419354839,1.64,0.96,2.6666666666666665,1.0,1.6,1.3,1.7,1623.113,8.0,0.25,0.125,0.625,0.875,0.5,0.875,-0.375,0.25,1.0,0.75,0.75,0.7,0.5,0.875,1461.847,23.0,1.254032258064516,1.245967741935484,0.9000000000000001,161.26600000000008,0.0,0.0,0.0,0.0,0.0,0.0,1.0,CONMEBOL/Copa America,group-stage,444716,2016-06-08T23:30:00+00:00,2016-06-08,Brazil,Haiti,7,1,H,0.0,0.0,0.0,0.0,espn
17.0,0.29411764705882354,0.17647058823529413,0.5294117647058824,1.0588235294117647,0.9411764705882353,1.2941176470588236,-0.35294117647058826,1.2,1.2,0.8333333333333334,1.3333333333333333,0.9,0.9,1.4,1468.585,13.0,0.5384615384615384,0.15384615384615385,0.3076923076923077,1.7692307692307692,1.3076923076923077,0.7692307692307693,0.5384615384615384,1.6,0.6,1.125,0.875,1.9,1.5,0.8,1561.393,4.0,-0.7104072398190044,-0.8914027149321266,-0.9999999999999999,-92.80799999999999,0.0,0.0,0.0,0.0,0.0,0.0,1.0,CONMEBOL/Copa America,group-stage,444717,2016-06-09T02:00:00+00:00,2016-06-09,Ecuador,Peru,2,2,D,0.0,0.0,0.0,0.0,espn
25.0,0.4,0.28,0.32,1.48,1.24,1.12,0.12,1.3571428571428572,1.2142857142857142,1.0909090909090908,1.0,1.3,1.0,1.2,1535.608,10.0,0.4,0.3,0.3,1.5,1.0,1.1,-0.1,1.0,0.0,1.0,1.2222222222222223,1.5,1.0,1.1,1523.078,15.0,-0.020000000000000018,0.22,-0.19999999999999996,12.529999999999973,0.0,0.0,0.0,0.0,0.0,0.0,1.0,CONMEBOL/Copa America,group-stage,444715,2016-06-09T23:30:00+00:00,2016-06-09,Uruguay,Venezuela,0,1,A,0.0,0.0,0.0,0.0,espn
38.0,0.5,0.21052631578947367,0.2894736842105263,1.7105263157894737,1.7894736842105263,1.0263157894736843,0.7631578947368421,1.8888888888888888,0.8888888888888888,1.7,1.15,1.9,2.3,1.2,1607.679,14.0,0.5,0.07142857142857142,0.42857142857142855,1.5714285714285714,1.0714285714285714,0.8571428571428571,0.21428571428571427,1.2857142857142858,0.8571428571428571,0.8571428571428571,0.8571428571428571,1.3,0.8,1.0,1519.944,24.0,0.13909774436090228,0.5488721804511278,0.5999999999999999,87.73500000000013,1.0,1.0,0.0,2.0,0.0,0.0,1.0,CONMEBOL/Copa America,group-stage,444714,2016-06-10T02:00:00+00:00,2016-06-10,Mexico,Jamaica,2,0,H,0.0,0.0,0.0,0.0,espn
28.0,0.32142857142857145,0.2857142857142857,0.39285714285714285,1.25,1.0714285714285714,1.0357142857142858,0.03571428571428571,0.7692307692307693,0.9230769230769231,1.3333333333333333,1.1333333333333333,1.4,1.4,1.0,1514.689,3.0,0.0,0.6666666666666666,0.3333333333333333,0.6666666666666666,0.3333333333333333,1.0,-0.6666666666666666,0.0,0.0,0.5,1.5,0.2,0.3333333333333333,1.0,1490.292,25.0,0.5833333333333334,0.7023809523809523,1.2,24.397000000000162,1.0,0.0,1.0,0.0,0.0,0.0,1.0,UEFA/European Championship,group-stage,438204,2016-06-10T19:00:00+00:00,2016-06-10,France,Romania,2,1,H,14.0,10.0,5.0,2.0,espn
19.0,0.5789473684210527,0.10526315789473684,0.3157894736842105,1.8421052631578947,1.4736842105263157,1.0,0.47368421052631576,1.8333333333333333,0.8333333333333334,0.8571428571428571,1.2857142857142858,1.9,1.7,0.9,1604.659,8.0,0.125,0.25,0.625,0.625,0.75,2.125,-1.375,0.5,2.5,0.8333333333333334,2.0,0.5,0.75,2.125,1446.742,11.0,1.2171052631578947,1.8486842105263157,1.4,157.91700000000014,1.0,1.0,0.0,5.0,0.0,0.0,1.0,CONMEBOL/Copa America,group-stage,444712,2016-06-10T23:00:00+00:00,2016-06-10,Chile,Bolivia,2,1,H,0.0,0.0,0.0,0.0,espn
29.0,0.6551724137931034,0.20689655172413793,0.13793103448275862,2.1724137931034484,1.6206896551724137,0.6896551724137931,0.9310344827586207,1.9047619047619047,0.7142857142857143,0.875,0.625,2.2,1.3,0.5,1682.963,18.0,0.3888888888888889,0.4444444444444444,0.16666666666666666,1.6111111111111112,1.4444444444444444,1.0,0.4444444444444444,1.8,1.0,1.0,1.0,1.4,1.6,1.1,1544.219,11.0,0.5613026819923372,0.48659003831417624,0.8000000000000003,138.74399999999991,0.0,0.0,0.0,0.0,0.0,0.0,1.0,CONMEBOL/Copa America,group-stage,444713,2016-06-11T01:30:00+00:00,2016-06-11,Argentina,Panama,5,0,H,0.0,0.0,0.0,0.0,espn
0.0,0.0,0.0,0.0,0.0,0.0,0.0,0.0,0.0,0.0,0.0,0.0,0.0,0.0,0.0,1500.0,17.0,0.35294117647058826,0.17647058823529413,0.47058823529411764,1.2352941176470589,0.9411764705882353,1.0,-0.058823529411764705,1.0,1.2,0.8571428571428571,0.7142857142857143,1.3,1.1,1.1,1491.38,-17.0,-1.2352941176470589,0.058823529411764705,-1.3,8.61999999999989,0.0,0.0,0.0,0.0,0.0,0.0,1.0,UEFA/European Championship,group-stage,438203,2016-06-11T13:00:00+00:00,2016-06-11,Albania,Switzerland,0,1,A,7.0,17.0,2.0,7.0,espn
0.0,0.0,0.0,0.0,0.0,0.0,0.0,0.0,0.0,0.0,0.0,0.0,0.0,0.0,0.0,1500.0,3.0,0.3333333333333333,0.0,0.6666666666666666,1.0,1.3333333333333333,2.0,-0.6666666666666666,1.5,2.0,1.0,2.0,0.3,1.3333333333333333,2.0,1489.943,-3.0,-1.0,0.6666666666666666,-0.3,10.057000000000016,0.0,0.0,0.0,0.0,0.0,0.0,1.0,UEFA/European Championship,group-stage,438202,2016-06-11T16:00:00+00:00,2016-06-11,Wales,Slovakia,2,1,H,11.0,13.0,8.0,2.0,espn
22.0,0.3181818181818182,0.36363636363636365,0.3181818181818182,1.3181818181818181,1.2272727272727273,1.0909090909090908,0.13636363636363635,1.1111111111111112,0.4444444444444444,1.3076923076923077,1.5384615384615385,0.9,0.8,1.2,1495.257,16.0,0.375,0.1875,0.4375,1.3125,1.125,1.1875,-0.0625,1.5714285714285714,1.1428571428571428,0.7777777777777778,1.2222222222222223,1.5,1.3,1.0,1487.386,6.0,0.005681818181818121,0.19886363636363635,-0.6,7.871000000000095,0.0,0.0,0.0,0.0,0.0,0.0,1.0,UEFA/European Championship,group-stage,438201,2016-06-11T19:00:00+00:00,2016-06-11,England,Russia,1,1,D,16.0,6.0,6.0,2.0,espn
35.0,0.5142857142857142,0.2,0.2857142857142857,1.7428571428571429,1.8,1.0857142857142856,0.7142857142857143,1.9090909090909092,1.1363636363636365,1.6153846153846154,1.0,1.4,1.7,1.0,1584.213,24.0,0.20833333333333334,0.4583333333333333,0.3333333333333333,1.0833333333333333,0.9166666666666666,1.2083333333333333,-0.2916666666666667,0.8888888888888888,0.6666666666666666,0.9333333333333333,1.5333333333333334,1.0,0.7,1.7,1496.661,11.0,0.6595238095238096,1.005952380952381,0.3999999999999999,87.55199999999991,0.0,0.0,0.0,0.0,0.0,0.0,1.0,CONMEBOL/Copa America,group-stage,444711,2016-06-11T23:00:00+00:00,2016-06-11,United States,Paraguay,1,0,H,0.0,0.0,0.0,0.0,espn
15.0,0.6,0.13333333333333333,0.26666666666666666,1.9333333333333333,1.3333333333333333,0.5333333333333333,0.8,1.3333333333333333,0.5555555555555556,1.3333333333333333,0.5,1.9,1.4,0.6,1595.604,27.0,0.25925925925925924,0.2962962962962963,0.4444444444444444,1.0740740740740742,1.0740740740740742,1.3333333333333333,-0.25925925925925924,1.5,1.0833333333333333,0.7333333333333333,1.5333333333333334,1.1,0.7,0.9,1464.12,-12.0,0.8592592592592592,1.0592592592592593,0.7999999999999998,131.48400000000015,1.0,1.0,0.0,1.0,0.0,0.0,1.0,CONMEBOL/Copa America,group-stage,444710,2016-06-12T01:00:00+00:00,2016-06-12,Colombia,Costa Rica,2,3,A,0.0,0.0,0.0,0.0,espn
11.0,0.45454545454545453,0.18181818181818182,0.36363636363636365,1.5454545454545454,1.3636363636363635,1.1818181818181819,0.18181818181818182,3.0,1.0,1.0,1.2222222222222223,1.7,1.4,1.1,1525.521,19.0,0.3157894736842105,0.3157894736842105,0.3684210526315789,1.263157894736842,1.2105263157894737,1.2105263157894737,0.0,1.25,1.875,1.1818181818181819,0.7272727272727273,1.7,1.5,1.1,1508.343,-8.0,0.2822966507177034,0.18181818181818182,0.0,17.177999999999884,1.0,0.0,1.0,0.0,0.0,0.0,1.0,UEFA/European Championship,group-stage,438200,2016-06-12T13:00:00+00:00,2016-06-12,Türkiye,Croatia,0,1,A,9.0,18.0,2.0,6.0,espn
11.0,0.18181818181818182,0.2727272727272727,0.5454545454545454,0.8181818181818182,0.5454545454545454,1.4545454545454546,-0.9090909090909091,0.6,1.0,0.5,1.8333333333333333,0.9,0.6,1.4,1450.808,0.0,0.0,0.0,0.0,0.0,0.0,0.0,0.0,0.0,0.0,0.0,0.0,0.0,0.0,0.0,1500.0,11.0,0.8181818181818182,-0.9090909090909091,0.9,-49.19200000000001,0.0,0.0,0.0,0.0,0.0,0.0,1.0,UEFA/European Championship,group-stage,438199,2016-06-12T16:00:00+00:00,2016-06-12,Poland,Northern Ireland,1,0,H,18.0,2.0,4.0,0.0,espn
40.0,0.725,0.075,0.2,2.25,2.025,0.8,1.225,1.96,0.92,2.1333333333333333,0.6,2.7,2.5,0.8,1757.812,8.0,0.625,0.0,0.375,1.875,1.0,1.25,-0.25,1.0,0.75,1.0,1.75,1.5,1.0,1.25,1524.449,32.0,0.375,1.475,1.2000000000000002,233.36299999999983,0.0,0.0,0.0,0.0,0.0,0.0,1.0,UEFA/European Championship,group-stage,438198,2016-06-12T19:00:00+00:00,2016-06-12,Germany,Ukraine,2,0,H,18.0,7.0,8.0,3.0,espn
18.0,0.2777777777777778,0.2222222222222222,0.5,1.0555555555555556,1.0,1.3333333333333333,-0.3333333333333333,1.3333333333333333,1.3333333333333333,0.8333333333333334,1.3333333333333333,0.9,1.1,1.6,1472.443,9.0,0.2222222222222222,0.1111111111111111,0.6666666666666666,0.7777777777777778,0.5555555555555556,1.5555555555555556,-1.0,0.25,1.0,0.8,2.0,0.7,0.5555555555555556,1.5555555555555556,1450.779,9.0,0.2777777777777778,0.6666666666666667,0.20000000000000007,21.663999999999987,0.0,0.0,0.0,0.0,0.0,0.0,1.0,CONMEBOL/Copa America,group-stage,444708,2016-06-12T22:30:00+00:00,2016-06-12,Ecuador,Haiti,4,0,H,0.0,0.0,0.0,0.0,espn
32.0,0.65625,0.1875,0.15625,2.15625,2.0,0.96875,1.03125,1.8461538461538463,0.9615384615384616,2.6666666666666665,1.0,1.6,1.6,1.7,1634.181,14.0,0.5,0.21428571428571427,0.2857142857142857,1.7142857142857142,1.3571428571428572,0.8571428571428571,0.5,1.6,0.6,1.2222222222222223,1.0,1.7,1.5,1.0,1557.535,18.0,0.4419642857142858,0.53125,-0.09999999999999987,76.64599999999996,1.0,1.0,0.0,1.0,0.0,0.0,1.0,CONMEBOL/Copa America,group-stage,444709,2016-06-13T00:30:00+00:00,2016-06-13,Brazil,Peru,0,1,A,0.0,0.0,0.0,0.0,espn
33.0,0.7272727272727273,0.09090909090909091,0.18181818181818182,2.272727272727273,1.6363636363636365,0.696969696969697,0.9393939393939394,1.7777777777777777,0.9444444444444444,1.4666666666666666,0.4,2.2,1.7,0.8,1678.862,15.0,0.4666666666666667,0.0,0.5333333333333333,1.4,1.3333333333333333,1.4666666666666666,-0.13333333333333333,1.0,1.5,1.5555555555555556,1.4444444444444444,0.9,1.0,1.7,1472.022,18.0,0.872727272727273,1.0727272727272728,1.3000000000000003,206.84000000000015,0.0,0.0,0.0,0.0,0.0,0.0,1.0,UEFA/European Championship,group-stage,438197,2016-06-13T13:00:00+00:00,2016-06-13,Spain,Czechia,1,0,H,17.0,7.0,5.0,3.0,espn
7.0,0.14285714285714285,0.2857142857142857,0.5714285714285714,0.7142857142857143,1.0,1.7142857142857142,-0.7142857142857143,1.0,2.0,1.0,1.6,0.5,1.0,1.7142857142857142,1465.601,17.0,0.23529411764705882,0.4117647058823529,0.35294117647058826,1.1176470588235294,1.2941176470588236,1.1764705882352942,0.11764705882352941,1.6666666666666667,1.1111111111111112,0.875,1.25,1.1,1.1,1.3,1486.076,-10.0,-0.40336134453781514,-0.8319327731092437,-0.6000000000000001,-20.47499999999991,0.0,0.0,0.0,0.0,0.0,0.0,1.0,UEFA/European Championship,group-stage,438196,2016-06-13T16:00:00+00:00,2016-06-13,Republic of Ireland,Sweden,1,1,D,9.0,7.0,4.0,0.0,espn
8.0,0.5,0.25,0.25,1.75,1.125,1.0,0.125,1.6666666666666667,0.6666666666666666,0.8,1.2,1.4,1.125,1.0,1540.146,30.0,0.43333333333333335,0.3333333333333333,0.23333333333333334,1.6333333333333333,1.1666666666666667,0.9333333333333333,0.23333333333333334,1.25,0.75,1.0714285714285714,1.1428571428571428,1.4,1.0,1.3,1570.363,-22.0,0.1166666666666667,-0.10833333333333334,0.0,-30.2170000000001,0.0,0.0,0.0,0.0,0.0,0.0,1.0,UEFA/European Championship,group-stage,438195,2016-06-13T19:00:00+00:00,2016-06-13,Belgium,Italy,0,2,A,18.0,11.0,3.0,6.0,espn
39.0,0.5128205128205128,0.20512820512820512,0.28205128205128205,1.7435897435897436,1.794871794871795,1.0,0.7948717948717948,1.894736842105263,0.8421052631578947,1.7,1.15,2.1,2.5,1.2,1619.999,11.0,0.45454545454545453,0.2727272727272727,0.2727272727272727,1.6363636363636365,1.0,1.0,0.0,1.0,0.0,1.0,1.1,1.7,1.1,1.1,1538.395,28.0,0.10722610722610715,0.7948717948717948,0.40000000000000013,81.60400000000004,0.0,0.0,0.0,0.0,0.0,0.0,1.0,CONMEBOL/Copa America,group-stage,444707,2016-06-14T00:00:00+00:00,2016-06-14,Mexico,Venezuela,1,1,D,0.0,0.0,0.0,0.0,espn
26.0,0.38461538461538464,0.2692307692307692,0.34615384615384615,1.4230769230769231,1.1923076923076923,1.1153846153846154,0.07692307692307693,1.2666666666666666,1.2,1.0909090909090908,1.0,1.0,0.7,1.3,1520.291,15.0,0.4666666666666667,0.06666666666666667,0.4666666666666667,1.4666666666666666,1.0,0.9333333333333333,0.06666666666666667,1.2857142857142858,0.8571428571428571,0.75,1.0,1.3,0.8,1.1,1507.624,11.0,-0.043589743589743435,0.010256410256410262,-0.30000000000000004,12.666999999999916,1.0,1.0,0.0,1.0,0.0,0.0,1.0,CONMEBOL/Copa America,group-stage,444706,2016-06-14T02:00:00+00:00,2016-06-14,Uruguay,Jamaica,3,0,H,0.0,0.0,0.0,0.0,espn
3.0,0.0,0.3333333333333333,0.6666666666666666,0.3333333333333333,0.3333333333333333,1.0,-0.6666666666666666,0.3333333333333333,1.0,0.0,0.0,0.1,0.3333333333333333,1.0,1471.704,0.0,0.0,0.0,0.0,0.0,0.0,0.0,0.0,0.0,0.0,0.0,0.0,0.0,0.0,0.0,1500.0,3.0,0.3333333333333333,-0.6666666666666666,0.1,-28.29600000000005,0.0,0.0,0.0,0.0,0.0,0.0,1.0,UEFA/European Championship,group-stage,438194,2016-06-14T16:00:00+00:00,2016-06-14,Austria,Hungary,0,2,A,14.0,15.0,3.0,8.0,espn
28.0,0.5,0.10714285714285714,0.39285714285714285,1.6071428571428572,1.5714285714285714,1.1428571428571428,0.42857142857142855,1.8125,0.8125,1.25,1.5833333333333333,1.4,1.0,1.2,1571.556,0.0,0.0,0.0,0.0,0.0,0.0,0.0,0.0,0.0,0.0,0.0,0.0,0.0,0.0,0.0,1500.0,28.0,1.6071428571428572,0.42857142857142855,1.4,71.55600000000004,0.0,0.0,0.0,0.0,0.0,0.0,1.0,UEFA/European Championship,group-stage,438193,2016-06-14T19:00:00+00:00,2016-06-14,Portugal,Iceland,1,1,D,27.0,4.0,10.0,4.0,espn
20.0,0.6,0.1,0.3,1.9,1.5,1.0,0.5,1.8461538461538463,0.8461538461538461,0.8571428571428571,1.2857142857142858,1.9,1.7,1.0,1613.151,19.0,0.3684210526315789,0.42105263157894735,0.21052631578947367,1.5263157894736843,1.368421052631579,1.2105263157894737,0.15789473684210525,1.8,1.0,0.8888888888888888,1.4444444444444444,1.1,1.0,1.5,1532.095,1.0,0.3736842105263156,0.34210526315789475,0.7999999999999998,81.05600000000004,0.0,0.0,0.0,0.0,0.0,0.0,1.0,CONMEBOL/Copa America,group-stage,444705,2016-06-15T00:00:00+00:00,2016-06-15,Chile,Panama,4,2,H,0.0,0.0,0.0,0.0,espn
30.0,0.6666666666666666,0.2,0.13333333333333333,2.2,1.7333333333333334,0.6666666666666666,1.0666666666666667,2.0454545454545454,0.6818181818181818,0.875,0.625,2.2,1.7,0.5,1695.087,9.0,0.1111111111111111,0.2222222222222222,0.6666666666666666,0.5555555555555556,0.7777777777777778,2.111111111111111,-1.3333333333333333,0.5,2.5,0.8571428571428571,2.0,0.5,0.7777777777777778,2.111111111111111,1438.25,21.0,1.6444444444444446,2.4,1.7000000000000002,256.837,1.0,0.0,1.0,0.0,0.0,0.0,1.0,CONMEBOL/Copa America,group-stage,444704,2016-06-15T02:00:00+00:00,2016-06-15,Argentina,Bolivia,3,0,H,0.0,0.0,0.0,0.0,espn
17.0,0.35294117647058826,0.23529411764705882,0.4117647058823529,1.2941176470588236,1.1176470588235294,1.1764705882352942,-0.058823529411764705,1.5714285714285714,1.1428571428571428,0.8,1.2,1.3,1.3,1.1,1487.721,4.0,0.25,0.0,0.75,0.75,1.25,2.0,-0.75,1.5,2.0,1.0,2.0,0.3,1.25,2.0,1475.587,13.0,0.5441176470588236,0.6911764705882353,1.0,12.134000000000015,0.0,0.0,0.0,0.0,0.0,0.0,1.0,UEFA/European Championship,group-stage,438192,2016-06-15T13:00:00+00:00,2016-06-15,Russia,Slovakia,1,2,A,15.0,9.0,2.0,3.0,espn
4.0,0.0,0.5,0.5,0.5,0.5,1.25,-0.75,0.0,0.0,0.6666666666666666,1.6666666666666667,0.2,0.5,1.25,1476.544,18.0,0.3888888888888889,0.16666666666666666,0.4444444444444444,1.3333333333333333,0.9444444444444444,0.9444444444444444,0.0,1.0,1.2,0.875,0.625,1.6,1.2,1.0,1506.531,-14.0,-0.8333333333333333,-0.75,-1.4000000000000001,-29.986999999999853,0.0,0.0,0.0,0.0,0.0,0.0,1.0,UEFA/European Championship,group-stage,438191,2016-06-15T16:00:00+00:00,2016-06-15,Romania,Switzerland,1,1,D,14.0,19.0,4.0,6.0,espn
29.0,0.3448275862068966,0.27586206896551724,0.3793103448275862,1.3103448275862069,1.103448275862069,1.0344827586206897,0.06896551724137931,0.8571428571428571,0.9285714285714286,1.3333333333333333,1.1333333333333333,1.7,1.5,0.9,1528.437,1.0,0.0,0.0,1.0,0.0,0.0,1.0,-1.0,0.0,1.0,0.0,0.0,0.0,0.0,1.0,1484.849,28.0,1.3103448275862069,1.0689655172413792,1.7,43.587999999999965,0.0,0.0,0.0,0.0,0.0,0.0,1.0,UEFA/European Championship,group-stage,438190,2016-06-15T19:00:00+00:00,2016-06-15,France,Albania,2,0,H,22.0,8.0,2.0,0.0,espn
23.0,0.30434782608695654,0.391304347826087,0.30434782608695654,1.3043478260869565,1.2173913043478262,1.0869565217391304,0.13043478260869565,1.1,0.5,1.3076923076923077,1.5384615384615385,0.9,0.9,1.3,1494.922,1.0,1.0,0.0,0.0,3.0,2.0,1.0,1.0,2.0,1.0,0.0,0.0,0.3,2.0,1.0,1514.356,22.0,-1.6956521739130435,-0.8695652173913043,0.6000000000000001,-19.43399999999997,0.0,0.0,0.0,0.0,0.0,0.0,1.0,UEFA/European Championship,group-stage,438189,2016-06-16T13:00:00+00:00,2016-06-16,England,Wales,2,1,H,21.0,7.0,4.0,2.0,espn
9.0,0.5555555555555556,0.0,0.4444444444444444,1.6666666666666667,0.8888888888888888,1.3333333333333333,-0.4444444444444444,1.0,0.75,0.8,1.8,1.5,0.8888888888888888,1.3333333333333333,1517.674,1.0,0.0,0.0,1.0,0.0,0.0,1.0,-1.0,0.0,0.0,0.0,1.0,0.0,0.0,1.0,1483.137,8.0,1.6666666666666667,0.5555555555555556,1.5,34.537000000000035,0.0,0.0,0.0,0.0,0.0,0.0,1.0,UEFA/European Championship,group-stage,438188,2016-06-16T16:00:00+00:00,2016-06-16,Ukraine,Northern Ireland,0,2,A,17.0,13.0,5.0,7.0,espn
41.0,0.7317073170731707,0.07317073170731707,0.1951219512195122,2.268292682926829,2.024390243902439,0.7804878048780488,1.2439024390243902,1.9615384615384615,0.8846153846153846,2.1333333333333333,0.6,2.7,2.5,0.7,1764.587,12.0,0.25,0.25,0.5,1.0,0.5833333333333334,1.3333333333333333,-0.75,0.6666666666666666,0.8333333333333334,0.5,1.8333333333333333,1.2,0.7,1.0,1467.671,29.0,1.268292682926829,1.9939024390243902,1.5000000000000002,296.91599999999994,2.0,1.0,0.0,1.5,0.0,0.0,1.0,UEFA/European Championship,group-stage,438187,2016-06-16T19:00:00+00:00,2016-06-16,Germany,Poland,0,0,D,15.0,7.0,3.0,0.0,espn
36.0,0.5277777777777778,0.19444444444444445,0.2777777777777778,1.7777777777777777,1.7777777777777777,1.0555555555555556,0.7222222222222222,1.8695652173913044,1.0869565217391304,1.6153846153846154,1.0,1.7,1.8,0.9,1595.348,19.0,0.3157894736842105,0.21052631578947367,0.47368421052631576,1.1578947368421053,1.1578947368421053,1.263157894736842,-0.10526315789473684,1.7142857142857142,1.1428571428571428,0.8333333333333334,1.3333333333333333,1.2,1.5,1.5,1490.762,17.0,0.6198830409356724,0.827485380116959,0.5,104.58600000000001,0.0,0.0,0.0,0.0,0.0,1.0,1.0,CONMEBOL/Copa America,quarterfinals,444703,2016-06-17T01:30:00+00:00,2016-06-17,United States,Ecuador,2,1,H,0.0,0.0,0.0,0.0,espn
31.0,0.45161290322580644,0.3225806451612903,0.22580645161290322,1.6774193548387097,1.1935483870967742,0.9032258064516129,0.2903225806451613,1.25,0.75,1.1333333333333333,1.0666666666666667,1.7,1.0,1.0,1585.311,18.0,0.2222222222222222,0.4444444444444444,0.3333333333333333,1.1111111111111112,1.2777777777777777,1.1666666666666667,0.1111111111111111,1.6666666666666667,1.1111111111111112,0.8888888888888888,1.2222222222222223,1.1,1.2,1.4,1485.206,13.0,0.5663082437275986,0.1792114695340502,0.5999999999999999,100.10500000000002,1.0,0.0,1.0,0.0,0.0,0.0,1.0,UEFA/European Championship,group-stage,438186,2016-06-17T13:00:00+00:00,2016-06-17,Italy,Sweden,1,0,H,8.0,4.0,3.0,0.0,espn
16.0,0.4375,0.0,0.5625,1.3125,1.25,1.4375,-0.1875,1.0,1.5,1.4,1.4,0.6,0.7,1.8,1465.129,20.0,0.35,0.3,0.35,1.35,1.2,1.15,0.05,1.25,1.875,1.1666666666666667,0.6666666666666666,1.7,1.5,1.1,1523.857,-4.0,-0.03750000000000009,-0.2375,-1.1,-58.728000000000065,0.0,0.0,0.0,0.0,0.0,0.0,1.0,UEFA/European Championship,group-stage,438185,2016-06-17T16:00:00+00:00,2016-06-17,Czechia,Croatia,2,2,D,7.0,19.0,4.0,6.0,espn
34.0,0.7352941176470589,0.08823529411764706,0.17647058823529413,2.2941176470588234,1.6176470588235294,0.6764705882352942,0.9411764705882353,1.736842105263158,0.8947368421052632,1.4666666666666666,0.4,2.2,1.7,0.8,1685.755,12.0,0.4166666666666667,0.16666666666666666,0.4166666666666667,1.4166666666666667,1.25,1.1666666666666667,0.08333333333333333,2.0,1.0,1.0,1.2222222222222223,1.6,1.3,1.1,1510.007,22.0,0.8774509803921566,0.8578431372549019,0.6000000000000001,175.74800000000005,0.0,0.0,0.0,0.0,0.0,0.0,1.0,UEFA/European Championship,group-stage,438184,2016-06-17T19:00:00+00:00,2016-06-17,Spain,Türkiye,3,0,H,18.0,8.0,6.0,0.0,espn
15.0,0.5333333333333333,0.2,0.26666666666666666,1.8,1.3333333333333333,0.8,0.5333333333333333,1.6,0.6,1.2,0.9,2.0,1.6,0.8,1575.529,16.0,0.5625,0.125,0.3125,1.8125,1.375,0.6875,0.6875,1.4,0.8,1.3333333333333333,0.5,1.6,1.4,0.8,1575.478,-1.0,-0.012499999999999956,-0.15416666666666667,0.3999999999999999,0.05099999999993088,2.0,0.5,0.5,1.0,0.0,1.0,1.0,CONMEBOL/Copa America,quarterfinals,444702,2016-06-18T00:00:00+00:00,2016-06-18,Peru,Colombia,0,0,A,0.0,0.0,0.0,0.0,espn
9.0,0.4444444444444444,0.2222222222222222,0.3333333333333333,1.5555555555555556,1.0,1.1111111111111112,-0.1111111111111111,1.25,1.0,0.8,1.2,1.4,1.0,1.1111111111111112,1525.198,8.0,0.125,0.375,0.5,0.75,1.0,1.625,-0.625,1.0,1.6666666666666667,1.0,1.6,0.6,1.0,1.625,1466.471,1.0,0.8055555555555556,0.5138888888888888,0.7999999999999999,58.72700000000009,0.0,0.0,0.0,0.0,0.0,0.0,1.0,UEFA/European Championship,group-stage,438183,2016-06-18T13:00:00+00:00,2016-06-18,Belgium,Republic of Ireland,3,0,H,18.0,11.0,7.0,2.0,espn
1.0,0.0,1.0,0.0,1.0,1.0,1.0,0.0,0.0,0.0,1.0,1.0,0.1,1.0,1.0,1503.003,1.0,1.0,0.0,0.0,3.0,2.0,0.0,2.0,0.0,0.0,2.0,0.0,0.3,2.0,0.0,1515.038,0.0,-2.0,-2.0,-0.19999999999999998,-12.035000000000082,0.0,0.0,0.0,0.0,0.0,0.0,1.0,UEFA/European Championship,group-stage,438182,2016-06-18T16:00:00+00:00,2016-06-18,Iceland,Hungary,1,1,D,8.0,12.0,2.0,4.0,espn
29.0,0.4827586206896552,0.13793103448275862,0.3793103448275862,1.5862068965517242,1.5517241379310345,1.1379310344827587,0.41379310344827586,1.7647058823529411,0.8235294117647058,1.25,1.5833333333333333,1.4,1.1,1.3,1568.553,4.0,0.0,0.25,0.75,0.25,0.25,1.25,-1.0,0.25,1.25,0.0,0.0,0.1,0.25,1.25,1456.666,25.0,1.3362068965517242,1.4137931034482758,1.2999999999999998,111.88700000000017,0.0,0.0,0.0,0.0,0.0,0.0,1.0,UEFA/European Championship,group-stage,438181,2016-06-18T19:00:00+00:00,2016-06-18,Portugal,Austria,0,0,D,23.0,3.0,6.0,1.0,espn
31.0,0.6774193548387096,0.1935483870967742,0.12903225806451613,2.225806451612903,1.7741935483870968,0.6451612903225806,1.1290322580645162,2.0869565217391304,0.6521739130434783,0.875,0.625,2.2,2.0,0.5,1701.753,12.0,0.4166666666666667,0.3333333333333333,0.25,1.5833333333333333,1.0,1.0,0.0,1.0,0.0,1.0,1.0909090909090908,1.5,1.1,1.2,1541.805,19.0,0.6424731182795698,1.1290322580645162,0.7000000000000002,159.94799999999987,0.0,0.0,0.0,0.0,0.0,1.0,1.0,CONMEBOL/Copa America,quarterfinals,444700,2016-06-18T23:00:00+00:00,2016-06-18,Argentina,Venezuela,4,1,H,0.0,0.0,0.0,0.0,espn
40.0,0.5,0.225,0.275,1.725,1.775,1.0,0.775,1.85,0.85,1.7,1.15,2.1,2.3,1.0,1616.589,21.0,0.6190476190476191,0.09523809523809523,0.2857142857142857,1.9523809523809523,1.619047619047619,1.0476190476190477,0.5714285714285714,2.0,0.9285714285714286,0.8571428571428571,1.2857142857142858,2.2,2.1,1.0,1625.768,19.0,-0.22738095238095224,0.20357142857142863,-0.10000000000000009,-9.179000000000087,2.0,0.0,0.5,-0.5,0.0,1.0,1.0,CONMEBOL/Copa America,quarterfinals,444701,2016-06-19T02:00:00+00:00,2016-06-19,Mexico,Chile,0,7,A,0.0,0.0,0.0,0.0,espn
5.0,0.0,0.6,0.4,0.6,0.6,1.2,-0.6,0.5,0.5,0.6666666666666666,1.6666666666666667,0.3,0.6,1.2,1477.817,2.0,0.0,0.0,1.0,0.0,0.0,1.5,-1.5,0.0,1.0,0.0,2.0,0.0,0.0,1.5,1470.524,3.0,0.6,0.9,0.3,7.29300000000012,0.0,0.0,0.0,0.0,0.0,0.0,1.0,UEFA/European Championship,group-stage,438179,2016-06-19T19:00:00+00:00,2016-06-19,Romania,Albania,0,1,A,16.0,14.0,3.0,6.0,espn
19.0,0.3684210526315789,0.21052631578947367,0.42105263157894735,1.3157894736842106,0.9473684210526315,0.9473684210526315,0.0,1.0,1.2,0.8888888888888888,0.6666666666666666,1.7,1.2,0.9,1505.258,30.0,0.36666666666666664,0.26666666666666666,0.36666666666666664,1.3666666666666667,1.1333333333333333,1.0,0.13333333333333333,0.9333333333333333,0.8666666666666667,1.3333333333333333,1.1333333333333333,1.9,1.6,0.8,1542.762,-11.0,-0.050877192982456076,-0.13333333333333333,-0.19999999999999996,-37.503999999999905,3.0,0.0,0.3333333333333333,-1.6666666666666667,0.0,0.0,1.0,UEFA/European Championship,group-stage,438180,2016-06-19T19:00:00+00:00,2016-06-19,Switzerland,France,0,0,D,6.0,13.0,0.0,4.0,espn
18.0,0.3333333333333333,0.2222222222222222,0.4444444444444444,1.2222222222222223,1.1111111111111112,1.2222222222222223,-0.1111111111111111,1.5,1.25,0.8,1.2,1.0,1.2,1.3,1472.421,2.0,0.5,0.0,0.5,1.5,1.5,1.5,0.0,2.0,1.0,1.0,2.0,0.3,1.5,1.5,1498.746,16.0,-0.2777777777777777,-0.1111111111111111,0.7,-26.325000000000045,0.0,0.0,0.0,0.0,0.0,0.0,1.0,UEFA/European Championship,group-stage,438178,2016-06-20T19:00:00+00:00,2016-06-20,Russia,Wales,0,3,A,13.0,19.0,2.0,11.0,espn
5.0,0.4,0.0,0.6,1.2,1.4,1.8,-0.4,1.5,2.0,1.3333333333333333,1.6666666666666667,0.6,1.4,1.8,1490.887,24.0,0.3333333333333333,0.375,0.2916666666666667,1.375,1.25,1.0833333333333333,0.16666666666666666,1.1818181818181819,0.5454545454545454,1.3076923076923077,1.5384615384615385,0.9,1.0,1.4,1510.532,-19.0,-0.17500000000000004,-0.5666666666666667,-0.30000000000000004,-19.644999999999982,0.0,0.0,0.0,0.0,0.0,0.0,1.0,UEFA/European Championship,group-stage,438177,2016-06-20T19:00:00+00:00,2016-06-20,Slovakia,England,0,0,D,4.0,27.0,2.0,5.0,espn
2.0,0.5,0.0,0.5,1.5,1.0,0.5,0.5,0.0,0.0,1.0,0.5,0.3,1.0,0.5,1501.127,42.0,0.7142857142857143,0.09523809523809523,0.19047619047619047,2.238095238095238,1.9761904761904763,0.7619047619047619,1.2142857142857142,1.8888888888888888,0.8518518518518519,2.1333333333333333,0.6,2.5,2.3,0.6,1754.335,-40.0,-0.7380952380952381,-0.7142857142857142,-2.2,-253.20800000000008,0.0,0.0,0.0,0.0,0.0,0.0,1.0,UEFA/European Championship,group-stage,438175,2016-06-21T16:00:00+00:00,2016-06-21,Northern Ireland,Germany,0,1,A,2.0,26.0,1.0,9.0,espn
10.0,0.5,0.0,0.5,1.5,0.8,1.4,-0.6,0.8,1.0,0.8,1.8,1.5,0.8,1.4,1499.684,13.0,0.23076923076923078,0.3076923076923077,0.46153846153846156,1.0,0.5384615384615384,1.2307692307692308,-0.6923076923076923,0.6666666666666666,0.8333333333333334,0.42857142857142855,1.5714285714285714,1.3,0.7,0.8,1477.923,-3.0,0.5,0.09230769230769231,0.19999999999999996,21.760999999999967,0.0,0.0,0.0,0.0,0.0,0.0,1.0,UEFA/European Championship,group-stage,438176,2016-06-21T16:00:00+00:00,2016-06-21,Ukraine,Poland,0,1,A,19.0,9.0,5.0,3.0,espn
21.0,0.3333333333333333,0.3333333333333333,0.3333333333333333,1.3333333333333333,1.2380952380952381,1.1904761904761905,0.047619047619047616,1.25,1.875,1.2307692307692308,0.7692307692307693,1.5,1.5,1.2,1521.382,35.0,0.7428571428571429,0.08571428571428572,0.17142857142857143,2.3142857142857145,1.6571428571428573,0.6571428571428571,1.0,1.8,0.85,1.4666666666666666,0.4,2.4,1.9,0.7,1695.329,-14.0,-0.9809523809523812,-0.9523809523809523,-0.8999999999999999,-173.9469999999999,1.0,0.0,0.0,-1.0,0.0,0.0,1.0,UEFA/European Championship,group-stage,438173,2016-06-21T19:00:00+00:00,2016-06-21,Croatia,Spain,2,1,H,13.0,16.0,4.0,3.0,espn
17.0,0.4117647058823529,0.058823529411764705,0.5294117647058824,1.2941176470588236,1.2941176470588236,1.4705882352941178,-0.17647058823529413,1.1428571428571428,1.5714285714285714,1.4,1.4,0.7,0.9,1.8,1467.604,13.0,0.38461538461538464,0.15384615384615385,0.46153846153846156,1.3076923076923077,1.1538461538461537,1.3076923076923077,-0.15384615384615385,2.0,1.0,0.9,1.4,1.3,1.0,1.4,1500.433,4.0,-0.013574660633484115,-0.022624434389140274,-0.6000000000000001,-32.82899999999995,1.0,0.0,0.0,-1.0,0.0,0.0,1.0,UEFA/European Championship,group-stage,438174,2016-06-21T19:00:00+00:00,2016-06-21,Czechia,Türkiye,0,2,A,13.0,9.0,5.0,2.0,espn
37.0,0.5405405405405406,0.1891891891891892,0.2702702702702703,1.8108108108108107,1.7837837837837838,1.054054054054054,0.7297297297297297,1.875,1.0833333333333333,1.6153846153846154,1.0,2.0,1.9,0.8,1605.811,32.0,0.6875,0.1875,0.125,2.25,1.84375,0.65625,1.1875,2.1666666666666665,0.6666666666666666,0.875,0.625,2.5,2.4,0.5,1711.979,5.0,-0.43918918918918926,-0.4577702702702703,-0.5,-106.16800000000012,0.0,0.0,0.0,0.0,0.0,1.0,1.0,CONMEBOL/Copa America,semifinals,444699,2016-06-22T01:00:00+00:00,2016-06-22,United States,Argentina,0,4,A,0.0,0.0,0.0,0.0,espn
2.0,0.5,0.5,0.0,2.0,1.5,0.5,1.0,0.0,0.0,1.5,0.5,0.4,1.5,0.5,1514.526,30.0,0.4666666666666667,0.16666666666666666,0.36666666666666664,1.5666666666666667,1.5,1.1,0.4,1.6666666666666667,0.7777777777777778,1.25,1.5833333333333333,1.5,1.1,1.2,1563.95,-28.0,0.43333333333333335,0.6,-1.1,-49.42399999999998,0.0,0.0,0.0,0.0,0.0,0.0,1.0,UEFA/European Championship,group-stage,438171,2016-06-22T16:00:00+00:00,2016-06-22,Hungary,Portugal,3,3,D,10.0,19.0,5.0,6.0,espn
2.0,0.0,1.0,0.0,1.0,1.0,1.0,0.0,1.0,1.0,1.0,1.0,0.2,1.0,1.0,1503.515,5.0,0.0,0.4,0.6,0.4,0.2,1.0,-0.8,0.25,1.25,0.0,0.0,0.2,0.2,1.0,1461.269,-3.0,0.6,0.8,0.0,42.246000000000095,0.0,0.0,0.0,0.0,0.0,0.0,1.0,UEFA/European Championship,group-stage,438172,2016-06-22T16:00:00+00:00,2016-06-22,Iceland,Austria,2,1,H,9.0,23.0,3.0,6.0,espn
32.0,0.46875,0.3125,0.21875,1.71875,1.1875,0.875,0.3125,1.2352941176470589,0.7058823529411765,1.1333333333333333,1.0666666666666667,1.9,1.0,0.9,1595.949,9.0,0.1111111111111111,0.3333333333333333,0.5555555555555556,0.6666666666666666,0.8888888888888888,1.7777777777777777,-0.8888888888888888,1.0,1.6666666666666667,0.8333333333333334,1.8333333333333333,0.6,0.8888888888888888,1.7777777777777777,1451.525,23.0,1.0520833333333335,1.2013888888888888,1.2999999999999998,144.42399999999998,1.0,1.0,0.0,2.0,0.0,0.0,1.0,UEFA/European Championship,group-stage,438170,2016-06-22T19:00:00+00:00,2016-06-22,Italy,Republic of Ireland,0,1,A,5.0,12.0,1.0,4.0,espn
19.0,0.21052631578947367,0.42105263157894735,0.3684210526315789,1.0526315789473684,1.2105263157894737,1.1578947368421053,0.05263157894736842,1.6666666666666667,1.1111111111111112,0.8,1.2,0.8,1.1,1.5,1474.568,10.0,0.5,0.2,0.3,1.7,1.2,1.0,0.2,1.6,0.8,0.8,1.2,1.7,1.2,1.0,1540.144,9.0,-0.6473684210526316,-0.1473684210526316,-0.8999999999999999,-65.57600000000002,0.0,0.0,0.0,0.0,0.0,0.0,1.0,UEFA/European Championship,group-stage,438169,2016-06-22T19:00:00+00:00,2016-06-22,Sweden,Belgium,0,1,A,12.0,23.0,3.0,8.0,espn
17.0,0.5882352941176471,0.11764705882352941,0.29411764705882354,1.8823529411764706,1.2941176470588236,0.6470588235294118,0.6470588235294118,1.4,0.8,1.1428571428571428,0.42857142857142855,1.6,1.0,0.7,1590.264,22.0,0.6363636363636364,0.09090909090909091,0.2727272727272727,2.0,1.8636363636363635,1.0,0.8636363636363636,2.0,0.9285714285714286,1.625,1.125,2.5,2.7,0.9,1644.788,-5.0,-0.11764705882352944,-0.21657754010695185,-0.8999999999999999,-54.524000000000115,0.0,0.0,0.0,0.0,0.0,1.0,1.0,CONMEBOL/Copa America,semifinals,444698,2016-06-23T00:00:00+00:00,2016-06-23,Colombia,Chile,0,2,A,0.0,0.0,0.0,0.0,espn
20.0,0.35,0.25,0.4,1.3,0.9,0.9,0.0,0.9090909090909091,1.0909090909090908,0.8888888888888888,0.6666666666666666,1.5,1.0,0.9,1506.848,14.0,0.2857142857142857,0.2857142857142857,0.42857142857142855,1.1428571428571428,0.5714285714285714,1.1428571428571428,-0.5714285714285714,0.6666666666666666,0.8333333333333334,0.5,1.375,1.6,0.8,0.7,1493.632,6.0,0.15714285714285725,0.5714285714285714,-0.10000000000000009,13.215999999999894,0.0,0.0,0.0,0.0,0.0,1.0,1.0,UEFA/European Championship,round-of-16,438168,2016-06-25T13:00:00+00:00,2016-06-25,Switzerland,Poland,1,1,A,29.0,21.0,7.0,5.0,espn
3.0,0.6666666666666666,0.0,0.3333333333333333,2.0,2.0,1.0,1.0,2.0,1.0,2.0,1.0,0.6,2.0,1.0,1515.34,3.0,0.3333333333333333,0.0,0.6666666666666666,1.0,0.6666666666666666,0.6666666666666666,0.0,0.0,1.0,1.0,0.5,0.3,0.6666666666666666,0.6666666666666666,1495.543,0.0,1.0,1.0,0.3,19.797000000000025,0.0,0.0,0.0,0.0,0.0,1.0,1.0,UEFA/European Championship,round-of-16,438167,2016-06-25T16:00:00+00:00,2016-06-25,Wales,Northern Ireland,1,0,H,7.0,6.0,1.0,3.0,espn
22.0,0.36363636363636365,0.3181818181818182,0.3181818181818182,1.4090909090909092,1.2727272727272727,1.1818181818181819,0.09090909090909091,1.3333333333333333,1.7777777777777777,1.2307692307692308,0.7692307692307693,1.5,1.6,1.3,1543.006,31.0,0.45161290322580644,0.1935483870967742,0.3548387096774194,1.5483870967741935,1.5483870967741935,1.1612903225806452,0.3870967741935484,1.6666666666666667,0.7777777777777778,1.3846153846153846,1.6923076923076923,1.6,1.4,1.4,1561.861,-9.0,-0.13929618768328433,-0.29618768328445744,-0.10000000000000009,-18.855000000000018,0.0,0.0,0.0,0.0,0.0,1.0,1.0,UEFA/European Championship,round-of-16,438166,2016-06-25T19:00:00+00:00,2016-06-25,Croatia,Portugal,0,1,A,17.0,5.0,0.0,2.0,espn
38.0,0.5263157894736842,0.18421052631578946,0.2894736842105263,1.763157894736842,1.736842105263158,1.131578947368421,0.6052631578947368,1.8,1.2,1.6153846153846154,1.0,1.7,1.7,1.1,1592.066,18.0,0.5555555555555556,0.1111111111111111,0.3333333333333333,1.7777777777777777,1.2222222222222223,0.7222222222222222,0.5,1.2727272727272727,0.9090909090909091,1.1428571428571428,0.42857142857142855,1.3,0.8,0.9,1576.444,20.0,-0.014619883040935644,0.10526315789473684,0.3999999999999999,15.622000000000071,1.0,0.0,0.0,-2.0,0.0,0.0,1.0,CONMEBOL/Copa America,3rd-place,444697,2016-06-26T00:00:00+00:00,2016-06-26,United States,Colombia,0,1,A,0.0,0.0,0.0,0.0,espn
31.0,0.3548387096774194,0.2903225806451613,0.3548387096774194,1.3548387096774193,1.096774193548387,0.967741935483871,0.12903225806451613,0.9333333333333333,0.8666666666666667,1.25,1.0625,1.7,1.4,0.8,1541.172,10.0,0.2,0.3,0.5,0.9,0.9,1.6,-0.7,1.0,1.6666666666666667,0.8571428571428571,1.5714285714285714,0.9,0.9,1.6,1472.123,21.0,0.45483870967741924,0.8290322580645161,0.7999999999999999,69.04899999999998,0.0,0.0,0.0,0.0,0.0,1.0,1.0,UEFA/European Championship,round-of-16,438165,2016-06-26T13:00:00+00:00,2016-06-26,France,Republic of Ireland,2,1,H,24.0,6.0,10.0,2.0,espn
43.0,0.7209302325581395,0.09302325581395349,0.18604651162790697,2.255813953488372,1.9534883720930232,0.7441860465116279,1.2093023255813953,1.8888888888888888,0.8518518518518519,2.0625,0.5625,2.5,2.0,0.4,1759.919,6.0,0.3333333333333333,0.16666666666666666,0.5,1.1666666666666667,1.1666666666666667,1.5,-0.3333333333333333,1.0,1.3333333333333333,1.3333333333333333,1.6666666666666667,0.7,1.1666666666666667,1.5,1491.722,37.0,1.0891472868217054,1.5426356589147285,1.8,268.1970000000001,0.0,0.0,0.0,0.0,0.0,1.0,1.0,UEFA/European Championship,round-of-16,438164,2016-06-26T16:00:00+00:00,2016-06-26,Germany,Slovakia,3,0,H,19.0,7.0,7.0,2.0,espn
3.0,0.3333333333333333,0.6666666666666666,0.0,1.6666666666666667,2.0,1.3333333333333333,0.6666666666666666,3.0,3.0,1.5,0.5,0.5,2.0,1.3333333333333333,1516.615,11.0,0.5454545454545454,0.18181818181818182,0.2727272727272727,1.8181818181818181,1.1818181818181819,0.9090909090909091,0.2727272727272727,1.6,0.8,0.8333333333333334,1.0,1.9,1.1,0.8,1552.17,-8.0,-0.15151515151515138,0.3939393939393939,-1.4,-35.555000000000064,0.0,0.0,0.0,0.0,0.0,1.0,1.0,UEFA/European Championship,round-of-16,438163,2016-06-26T19:00:00+00:00,2016-06-26,Hungary,Belgium,0,4,A,16.0,25.0,6.0,14.0,espn
33.0,0.696969696969697,0.18181818181818182,0.12121212121212122,2.272727272727273,1.9090909090909092,0.6363636363636364,1.2727272727272727,2.1666666666666665,0.6666666666666666,1.2222222222222223,0.5555555555555556,2.7,2.6,0.3,1725.724,23.0,0.6521739130434783,0.08695652173913043,0.2608695652173913,2.0434782608695654,1.8695652173913044,0.9565217391304348,0.9130434782608695,2.0,0.9285714285714286,1.6666666666666667,1.0,2.5,2.7,0.9,1658.608,10.0,0.22924901185770752,0.3596837944664032,0.20000000000000018,67.11599999999999,2.0,0.5,0.0,0.5,0.0,1.0,1.0,CONMEBOL/Copa America,final,444696,2016-06-27T00:00:00+00:00,2016-06-27,Argentina,Chile,0,0,A,0.0,0.0,0.0,0.0,espn
33.0,0.45454545454545453,0.30303030303030304,0.24242424242424243,1.6666666666666667,1.1515151515151516,0.8787878787878788,0.2727272727272727,1.1666666666666667,0.7222222222222222,1.1333333333333333,1.0666666666666667,1.8,0.9,0.9,1575.351,36.0,0.7222222222222222,0.08333333333333333,0.19444444444444445,2.25,1.6388888888888888,0.6944444444444444,0.9444444444444444,1.8,0.85,1.4375,0.5,2.1,1.6,0.9,1673.705,-3.0,-0.5833333333333333,-0.6717171717171717,-0.30000000000000004,-98.35399999999981,3.0,0.0,0.6666666666666666,-1.3333333333333333,0.0,1.0,1.0,UEFA/European Championship,round-of-16,438162,2016-06-27T16:00:00+00:00,2016-06-27,Italy,Spain,2,0,H,11.0,14.0,7.0,5.0,espn
25.0,0.32,0.4,0.28,1.36,1.2,1.04,0.16,1.1818181818181819,0.5454545454545454,1.2142857142857142,1.4285714285714286,1.0,0.9,1.0,1509.697,3.0,0.3333333333333333,0.6666666666666666,0.0,1.6666666666666667,1.3333333333333333,1.0,0.3333333333333333,1.5,1.0,1.0,1.0,0.5,1.3333333333333333,1.0,1516.51,22.0,-0.30666666666666664,-0.1733333333333333,0.5,-6.813000000000102,0.0,0.0,0.0,0.0,0.0,1.0,1.0,UEFA/European Championship,round-of-16,438161,2016-06-27T19:00:00+00:00,2016-06-27,England,Iceland,1,2,A,18.0,8.0,5.0,5.0,espn
15.0,0.3333333333333333,0.26666666666666666,0.4,1.2666666666666666,0.6,1.1333333333333333,-0.5333333333333333,0.6666666666666666,0.8333333333333334,0.5555555555555556,1.3333333333333333,1.6,0.7,0.7,1508.978,32.0,0.46875,0.1875,0.34375,1.59375,1.53125,1.125,0.40625,1.6666666666666667,0.7777777777777778,1.3571428571428572,1.5714285714285714,1.6,1.2,1.2,1575.843,-17.0,-0.3270833333333334,-0.9395833333333333,0.0,-66.86500000000001,1.0,0.0,0.0,-4.0,0.0,1.0,1.0,UEFA/European Championship,quarterfinals,438160,2016-06-30T19:00:00+00:00,2016-06-30,Poland,Portugal,1,1,A,14.0,21.0,5.0,6.0,espn
4.0,0.75,0.0,0.25,2.25,1.75,0.75,1.0,1.5,0.5,2.0,1.0,0.9,1.75,0.75,1529.283,12.0,0.5833333333333334,0.16666666666666666,0.25,1.9166666666666667,1.4166666666666667,0.8333333333333334,0.5833333333333334,1.6,0.8,1.2857142857142858,0.8571428571428571,2.1,1.4,0.7,1569.714,-8.0,0.33333333333333326,0.41666666666666663,-1.2000000000000002,-40.43100000000004,0.0,0.0,0.0,0.0,0.0,1.0,1.0,UEFA/European Championship,quarterfinals,438159,2016-07-01T19:00:00+00:00,2016-07-01,Wales,Belgium,3,1,H,15.0,14.0,7.0,4.0,espn
44.0,0.7272727272727273,0.09090909090909091,0.18181818181818182,2.272727272727273,1.9772727272727273,0.7272727272727273,1.25,1.9285714285714286,0.8214285714285714,2.0625,0.5625,2.8,2.2,0.2,1766.237,34.0,0.47058823529411764,0.29411764705882354,0.23529411764705882,1.7058823529411764,1.1764705882352942,0.8529411764705882,0.3235294117647059,1.2105263157894737,0.6842105263157895,1.1333333333333333,1.0666666666666667,1.8,0.9,0.9,1596.233,10.0,0.5668449197860965,0.9264705882352942,0.9999999999999998,170.00400000000013,2.0,0.0,0.0,-1.5,0.0,1.0,1.0,UEFA/European Championship,quarterfinals,438158,2016-07-02T19:00:00+00:00,2016-07-02,Germany,Italy,1,1,H,14.0,12.0,4.0,3.0,espn
32.0,0.375,0.28125,0.34375,1.40625,1.125,0.96875,0.15625,1.0,0.875,1.25,1.0625,2.0,1.6,0.7,1553.056,4.0,0.5,0.5,0.0,2.0,1.5,1.0,0.5,1.5,1.0,1.5,1.0,0.8,1.5,1.0,1531.004,28.0,-0.59375,-0.34375,1.2,22.052000000000135,0.0,0.0,0.0,0.0,0.0,1.0,1.0,UEFA/European Championship,quarterfinals,438157,2016-07-03T19:00:00+00:00,2016-07-03,France,Iceland,5,2,H,15.0,11.0,8.0,5.0,espn
33.0,0.48484848484848486,0.18181818181818182,0.3333333333333333,1.6363636363636365,1.5151515151515151,1.121212121212121,0.3939393939393939,1.6666666666666667,0.7777777777777778,1.3333333333333333,1.5333333333333334,1.6,1.1,1.2,1587.816,5.0,0.8,0.0,0.2,2.4,2.0,0.8,1.2,2.0,0.6666666666666666,2.0,1.0,1.2,2.0,0.8,1547.547,28.0,-0.7636363636363634,-0.806060606060606,0.40000000000000013,40.269000000000005,0.0,0.0,0.0,0.0,0.0,1.0,1.0,UEFA/European Championship,semifinals,438156,2016-07-06T19:00:00+00:00,2016-07-06,Portugal,Wales,2,0,H,17.0,9.0,6.0,3.0,espn
45.0,0.7333333333333333,0.08888888888888889,0.17777777777777778,2.2888888888888888,1.9555555555555555,0.7333333333333333,1.2222222222222223,1.896551724137931,0.8275862068965517,2.0625,0.5625,2.8,1.9,0.3,1774.314,33.0,0.3939393939393939,0.2727272727272727,0.3333333333333333,1.4545454545454546,1.2424242424242424,1.0,0.24242424242424243,1.2352941176470589,0.9411764705882353,1.25,1.0625,2.3,2.1,0.7,1569.87,12.0,0.8343434343434342,0.9797979797979799,0.5,204.4440000000002,1.0,1.0,0.0,1.0,0.0,1.0,1.0,UEFA/European Championship,semifinals,438155,2016-07-07T19:00:00+00:00,2016-07-07,Germany,France,0,2,A,17.0,15.0,6.0,7.0,espn
34.0,0.5,0.17647058823529413,0.3235294117647059,1.6764705882352942,1.5294117647058822,1.088235294117647,0.4411764705882353,1.6842105263157894,0.7368421052631579,1.3333333333333333,1.5333333333333334,1.6,1.2,1.2,1602.295,34.0,0.4117647058823529,0.2647058823529412,0.3235294117647059,1.5,1.2647058823529411,0.9705882352941176,0.29411764705882354,1.2352941176470589,0.9411764705882353,1.2941176470588236,1.0,2.3,2.0,0.7,1594.893,0.0,0.17647058823529416,0.14705882352941174,-0.6999999999999997,7.402000000000044,1.0,0.0,0.0,-1.0,0.0,1.0,1.0,UEFA/European Championship,final,438154,2016-07-10T19:00:00+00:00,2016-07-10,Portugal,France,1,0,H,9.0,18.0,3.0,7.0,espn
7.0,0.5714285714285714,0.14285714285714285,0.2857142857142857,1.8571428571428572,1.2857142857142858,0.8571428571428571,0.42857142857142855,1.1666666666666667,1.0,2.0,0.0,1.3,1.2857142857142858,0.8571428571428571,1519.395,0.0,0.0,0.0,0.0,0.0,0.0,0.0,0.0,0.0,0.0,0.0,0.0,0.0,0.0,0.0,1500.0,7.0,1.8571428571428572,0.42857142857142855,1.3,19.394999999999982,0.0,0.0,0.0,0.0,0.0,0.0,1.0,CAF/Africa Cup of Nations,group-stage-2017,467905,2017-01-14T16:00:00+00:00,2017-01-14,Gabon,Guinea-Bissau,1,1,D,3.0,2.0,1.0,0.0,espn
12.0,0.16666666666666666,0.3333333333333333,0.5,0.8333333333333334,0.8333333333333334,1.0833333333333333,-0.25,1.1666666666666667,0.8333333333333334,0.5,1.3333333333333333,1.0,0.9,0.9,1458.195,12.0,0.08333333333333333,0.25,0.6666666666666666,0.5,0.5833333333333334,1.6666666666666667,-1.0833333333333333,0.625,2.0,0.5,1.0,0.2,0.5,1.9,1406.572,0.0,0.33333333333333337,0.8333333333333333,0.8,51.62300000000005,0.0,0.0,0.0,0.0,0.0,0.0,1.0,CAF/Africa Cup of Nations,group-stage-2017,467904,2017-01-14T19:00:00+00:00,2017-01-14,Burkina Faso,Cameroon,1,1,D,17.0,14.0,5.0,7.0,espn
14.0,0.21428571428571427,0.21428571428571427,0.5714285714285714,0.8571428571428571,1.0714285714285714,1.3571428571428572,-0.2857142857142857,1.2,1.4,1.0,1.3333333333333333,1.1,1.5,1.6,1454.845,0.0,0.0,0.0,0.0,0.0,0.0,0.0,0.0,0.0,0.0,0.0,0.0,0.0,0.0,0.0,1500.0,14.0,0.8571428571428571,-0.2857142857142857,1.1,-45.15499999999997,0.0,0.0,0.0,0.0,0.0,0.0,1.0,CAF/Africa Cup of Nations,group-stage-2017,467903,2017-01-15T16:00:00+00:00,2017-01-15,Algeria,Zimbabwe,2,2,D,21.0,11.0,8.0,8.0,espn
16.0,0.25,0.3125,0.4375,1.0625,1.0,1.4375,-0.4375,1.2,1.2,0.9090909090909091,1.5454545454545454,1.2,1.0,1.3,1465.973,11.0,0.2727272727272727,0.2727272727272727,0.45454545454545453,1.0909090909090908,1.1818181818181819,1.4545454545454546,-0.2727272727272727,1.0,2.0,1.2857142857142858,1.1428571428571428,0.9,1.2,1.6,1468.849,5.0,-0.02840909090909083,-0.1647727272727273,0.29999999999999993,-2.8759999999999764,0.0,0.0,0.0,0.0,0.0,0.0,1.0,CAF/Africa Cup of Nations,group-stage-2017,467902,2017-01-15T19:00:00+00:00,2017-01-15,Tunisia,Senegal,0,2,A,18.0,8.0,4.0,2.0,espn
24.0,0.5833333333333334,0.16666666666666666,0.25,1.9166666666666667,1.625,0.9583333333333334,0.6666666666666666,1.8461538461538463,0.6923076923076923,1.3636363636363635,1.2727272727272727,1.7,1.4,1.1,1587.482,7.0,0.14285714285714285,0.14285714285714285,0.7142857142857143,0.5714285714285714,0.7142857142857143,1.4285714285714286,-0.7142857142857143,0.3333333333333333,1.6666666666666667,1.0,1.25,0.4,0.7142857142857143,1.4285714285714286,1438.775,17.0,1.3452380952380953,1.380952380952381,1.2999999999999998,148.70699999999988,1.0,1.0,0.0,1.0,0.0,0.0,1.0,CAF/Africa Cup of Nations,group-stage-2017,467901,2017-01-16T16:00:00+00:00,2017-01-16,Ivory Coast,Togo,0,0,D,10.0,8.0,2.0,1.0,espn
9.0,0.2222222222222222,0.6666666666666666,0.1111111111111111,1.3333333333333333,1.1111111111111112,1.1111111111111112,0.0,0.75,1.25,1.4,1.0,1.2,1.1111111111111112,1.1111111111111112,1518.444,6.0,0.16666666666666666,0.5,0.3333333333333333,1.0,1.1666666666666667,1.3333333333333333,-0.16666666666666666,1.3333333333333333,1.6666666666666667,1.0,1.0,0.6,1.1666666666666667,1.3333333333333333,1486.587,3.0,0.33333333333333326,0.16666666666666666,0.6,31.85699999999997,0.0,0.0,0.0,0.0,0.0,0.0,1.0,CAF/Africa Cup of Nations,group-stage-2017,467900,2017-01-16T19:00:00+00:00,2017-01-16,Congo DR,Morocco,1,0,H,4.0,15.0,2.0,2.0,espn
29.0,0.4827586206896552,0.13793103448275862,0.3793103448275862,1.5862068965517242,1.2758620689655173,0.9655172413793104,0.3103448275862069,1.4375,0.8125,1.0769230769230769,1.1538461538461537,1.3,1.4,1.1,1540.076,0.0,0.0,0.0,0.0,0.0,0.0,0.0,0.0,0.0,0.0,0.0,0.0,0.0,0.0,0.0,1500.0,29.0,1.5862068965517242,0.3103448275862069,1.3,40.07600000000002,0.0,0.0,0.0,0.0,0.0,0.0,1.0,CAF/Africa Cup of Nations,group-stage-2017,467899,2017-01-17T16:00:00+00:00,2017-01-17,Ghana,Uganda,1,0,H,10.0,12.0,5.0,4.0,espn
15.0,0.3333333333333333,0.4,0.26666666666666666,1.4,1.0666666666666667,1.0666666666666667,0.0,1.1666666666666667,1.1666666666666667,1.0,1.0,1.4,1.2,1.1,1511.236,0.0,0.0,0.0,0.0,0.0,0.0,0.0,0.0,0.0,0.0,0.0,0.0,0.0,0.0,0.0,1500.0,15.0,1.4,0.0,1.4,11.236000000000104,0.0,0.0,0.0,0.0,0.0,0.0,1.0,CAF/Africa Cup of Nations,group-stage-2017,467898,2017-01-17T19:00:00+00:00,2017-01-17,Mali,Egypt,0,0,D,13.0,7.0,2.0,3.0,espn
8.0,0.5,0.25,0.25,1.75,1.25,0.875,0.375,1.1428571428571428,1.0,2.0,0.0,1.4,1.25,0.875,1518.571,13.0,0.15384615384615385,0.38461538461538464,0.46153846153846156,0.8461538461538461,0.8461538461538461,1.0769230769230769,-0.23076923076923078,1.1428571428571428,0.8571428571428571,0.5,1.3333333333333333,1.1,0.9,0.8,1456.014,-5.0,0.9038461538461539,0.6057692307692308,0.2999999999999998,62.557000000000016,1.0,1.0,0.0,2.0,0.0,0.0,1.0,CAF/Africa Cup of Nations,group-stage-2017,467897,2017-01-18T16:00:00+00:00,2017-01-18,Gabon,Burkina Faso,1,1,D,13.0,9.0,5.0,4.0,espn
13.0,0.07692307692307693,0.3076923076923077,0.6153846153846154,0.5384615384615384,0.6153846153846154,1.6153846153846154,-1.0,0.625,2.0,0.6,1.0,0.3,0.6,1.8,1408.753,1.0,0.0,1.0,0.0,1.0,1.0,1.0,0.0,0.0,0.0,1.0,1.0,0.1,1.0,1.0,1500.824,12.0,-0.46153846153846156,-1.0,0.19999999999999998,-92.07100000000014,0.0,0.0,0.0,0.0,0.0,0.0,1.0,CAF/Africa Cup of Nations,group-stage-2017,467896,2017-01-18T19:00:00+00:00,2017-01-18,Cameroon,Guinea-Bissau,2,1,H,18.0,7.0,6.0,4.0,espn
15.0,0.2,0.26666666666666666,0.5333333333333333,0.8666666666666667,1.1333333333333333,1.4,-0.26666666666666666,1.3333333333333333,1.5,1.0,1.3333333333333333,1.2,1.7,1.6,1456.756,17.0,0.23529411764705882,0.29411764705882354,0.47058823529411764,1.0,0.9411764705882353,1.4705882352941178,-0.5294117647058824,1.0,1.3333333333333333,0.9090909090909091,1.5454545454545454,0.9,0.8,1.4,1449.74,-2.0,-0.1333333333333333,0.2627450980392157,0.29999999999999993,7.016000000000076,1.0,0.0,0.0,-1.0,0.0,0.0,1.0,CAF/Africa Cup of Nations,group-stage-2017,467895,2017-01-19T16:00:00+00:00,2017-01-19,Algeria,Tunisia,1,2,A,6.0,12.0,5.0,4.0,espn
12.0,0.3333333333333333,0.25,0.4166666666666667,1.25,1.25,1.3333333333333333,-0.08333333333333333,1.0,2.0,1.375,1.0,1.1,1.3,1.5,1485.082,1.0,0.0,1.0,0.0,1.0,2.0,2.0,0.0,0.0,0.0,2.0,2.0,0.1,2.0,2.0,1498.089,11.0,0.25,-0.08333333333333333,1.0,-13.006999999999834,0.0,0.0,0.0,0.0,0.0,0.0,1.0,CAF/Africa Cup of Nations,group-stage-2017,467894,2017-01-19T19:00:00+00:00,2017-01-19,Senegal,Zimbabwe,2,0,H,24.0,14.0,9.0,3.0,espn
25.0,0.56,0.2,0.24,1.88,1.56,0.92,0.64,1.7142857142857142,0.6428571428571429,1.3636363636363635,1.2727272727272727,1.8,1.3,0.9,1581.514,10.0,0.3,0.6,0.1,1.5,1.1,1.0,0.1,0.8,1.0,1.4,1.0,1.5,1.1,1.0,1531.876,15.0,0.3799999999999999,0.54,0.30000000000000004,49.63799999999992,1.0,1.0,0.0,2.0,0.0,0.0,1.0,CAF/Africa Cup of Nations,group-stage-2017,467893,2017-01-20T16:00:00+00:00,2017-01-20,Ivory Coast,Congo DR,2,2,D,13.0,6.0,5.0,2.0,espn
7.0,0.14285714285714285,0.42857142857142855,0.42857142857142855,0.8571428571428571,1.0,1.2857142857142858,-0.2857142857142857,1.3333333333333333,1.6666666666666667,0.75,1.0,0.6,1.0,1.2857142857142858,1473.155,8.0,0.125,0.25,0.625,0.625,0.625,1.25,-0.625,0.3333333333333333,1.6666666666666667,0.8,1.0,0.5,0.625,1.25,1444.743,-1.0,0.2321428571428571,0.3392857142857143,0.09999999999999998,28.412000000000035,0.0,0.0,0.0,0.0,0.0,0.0,1.0,CAF/Africa Cup of Nations,group-stage-2017,467892,2017-01-20T19:00:00+00:00,2017-01-20,Morocco,Togo,3,1,H,15.0,12.0,5.0,4.0,espn
30.0,0.5,0.13333333333333333,0.36666666666666664,1.6333333333333333,1.2666666666666666,0.9333333333333333,0.3333333333333333,1.411764705882353,0.7647058823529411,1.0769230769230769,1.1538461538461537,1.5,1.4,1.0,1553.162,16.0,0.3125,0.4375,0.25,1.375,1.0,1.0,0.0,1.0,1.0,1.0,1.0,1.2,1.0,1.1,1510.758,14.0,0.2583333333333333,0.3333333333333333,0.30000000000000004,42.403999999999996,4.0,0.5,0.0,-0.25,0.0,0.0,1.0,CAF/Africa Cup of Nations,group-stage-2017,467891,2017-01-21T16:00:00+00:00,2017-01-21,Ghana,Mali,1,0,H,7.0,14.0,2.0,3.0,espn
1.0,0.0,1.0,0.0,1.0,0.0,0.0,0.0,0.0,0.0,0.0,0.0,0.1,0.0,0.0,1500.478,1.0,0.0,0.0,1.0,0.0,0.0,1.0,-1.0,0.0,0.0,0.0,1.0,0.0,0.0,1.0,1486.914,0.0,1.0,1.0,0.1,13.564000000000078,0.0,0.0,0.0,0.0,0.0,0.0,1.0,CAF/Africa Cup of Nations,group-stage-2017,467890,2017-01-21T19:00:00+00:00,2017-01-21,Egypt,Uganda,1,0,H,13.0,2.0,3.0,0.0,espn
14.0,0.14285714285714285,0.2857142857142857,0.5714285714285714,0.7142857142857143,0.7142857142857143,1.5714285714285714,-0.8571428571428571,0.7777777777777778,1.8888888888888888,0.6,1.0,0.6,0.8,1.8,1427.366,9.0,0.4444444444444444,0.3333333333333333,0.2222222222222222,1.6666666666666667,1.2222222222222223,0.8888888888888888,0.3333333333333333,1.125,1.0,2.0,0.0,1.5,1.2222222222222223,0.8888888888888888,1515.937,5.0,-0.9523809523809524,-1.1904761904761905,-0.9,-88.57099999999991,0.0,0.0,0.0,0.0,0.0,0.0,1.0,CAF/Africa Cup of Nations,group-stage-2017,467889,2017-01-22T19:00:00+00:00,2017-01-22,Cameroon,Gabon,0,0,D,9.0,6.0,1.0,1.0,espn
2.0,0.0,0.5,0.5,0.5,1.0,1.5,-0.5,0.0,0.0,1.0,1.5,0.1,1.0,1.5,1482.211,14.0,0.14285714285714285,0.42857142857142855,0.42857142857142855,0.8571428571428571,0.8571428571428571,1.0714285714285714,-0.21428571428571427,1.1428571428571428,0.8571428571428571,0.5714285714285714,1.2857142857142858,1.1,0.9,0.8,1458.648,-12.0,-0.3571428571428571,-0.2857142857142857,-1.0,23.563000000000102,0.0,0.0,0.0,0.0,0.0,0.0,1.0,CAF/Africa Cup of Nations,group-stage-2017,467888,2017-01-22T19:00:00+00:00,2017-01-22,Guinea-Bissau,Burkina Faso,0,2,A,18.0,7.0,3.0,1.0,espn
13.0,0.38461538461538464,0.23076923076923078,0.38461538461538464,1.3846153846153846,1.3076923076923077,1.2307692307692308,0.07692307692307693,1.2,1.6,1.375,1.0,1.3,1.2,1.2,1502.062,16.0,0.1875,0.25,0.5625,0.8125,1.125,1.4375,-0.3125,1.2857142857142858,1.5714285714285714,1.0,1.3333333333333333,1.1,1.6,1.6,1441.673,-3.0,0.5721153846153846,0.3894230769230769,0.19999999999999996,60.388999999999896,1.0,0.0,0.0,-2.0,0.0,0.0,1.0,CAF/Africa Cup of Nations,group-stage-2017,467886,2017-01-23T19:00:00+00:00,2017-01-23,Senegal,Algeria,2,2,D,13.0,10.0,4.0,4.0,espn
2.0,0.0,0.5,0.5,0.5,1.0,2.0,-1.0,0.0,0.0,1.0,2.0,0.1,1.0,2.0,1481.109,18.0,0.2777777777777778,0.2777777777777778,0.4444444444444444,1.1111111111111112,1.0,1.4444444444444444,-0.4444444444444444,1.0,1.3333333333333333,1.0,1.5,1.2,1.0,1.4,1464.823,-16.0,-0.6111111111111112,-0.5555555555555556,-1.0999999999999999,16.28599999999983,0.0,0.0,0.0,0.0,0.0,0.0,1.0,CAF/Africa Cup of Nations,group-stage-2017,467887,2017-01-23T19:00:00+00:00,2017-01-23,Zimbabwe,Tunisia,2,4,A,8.0,14.0,3.0,9.0,espn
8.0,0.25,0.375,0.375,1.125,1.25,1.25,0.0,1.75,1.5,0.75,1.0,0.9,1.25,1.25,1488.187,26.0,0.5384615384615384,0.23076923076923078,0.23076923076923078,1.8461538461538463,1.5769230769230769,0.9615384615384616,0.6153846153846154,1.7333333333333334,0.7333333333333333,1.3636363636363635,1.2727272727272727,1.6,1.3,1.0,1579.416,-18.0,-0.7211538461538463,-0.6153846153846154,-0.7000000000000001,-91.22900000000004,0.0,0.0,0.0,0.0,0.0,0.0,1.0,CAF/Africa Cup of Nations,group-stage-2017,467885,2017-01-24T19:00:00+00:00,2017-01-24,Morocco,Ivory Coast,1,0,H,8.0,11.0,1.0,4.0,espn
9.0,0.1111111111111111,0.2222222222222222,0.6666666666666666,0.5555555555555556,0.6666666666666666,1.4444444444444444,-0.7777777777777778,0.3333333333333333,1.6666666666666667,0.8333333333333334,1.3333333333333333,0.5,0.6666666666666666,1.4444444444444444,1429.711,11.0,0.2727272727272727,0.6363636363636364,0.09090909090909091,1.4545454545454546,1.1818181818181819,1.0909090909090908,0.09090909090909091,0.8,1.0,1.5,1.1666666666666667,1.5,1.1,1.0,1533.974,-2.0,-0.898989898989899,-0.8686868686868687,-1.0,-104.26299999999992,0.0,0.0,0.0,0.0,0.0,0.0,1.0,CAF/Africa Cup of Nations,group-stage-2017,467884,2017-01-24T19:00:00+00:00,2017-01-24,Togo,Congo DR,1,3,A,6.0,17.0,3.0,6.0,espn
2.0,0.5,0.5,0.0,2.0,0.5,0.0,0.5,1.0,0.0,0.0,0.0,0.4,0.5,0.0,1514.685,31.0,0.5161290322580645,0.12903225806451613,0.3548387096774194,1.6774193548387097,1.2580645161290323,0.9032258064516129,0.3548387096774194,1.3888888888888888,0.7222222222222222,1.0769230769230769,1.1538461538461537,1.8,1.4,0.7,1566.151,-29.0,0.32258064516129026,0.14516129032258063,-1.4,-51.46600000000012,0.0,0.0,0.0,0.0,0.0,0.0,1.0,CAF/Africa Cup of Nations,group-stage-2017,467882,2017-01-25T19:00:00+00:00,2017-01-25,Egypt,Ghana,1,0,H,7.0,11.0,1.0,2.0,espn
2.0,0.0,0.0,1.0,0.0,0.0,1.0,-1.0,0.0,0.0,0.0,1.0,0.0,0.0,1.0,1472.707,17.0,0.29411764705882354,0.4117647058823529,0.29411764705882354,1.2941176470588236,0.9411764705882353,1.0,-0.058823529411764705,1.0,1.0,0.9,1.0,0.9,0.9,1.2,1497.769,-15.0,-1.2941176470588236,-0.9411764705882353,-0.9,-25.061999999999898,0.0,0.0,0.0,0.0,0.0,0.0,1.0,CAF/Africa Cup of Nations,group-stage-2017,467883,2017-01-25T19:00:00+00:00,2017-01-25,Uganda,Mali,1,1,D,6.0,13.0,1.0,1.0,espn
15.0,0.2,0.4,0.4,1.0,0.9333333333333333,1.0,-0.06666666666666667,1.1428571428571428,0.8571428571428571,0.75,1.125,1.1,0.7,0.8,1476.124,19.0,0.3157894736842105,0.2631578947368421,0.42105263157894735,1.2105263157894737,1.1578947368421053,1.4736842105263157,-0.3157894736842105,1.0,1.3333333333333333,1.2307692307692308,1.5384615384615385,1.5,1.3,1.4,1481.958,-4.0,-0.21052631578947367,0.24912280701754386,-0.3999999999999999,-5.83400000000006,0.0,0.0,0.0,0.0,0.0,1.0,1.0,CAF/Africa Cup of Nations,quarterfinals,467881,2017-01-28T16:00:00+00:00,2017-01-28,Burkina Faso,Tunisia,2,0,H,12.0,11.0,2.0,3.0,espn
14.0,0.35714285714285715,0.2857142857142857,0.35714285714285715,1.3571428571428572,1.3571428571428572,1.2857142857142858,0.07142857142857142,1.3333333333333333,1.6666666666666667,1.375,1.0,1.1,1.2,1.3,1499.518,15.0,0.13333333333333333,0.3333333333333333,0.5333333333333333,0.7333333333333333,0.6666666666666666,1.4666666666666666,-0.8,0.7,1.7,0.6,1.0,0.7,0.7,1.6,1431.055,-1.0,0.6238095238095239,0.8714285714285714,0.40000000000000013,68.46299999999997,0.0,0.0,0.0,0.0,0.0,1.0,1.0,CAF/Africa Cup of Nations,quarterfinals,467880,2017-01-28T19:00:00+00:00,2017-01-28,Senegal,Cameroon,0,0,A,19.0,12.0,5.0,3.0,espn
12.0,0.3333333333333333,0.5833333333333334,0.08333333333333333,1.5833333333333333,1.3333333333333333,1.0833333333333333,0.25,0.8,1.0,1.7142857142857142,1.1428571428571428,1.7,1.4,1.1,1545.572,32.0,0.5,0.125,0.375,1.625,1.21875,0.90625,0.3125,1.3888888888888888,0.7222222222222222,1.0,1.1428571428571428,1.8,1.3,0.6,1549.193,-20.0,-0.04166666666666674,-0.0625,-0.10000000000000009,-3.6210000000000946,1.0,0.0,1.0,0.0,0.0,1.0,1.0,CAF/Africa Cup of Nations,quarterfinals,467879,2017-01-29T16:00:00+00:00,2017-01-29,Congo DR,Ghana,1,2,A,17.0,10.0,4.0,6.0,espn
3.0,0.6666666666666666,0.3333333333333333,0.0,2.3333333333333335,0.6666666666666666,0.0,0.6666666666666666,1.0,0.0,0.0,0.0,0.7,0.6666666666666666,0.0,1531.643,9.0,0.3333333333333333,0.3333333333333333,0.3333333333333333,1.3333333333333333,1.2222222222222223,1.1111111111111112,0.1111111111111111,1.6,1.2,0.75,1.0,1.2,1.2222222222222223,1.1111111111111112,1506.766,-6.0,1.0000000000000002,0.5555555555555556,-0.5,24.876999999999953,0.0,0.0,0.0,0.0,0.0,1.0,1.0,CAF/Africa Cup of Nations,quarterfinals,467878,2017-01-29T19:00:00+00:00,2017-01-29,Egypt,Morocco,1,0,H,6.0,16.0,4.0,4.0,espn
16.0,0.25,0.375,0.375,1.125,1.0,0.9375,0.0625,1.25,0.75,0.75,1.125,1.3,0.9,0.8,1492.767,4.0,0.75,0.25,0.0,2.5,0.75,0.0,0.75,1.0,0.0,0.0,0.0,1.0,0.75,0.0,1545.37,12.0,-1.375,-0.6875,0.30000000000000004,-52.60299999999984,0.0,0.0,0.0,0.0,0.0,1.0,1.0,CAF/Africa Cup of Nations,semifinals,467877,2017-02-01T19:00:00+00:00,2017-02-01,Burkina Faso,Egypt,1,1,A,24.0,7.0,9.0,2.0,espn
16.0,0.1875,0.3125,0.5,0.875,0.625,1.375,-0.75,0.7,1.7,0.5,0.8333333333333334,1.0,0.6,1.4,1448.715,33.0,0.5151515151515151,0.12121212121212122,0.36363636363636365,1.6666666666666667,1.2424242424242424,0.9090909090909091,0.3333333333333333,1.3888888888888888,0.7222222222222222,1.0666666666666667,1.1333333333333333,2.1,1.4,0.5,1563.823,-17.0,-0.7916666666666667,-1.0833333333333333,-1.1,-115.10800000000017,0.0,0.0,0.0,0.0,0.0,1.0,1.0,CAF/Africa Cup of Nations,semifinals,467876,2017-02-02T19:00:00+00:00,2017-02-02,Cameroon,Ghana,2,0,H,10.0,12.0,4.0,2.0,espn
17.0,0.23529411764705882,0.35294117647058826,0.4117647058823529,1.0588235294117647,1.0,0.9411764705882353,0.058823529411764705,1.2222222222222223,0.7777777777777778,0.75,1.125,1.0,0.9,0.9,1480.204,34.0,0.5,0.11764705882352941,0.38235294117647056,1.6176470588235294,1.2058823529411764,0.9411764705882353,0.2647058823529412,1.3888888888888888,0.7222222222222222,1.0,1.1875,2.1,1.3,0.5,1542.222,-17.0,-0.5588235294117647,-0.20588235294117646,-1.1,-62.01800000000003,1.0,0.0,1.0,0.0,0.0,1.0,1.0,CAF/Africa Cup of Nations,third-place,467875,2017-02-04T19:00:00+00:00,2017-02-04,Burkina Faso,Ghana,1,0,H,12.0,18.0,4.0,2.0,espn
5.0,0.8,0.2,0.0,2.6,0.8,0.2,0.6,1.0,0.0,0.5,0.5,1.3,0.8,0.2,1557.933,17.0,0.23529411764705882,0.29411764705882354,0.47058823529411764,1.0,0.7058823529411765,1.2941176470588236,-0.5882352941176471,0.8181818181818182,1.5454545454545454,0.5,0.8333333333333334,1.3,0.8,1.3,1470.316,-12.0,1.6,1.188235294117647,0.0,87.61699999999996,0.0,0.0,0.0,0.0,0.0,1.0,1.0,CAF/Africa Cup of Nations,final,467874,2017-02-05T19:00:00+00:00,2017-02-05,Egypt,Cameroon,1,2,A,4.0,15.0,2.0,3.0,espn
0.0,0.0,0.0,0.0,0.0,0.0,0.0,0.0,0.0,0.0,0.0,0.0,0.0,0.0,0.0,1500.0,9.0,0.1111111111111111,0.4444444444444444,0.4444444444444444,0.7777777777777778,0.2222222222222222,0.7777777777777778,-0.5555555555555556,0.5,0.5,0.0,1.0,0.7,0.2222222222222222,0.7777777777777778,1459.84,-9.0,-0.7777777777777778,0.5555555555555556,-0.7,40.16000000000008,0.0,0.0,0.0,0.0,0.0,0.0,1.0,CONCACAF/Gold Cup,group-stage-2017,475846,2017-07-07T23:00:00+00:00,2017-07-07,French Guiana,Canada,2,4,A,10.0,11.0,5.0,5.0,espn
19.0,0.21052631578947367,0.21052631578947367,0.5789473684210527,0.8421052631578947,0.8421052631578947,1.3157894736842106,-0.47368421052631576,0.4,1.2,1.3333333333333333,1.4444444444444444,0.7,0.6,1.7,1404.995,28.0,0.2857142857142857,0.2857142857142857,0.42857142857142855,1.1428571428571428,1.1428571428571428,1.3571428571428572,-0.21428571428571427,1.5,1.0833333333333333,0.875,1.5625,1.1,0.7,1.0,1484.246,-9.0,-0.3007518796992481,-0.2593984962406015,-0.40000000000000013,-79.2510000000002,2.0,0.5,0.5,0.5,0.0,0.0,1.0,CONCACAF/Gold Cup,group-stage-2017,475847,2017-07-08T01:00:00+00:00,2017-07-08,Honduras,Costa Rica,0,1,A,15.0,9.0,3.0,2.0,espn
39.0,0.5128205128205128,0.1794871794871795,0.3076923076923077,1.7179487179487178,1.6923076923076923,1.1282051282051282,0.5641025641025641,1.7307692307692308,1.1923076923076923,1.6153846153846154,1.0,1.4,1.6,1.2,1576.618,20.0,0.35,0.4,0.25,1.45,1.4,1.35,0.05,1.8,1.0,1.0,1.7,0.8,1.0,1.8,1519.478,19.0,0.2679487179487179,0.514102564102564,0.5999999999999999,57.13999999999987,5.0,0.4,0.4,0.2,0.0,0.0,1.0,CONCACAF/Gold Cup,group-stage-2017,475844,2017-07-08T20:30:00+00:00,2017-07-08,United States,Panama,1,1,D,12.0,12.0,4.0,6.0,espn
3.0,0.3333333333333333,0.0,0.6666666666666666,1.0,0.6666666666666666,1.3333333333333333,-0.6666666666666666,1.0,3.0,0.5,0.5,0.3,0.6666666666666666,1.3333333333333333,1485.018,0.0,0.0,0.0,0.0,0.0,0.0,0.0,0.0,0.0,0.0,0.0,0.0,0.0,0.0,0.0,1500.0,3.0,1.0,-0.6666666666666666,0.3,-14.981999999999971,0.0,0.0,0.0,0.0,0.0,0.0,1.0,CONCACAF/Gold Cup,group-stage-2017,475845,2017-07-08T23:00:00+00:00,2017-07-08,Martinique,Nicaragua,2,0,H,19.0,17.0,11.0,4.0,espn
0.0,0.0,0.0,0.0,0.0,0.0,0.0,0.0,0.0,0.0,0.0,0.0,0.0,0.0,0.0,1500.0,16.0,0.4375,0.0625,0.5,1.375,0.9375,1.0625,-0.125,1.2857142857142858,0.8571428571428571,0.6666666666666666,1.2222222222222223,1.3,0.8,1.3,1490.326,-16.0,-1.375,0.125,-1.3,9.673999999999978,0.0,0.0,0.0,0.0,0.0,0.0,1.0,CONCACAF/Gold Cup,group-stage-2017,475843,2017-07-09T23:00:00+00:00,2017-07-09,Curacao,Jamaica,0,2,A,21.0,13.0,6.0,6.0,espn
41.0,0.4878048780487805,0.21951219512195122,0.2926829268292683,1.6829268292682926,1.7317073170731707,1.146341463414634,0.5853658536585366,1.7619047619047619,1.1428571428571428,1.7,1.15,2.1,2.2,1.5,1597.569,11.0,0.18181818181818182,0.45454545454545453,0.36363636363636365,1.0,1.1818181818181819,1.6363636363636365,-0.45454545454545453,2.25,0.75,0.5714285714285714,2.142857142857143,1.1,1.3,1.3,1467.027,30.0,0.6829268292682926,1.039911308203991,1.0,130.54199999999992,1.0,1.0,0.0,5.0,0.0,0.0,1.0,CONCACAF/Gold Cup,group-stage-2017,475842,2017-07-10T01:00:00+00:00,2017-07-10,Mexico,El Salvador,3,1,H,16.0,12.0,7.0,4.0,espn
29.0,0.3103448275862069,0.27586206896551724,0.41379310344827586,1.206896551724138,1.1379310344827587,1.3103448275862069,-0.1724137931034483,1.5,1.0833333333333333,0.8823529411764706,1.4705882352941178,1.1,0.7,1.0,1495.715,10.0,0.2,0.4,0.4,1.0,0.6,0.9,-0.3,0.5,0.5,0.6666666666666666,1.1666666666666667,1.0,0.6,0.9,1478.092,19.0,0.2068965517241379,0.1275862068965517,0.10000000000000009,17.62299999999982,1.0,0.0,1.0,0.0,0.0,0.0,1.0,CONCACAF/Gold Cup,group-stage-2017,475840,2017-07-11T23:30:00+00:00,2017-07-11,Costa Rica,Canada,1,1,D,20.0,10.0,10.0,1.0,espn
20.0,0.2,0.2,0.6,0.8,0.8,1.3,-0.5,0.36363636363636365,1.1818181818181819,1.3333333333333333,1.4444444444444444,0.4,0.5,1.8,1393.526,1.0,0.0,0.0,1.0,0.0,2.0,4.0,-2.0,2.0,4.0,0.0,0.0,0.0,2.0,4.0,1481.748,19.0,0.8,1.5,0.4,-88.22199999999998,0.0,0.0,0.0,0.0,0.0,0.0,1.0,CONCACAF/Gold Cup,group-stage-2017,475841,2017-07-12T02:00:00+00:00,2017-07-12,Honduras,French Guiana,0,0,D,20.0,16.0,7.0,6.0,espn
21.0,0.3333333333333333,0.42857142857142855,0.23809523809523808,1.4285714285714286,1.380952380952381,1.3333333333333333,0.047619047619047616,1.8,1.0,1.0,1.6363636363636365,0.9,1.1,1.8,1521.888,1.0,0.0,0.0,1.0,0.0,0.0,2.0,-2.0,0.0,0.0,0.0,2.0,0.0,0.0,2.0,1482.927,20.0,1.4285714285714286,2.0476190476190474,0.9,38.96100000000001,0.0,0.0,0.0,0.0,0.0,0.0,1.0,CONCACAF/Gold Cup,group-stage-2017,475839,2017-07-12T22:30:00+00:00,2017-07-12,Panama,Nicaragua,2,1,H,13.0,11.0,5.0,4.0,espn
40.0,0.5,0.2,0.3,1.7,1.675,1.125,0.55,1.7037037037037037,1.1851851851851851,1.6153846153846154,1.0,1.4,1.6,1.2,1574.208,4.0,0.5,0.0,0.5,1.5,1.0,1.0,0.0,1.5,1.5,0.5,0.5,0.6,1.0,1.0,1502.091,36.0,0.19999999999999996,0.55,0.7999999999999999,72.11700000000019,0.0,0.0,0.0,0.0,0.0,0.0,1.0,CONCACAF/Gold Cup,group-stage-2017,475838,2017-07-13T01:00:00+00:00,2017-07-13,United States,Martinique,3,2,H,21.0,13.0,10.0,5.0,espn
12.0,0.16666666666666666,0.4166666666666667,0.4166666666666667,0.9166666666666666,1.1666666666666667,1.75,-0.5833333333333334,2.25,0.75,0.625,2.25,1.0,1.3,1.5,1456.535,1.0,0.0,0.0,1.0,0.0,0.0,2.0,-2.0,0.0,2.0,0.0,0.0,0.0,0.0,2.0,1483.176,11.0,0.9166666666666666,1.4166666666666665,1.0,-26.64099999999985,0.0,0.0,0.0,0.0,0.0,0.0,1.0,CONCACAF/Gold Cup,group-stage-2017,475836,2017-07-14T00:00:00+00:00,2017-07-14,El Salvador,Curacao,2,0,H,17.0,13.0,9.0,4.0,espn
42.0,0.5,0.21428571428571427,0.2857142857142857,1.7142857142857142,1.7619047619047619,1.1428571428571428,0.6190476190476191,1.8181818181818181,1.1363636363636365,1.7,1.15,2.1,1.9,1.6,1608.061,17.0,0.47058823529411764,0.058823529411764705,0.47058823529411764,1.4705882352941178,1.0,1.0,0.0,1.2857142857142858,0.8571428571428571,0.8,1.1,1.6,1.0,1.2,1507.15,25.0,0.24369747899159644,0.6190476190476191,0.5,100.91099999999983,2.0,1.0,0.0,2.0,0.0,0.0,1.0,CONCACAF/Gold Cup,group-stage-2017,475837,2017-07-14T02:30:00+00:00,2017-07-14,Mexico,Jamaica,0,0,D,14.0,5.0,3.0,0.0,espn
30.0,0.3,0.3,0.4,1.2,1.1333333333333333,1.3,-0.16666666666666666,1.4615384615384615,1.0769230769230769,0.8823529411764706,1.4705882352941178,1.1,0.8,1.1,1494.966,2.0,0.0,0.5,0.5,0.5,1.0,2.0,-1.0,2.0,4.0,0.0,0.0,0.1,1.0,2.0,1478.073,28.0,0.7,0.8333333333333334,1.0,16.8929999999998,0.0,0.0,0.0,0.0,0.0,0.0,1.0,CONCACAF/Gold Cup,group-stage-2017,475834,2017-07-14T23:30:00+00:00,2017-07-14,Costa Rica,French Guiana,3,0,H,15.0,8.0,6.0,1.0,espn
11.0,0.18181818181818182,0.45454545454545453,0.36363636363636365,1.0,0.6363636363636364,0.9090909090909091,-0.2727272727272727,0.5,0.5,0.7142857142857143,1.1428571428571428,1.1,0.7,0.8,1478.841,21.0,0.19047619047619047,0.23809523809523808,0.5714285714285714,0.8095238095238095,0.7619047619047619,1.2380952380952381,-0.47619047619047616,0.3333333333333333,1.0833333333333333,1.3333333333333333,1.4444444444444444,0.5,0.5,1.6,1397.201,-10.0,0.19047619047619047,0.20346320346320346,0.6000000000000001,81.63999999999987,0.0,0.0,0.0,0.0,0.0,0.0,1.0,CONCACAF/Gold Cup,group-stage-2017,475835,2017-07-15T02:00:00+00:00,2017-07-15,Canada,Honduras,0,0,D,12.0,19.0,3.0,7.0,espn
22.0,0.36363636363636365,0.4090909090909091,0.22727272727272727,1.5,1.4090909090909092,1.3181818181818181,0.09090909090909091,1.8181818181818181,1.0,1.0,1.6363636363636365,1.1,1.2,1.8,1535.021,5.0,0.4,0.0,0.6,1.2,1.2,1.4,-0.2,1.5,1.5,1.0,1.3333333333333333,0.6,1.2,1.4,1490.332,17.0,0.30000000000000004,0.2909090909090909,0.5000000000000001,44.68899999999985,1.0,1.0,0.0,1.0,0.0,0.0,1.0,CONCACAF/Gold Cup,group-stage-2017,475832,2017-07-15T20:30:00+00:00,2017-07-15,Panama,Martinique,3,0,H,10.0,11.0,3.0,2.0,espn
2.0,0.0,0.0,1.0,0.0,0.5,2.0,-1.5,0.0,0.0,0.5,2.0,0.0,0.5,2.0,1469.794,41.0,0.5121951219512195,0.1951219512195122,0.2926829268292683,1.7317073170731707,1.7073170731707317,1.146341463414634,0.5609756097560976,1.75,1.2142857142857142,1.6153846153846154,1.0,1.4,1.3,1.4,1585.967,-39.0,-1.7317073170731707,-2.0609756097560976,-1.4,-116.173,0.0,0.0,0.0,0.0,0.0,0.0,1.0,CONCACAF/Gold Cup,group-stage-2017,475833,2017-07-15T23:00:00+00:00,2017-07-15,Nicaragua,United States,0,3,A,6.0,16.0,2.0,10.0,espn
18.0,0.4444444444444444,0.1111111111111111,0.4444444444444444,1.4444444444444444,0.9444444444444444,0.9444444444444444,0.0,1.2857142857142858,0.8571428571428571,0.7272727272727273,1.0,1.6,0.8,1.0,1511.327,13.0,0.23076923076923078,0.38461538461538464,0.38461538461538464,1.0769230769230769,1.2307692307692308,1.6153846153846154,-0.38461538461538464,2.2,0.6,0.625,2.25,1.0,0.9,1.4,1474.156,5.0,0.36752136752136755,0.38461538461538464,0.6000000000000001,37.17100000000005,1.0,1.0,0.0,1.0,0.0,0.0,1.0,CONCACAF/Gold Cup,group-stage-2017,475830,2017-07-16T22:00:00+00:00,2017-07-16,Jamaica,El Salvador,1,1,D,8.0,10.0,4.0,3.0,espn
2.0,0.0,0.0,1.0,0.0,0.0,2.0,-2.0,0.0,2.0,0.0,2.0,0.0,0.0,2.0,1465.555,43.0,0.4883720930232558,0.23255813953488372,0.27906976744186046,1.697674418604651,1.7209302325581395,1.1162790697674418,0.6046511627906976,1.7391304347826086,1.0869565217391304,1.7,1.15,2.1,1.9,1.6,1603.884,-41.0,-1.697674418604651,-2.604651162790698,-2.1,-138.32899999999995,0.0,0.0,0.0,0.0,0.0,0.0,1.0,CONCACAF/Gold Cup,group-stage-2017,475831,2017-07-17T00:30:00+00:00,2017-07-17,Curacao,Mexico,0,2,A,12.0,17.0,4.0,10.0,espn
31.0,0.3225806451612903,0.2903225806451613,0.3870967741935484,1.2580645161290323,1.1935483870967742,1.2580645161290323,-0.06451612903225806,1.5714285714285714,1.0,0.8823529411764706,1.4705882352941178,1.4,1.1,1.1,1512.046,23.0,0.391304347826087,0.391304347826087,0.21739130434782608,1.565217391304348,1.4782608695652173,1.2608695652173914,0.21739130434782608,1.9166666666666667,0.9166666666666666,1.0,1.6363636363636365,1.3,1.4,1.7,1550.677,8.0,-0.30715287517531564,-0.28190743338008417,0.09999999999999987,-38.63099999999986,0.0,0.0,0.0,0.0,0.0,1.0,1.0,CONCACAF/Gold Cup,quarterfinals,475853,2017-07-19T22:00:00+00:00,2017-07-19,Costa Rica,Panama,1,0,H,10.0,10.0,5.0,3.0,espn
42.0,0.5238095238095238,0.19047619047619047,0.2857142857142857,1.7619047619047619,1.7380952380952381,1.119047619047619,0.6190476190476191,1.75,1.2142857142857142,1.7142857142857142,0.9285714285714286,1.7,1.5,1.2,1598.13,14.0,0.21428571428571427,0.42857142857142855,0.35714285714285715,1.0714285714285714,1.2142857142857142,1.5714285714285714,-0.35714285714285715,2.2,0.6,0.6666666666666666,2.111111111111111,1.0,0.9,1.4,1475.732,28.0,0.6904761904761905,0.9761904761904763,0.7,122.39800000000014,1.0,1.0,0.0,4.0,0.0,1.0,1.0,CONCACAF/Gold Cup,quarterfinals,475854,2017-07-20T01:00:00+00:00,2017-07-20,United States,El Salvador,2,0,H,14.0,8.0,8.0,1.0,espn
19.0,0.42105263157894735,0.15789473684210525,0.42105263157894735,1.4210526315789473,0.9473684210526315,0.9473684210526315,0.0,1.25,0.875,0.7272727272727273,1.0,1.4,0.8,1.1,1509.751,12.0,0.16666666666666666,0.5,0.3333333333333333,1.0,0.5833333333333334,0.8333333333333334,-0.25,0.4,0.4,0.7142857142857143,1.1428571428571428,0.9,0.6,0.8,1475.43,7.0,0.42105263157894735,0.25,0.4999999999999999,34.32099999999991,1.0,1.0,0.0,1.0,0.0,1.0,1.0,CONCACAF/Gold Cup,quarterfinals,475851,2017-07-20T23:30:00+00:00,2017-07-20,Jamaica,Canada,2,1,H,8.0,19.0,4.0,5.0,espn
44.0,0.5,0.22727272727272727,0.2727272727272727,1.7272727272727273,1.7272727272727273,1.0909090909090908,0.6363636363636364,1.7391304347826086,1.0869565217391304,1.7142857142857142,1.0952380952380953,2.3,1.7,1.2,1614.059,22.0,0.18181818181818182,0.2727272727272727,0.5454545454545454,0.8181818181818182,0.7272727272727273,1.1818181818181819,-0.45454545454545453,0.3333333333333333,1.0833333333333333,1.2,1.3,0.3,0.4,1.6,1400.612,22.0,0.9090909090909091,1.0909090909090908,1.9999999999999998,213.4469999999999,1.0,1.0,0.0,2.0,0.0,1.0,1.0,CONCACAF/Gold Cup,quarterfinals,475852,2017-07-21T02:30:00+00:00,2017-07-21,Mexico,Honduras,1,0,H,8.0,11.0,2.0,2.0,espn
32.0,0.34375,0.28125,0.375,1.3125,1.1875,1.21875,-0.03125,1.5333333333333334,0.9333333333333333,0.8823529411764706,1.4705882352941178,1.6,1.0,0.9,1528.467,43.0,0.5348837209302325,0.18604651162790697,0.27906976744186046,1.7906976744186047,1.744186046511628,1.0930232558139534,0.6511627906976745,1.7586206896551724,1.1724137931034482,1.7142857142857142,0.9285714285714286,1.9,1.6,1.1,1608.959,-11.0,-0.4781976744186047,-0.6824127906976745,-0.2999999999999998,-80.49199999999996,2.0,0.0,0.0,-2.5,0.0,1.0,1.0,CONCACAF/Gold Cup,semifinals,475850,2017-07-23T02:00:00+00:00,2017-07-23,Costa Rica,United States,0,2,A,7.0,10.0,2.0,4.0,espn
45.0,0.5111111111111111,0.2222222222222222,0.26666666666666666,1.7555555555555555,1.711111111111111,1.0666666666666667,0.6444444444444445,1.7083333333333333,1.0416666666666667,1.7142857142857142,1.0952380952380953,2.3,1.7,1.2,1620.753,20.0,0.45,0.15,0.4,1.5,1.0,0.95,0.05,1.3333333333333333,0.8888888888888888,0.7272727272727273,1.0,1.4,0.9,1.2,1523.079,25.0,0.25555555555555554,0.5944444444444444,0.8999999999999999,97.67399999999998,3.0,0.6666666666666666,0.3333333333333333,1.3333333333333333,0.0,1.0,1.0,CONCACAF/Gold Cup,semifinals,475849,2017-07-24T01:00:00+00:00,2017-07-24,Mexico,Jamaica,0,1,A,12.0,9.0,5.0,5.0,espn
44.0,0.5454545454545454,0.18181818181818182,0.2727272727272727,1.8181818181818181,1.75,1.0681818181818181,0.6818181818181818,1.7586206896551724,1.1724137931034482,1.7333333333333334,0.8666666666666667,2.2,1.8,0.9,1621.601,21.0,0.47619047619047616,0.14285714285714285,0.38095238095238093,1.5714285714285714,1.0,0.9047619047619048,0.09523809523809523,1.3333333333333333,0.8888888888888888,0.75,0.9166666666666666,1.4,0.9,1.2,1541.913,23.0,0.24675324675324672,0.5865800865800865,0.8000000000000003,79.6880000000001,2.0,0.5,0.0,0.5,0.0,1.0,1.0,CONCACAF/Gold Cup,final,475848,2017-07-27T01:30:00+00:00,2017-07-27,United States,Jamaica,2,1,H,13.0,6.0,8.0,3.0,espn
19.0,0.3157894736842105,0.21052631578947367,0.47368421052631576,1.1578947368421053,1.0526315789473684,1.3157894736842106,-0.2631578947368421,1.3333333333333333,1.4444444444444444,0.8,1.2,0.7,0.9,1.5,1455.827,6.0,0.0,0.16666666666666666,0.8333333333333334,0.16666666666666666,0.3333333333333333,3.1666666666666665,-2.8333333333333335,0.0,2.6666666666666665,0.6666666666666666,3.6666666666666665,0.1,0.3333333333333333,3.1666666666666665,1410.783,13.0,0.9912280701754387,2.5701754385964914,0.6,45.044000000000096,0.0,0.0,0.0,0.0,1.0,0.0,1.0,FIFA/World Cup,group-stage,498202,2018-06-14T15:00:00+00:00,2018-06-14,Russia,Saudi Arabia,5,0,H,13.0,6.0,7.0,0.0,espn
6.0,0.6666666666666666,0.16666666666666666,0.16666666666666666,2.1666666666666665,0.8333333333333334,0.5,0.3333333333333333,1.0,0.5,0.5,0.5,1.3,0.8333333333333334,0.5,1539.498,27.0,0.4074074074074074,0.25925925925925924,0.3333333333333333,1.4814814814814814,1.2592592592592593,1.0740740740740742,0.18518518518518517,1.375,1.125,1.0909090909090908,1.0,1.3,0.9,1.0,1537.589,-21.0,0.6851851851851851,0.14814814814814814,0.0,1.9090000000001055,0.0,0.0,0.0,0.0,1.0,0.0,1.0,FIFA/World Cup,group-stage,498201,2018-06-15T12:00:00+00:00,2018-06-15,Egypt,Uruguay,0,1,A,8.0,14.0,3.0,4.0,espn
10.0,0.3,0.3,0.4,1.2,1.1,1.1,0.0,1.6,1.2,0.6,1.0,1.2,1.1,1.1,1493.039,4.0,0.0,0.5,0.5,0.5,0.5,1.5,-1.0,0.5,0.5,0.5,2.5,0.2,0.5,1.5,1465.158,6.0,0.7,1.0,1.0,27.881000000000085,0.0,0.0,0.0,0.0,1.0,0.0,1.0,FIFA/World Cup,group-stage,498200,2018-06-15T15:00:00+00:00,2018-06-15,Morocco,Iran,0,1,A,13.0,8.0,3.0,2.0,espn
35.0,0.5142857142857142,0.17142857142857143,0.3142857142857143,1.7142857142857142,1.5142857142857142,1.0571428571428572,0.45714285714285713,1.65,0.7,1.3333333333333333,1.5333333333333334,1.9,1.3,1.2,1616.764,37.0,0.7027027027027027,0.08108108108108109,0.21621621621621623,2.189189189189189,1.5945945945945945,0.7297297297297297,0.8648648648648649,1.8,0.85,1.3529411764705883,0.5882352941176471,1.8,1.5,1.1,1652.823,-2.0,-0.47490347490347484,-0.4077220077220078,0.09999999999999987,-36.0590000000002,3.0,0.3333333333333333,0.0,0.0,1.0,0.0,1.0,FIFA/World Cup,group-stage,498199,2018-06-15T18:00:00+00:00,2018-06-15,Portugal,Spain,3,3,D,8.0,12.0,3.0,5.0,espn
35.0,0.4,0.2571428571428571,0.34285714285714286,1.457142857142857,1.2285714285714286,0.9714285714285714,0.2571428571428571,1.2352941176470589,0.9411764705882353,1.2222222222222223,1.0,2.0,1.5,0.6,1580.424,10.0,0.2,0.2,0.6,0.8,1.1,2.1,-1.0,1.75,2.0,0.6666666666666666,2.1666666666666665,0.8,1.1,2.1,1455.007,25.0,0.657142857142857,1.2571428571428571,1.2,125.41699999999992,0.0,0.0,0.0,0.0,1.0,0.0,1.0,FIFA/World Cup,group-stage,498198,2018-06-16T10:00:00+00:00,2018-06-16,France,Australia,2,1,H,13.0,4.0,5.0,1.0,espn
34.0,0.6764705882352942,0.17647058823529413,0.14705882352941177,2.2058823529411766,1.8529411764705883,0.6176470588235294,1.2352941176470589,2.08,0.64,1.2222222222222223,0.5555555555555556,2.4,2.5,0.3,1708.119,5.0,0.4,0.4,0.2,1.6,1.6,1.8,-0.2,1.5,1.0,1.6666666666666667,2.3333333333333335,0.8,1.6,1.8,1514.19,29.0,0.6058823529411765,1.4352941176470588,1.5999999999999999,193.92899999999986,0.0,0.0,0.0,0.0,1.0,0.0,1.0,FIFA/World Cup,group-stage,498197,2018-06-16T13:00:00+00:00,2018-06-16,Argentina,Iceland,1,1,D,26.0,9.0,7.0,3.0,espn
16.0,0.5,0.1875,0.3125,1.6875,1.25,0.75,0.5,1.3333333333333333,0.5,1.2,0.9,1.7,1.2,0.7,1560.743,13.0,0.38461538461538464,0.23076923076923078,0.38461538461538464,1.3846153846153846,1.2307692307692308,1.3846153846153846,-0.15384615384615385,1.2857142857142858,1.5714285714285714,1.1666666666666667,1.1666666666666667,1.1,1.1,1.6,1499.054,3.0,0.3028846153846154,0.6538461538461539,0.5999999999999999,61.68899999999985,0.0,0.0,0.0,0.0,1.0,0.0,1.0,FIFA/World Cup,group-stage,498196,2018-06-16T16:00:00+00:00,2018-06-16,Peru,Denmark,0,1,A,17.0,10.0,6.0,3.0,espn
23.0,0.34782608695652173,0.30434782608695654,0.34782608695652173,1.3478260869565217,1.2173913043478262,1.173913043478261,0.043478260869565216,1.2,1.7,1.2307692307692308,0.7692307692307693,1.4,1.5,1.3,1529.024,14.0,0.2857142857142857,0.35714285714285715,0.35714285714285715,1.2142857142857142,1.1428571428571428,1.0714285714285714,0.07142857142857142,1.2,1.2,1.1111111111111112,1.0,1.6,1.5,1.1,1492.611,9.0,0.13354037267080754,-0.02795031055900621,-0.20000000000000018,36.41299999999978,0.0,0.0,0.0,0.0,1.0,0.0,1.0,FIFA/World Cup,group-stage,498195,2018-06-16T19:00:00+00:00,2018-06-16,Croatia,Nigeria,2,0,H,11.0,14.0,2.0,2.0,espn
33.0,0.3333333333333333,0.2727272727272727,0.3939393939393939,1.2727272727272727,1.1515151515151516,1.2424242424242424,-0.09090909090909091,1.4375,1.0,0.8823529411764706,1.4705882352941178,1.5,0.9,1.0,1515.825,3.0,0.3333333333333333,0.0,0.6666666666666666,1.0,0.6666666666666666,1.0,-0.3333333333333333,0.0,1.0,1.0,1.0,0.3,0.6666666666666666,1.0,1488.277,30.0,0.2727272727272727,0.2424242424242424,1.2,27.548000000000002,0.0,0.0,0.0,0.0,1.0,0.0,1.0,FIFA/World Cup,group-stage,498194,2018-06-17T12:00:00+00:00,2018-06-17,Costa Rica,Serbia,0,1,A,10.0,10.0,3.0,3.0,espn
46.0,0.717391304347826,0.08695652173913043,0.1956521739130435,2.239130434782609,1.9130434782608696,0.7608695652173914,1.1521739130434783,1.8333333333333333,0.8666666666666667,2.0625,0.5625,2.5,1.8,0.5,1749.291,46.0,0.5,0.21739130434782608,0.2826086956521739,1.7173913043478262,1.673913043478261,1.065217391304348,0.6086956521739131,1.64,1.04,1.7142857142857142,1.0952380952380953,2.0,1.5,1.2,1601.919,0.0,0.5217391304347827,0.5434782608695652,0.5,147.37199999999984,0.0,0.0,0.0,0.0,1.0,0.0,1.0,FIFA/World Cup,group-stage,498193,2018-06-17T15:00:00+00:00,2018-06-17,Germany,Mexico,0,1,A,25.0,12.0,9.0,4.0,espn
33.0,0.6363636363636364,0.18181818181818182,0.18181818181818182,2.090909090909091,1.9393939393939394,0.9696969696969697,0.9696969696969697,1.7777777777777777,0.9629629629629629,2.6666666666666665,1.0,1.3,1.5,1.7,1616.187,21.0,0.3333333333333333,0.23809523809523808,0.42857142857142855,1.2380952380952381,0.9047619047619048,0.9047619047619048,0.0,0.9166666666666666,1.0833333333333333,0.8888888888888888,0.6666666666666666,1.2,1.0,1.0,1491.502,12.0,0.8528138528138527,0.9696969696969697,0.10000000000000009,124.68499999999995,0.0,0.0,0.0,0.0,1.0,0.0,1.0,FIFA/World Cup,group-stage,498192,2018-06-17T18:00:00+00:00,2018-06-17,Brazil,Switzerland,1,1,D,20.0,6.0,4.0,2.0,espn
20.0,0.2,0.4,0.4,1.0,1.15,1.15,0.0,1.5,1.1,0.8,1.2,0.7,0.9,1.4,1462.542,15.0,0.3333333333333333,0.26666666666666666,0.4,1.2666666666666666,1.1333333333333333,1.4,-0.26666666666666666,1.2222222222222223,1.0,1.0,2.0,0.9,1.2,1.8,1463.173,5.0,-0.2666666666666666,0.26666666666666666,-0.20000000000000007,-0.6310000000000855,0.0,0.0,0.0,0.0,1.0,0.0,1.0,FIFA/World Cup,group-stage,498191,2018-06-18T12:00:00+00:00,2018-06-18,Sweden,South Korea,1,0,H,15.0,5.0,5.0,0.0,espn
13.0,0.5384615384615384,0.15384615384615385,0.3076923076923077,1.7692307692307692,1.3846153846153846,1.0,0.38461538461538464,1.6,0.8,1.25,1.125,2.1,1.5,0.8,1551.45,24.0,0.375,0.375,0.25,1.5,1.4166666666666667,1.25,0.16666666666666666,1.9166666666666667,0.9166666666666666,0.9166666666666666,1.5833333333333333,1.2,1.3,1.7,1534.256,-11.0,0.26923076923076916,0.21794871794871798,0.9000000000000001,17.19399999999996,0.0,0.0,0.0,0.0,1.0,0.0,1.0,FIFA/World Cup,group-stage,498190,2018-06-18T15:00:00+00:00,2018-06-18,Belgium,Panama,3,0,H,15.0,6.0,6.0,2.0,espn
20.0,0.3,0.25,0.45,1.15,1.1,1.5,-0.4,1.0,1.3333333333333333,1.1428571428571428,1.5714285714285714,1.2,1.2,1.6,1465.315,26.0,0.3076923076923077,0.38461538461538464,0.3076923076923077,1.3076923076923077,1.1923076923076923,1.0769230769230769,0.11538461538461539,1.1666666666666667,0.6666666666666666,1.2142857142857142,1.4285714285714286,0.9,0.9,1.1,1495.203,-6.0,-0.1576923076923078,-0.5153846153846154,0.29999999999999993,-29.88799999999992,0.0,0.0,0.0,0.0,1.0,0.0,1.0,FIFA/World Cup,group-stage,498189,2018-06-18T18:00:00+00:00,2018-06-18,Tunisia,England,1,2,A,6.0,17.0,1.0,7.0,espn
19.0,0.5789473684210527,0.10526315789473684,0.3157894736842105,1.8421052631578947,1.2105263157894737,0.6842105263157895,0.5263157894736842,1.2727272727272727,0.9090909090909091,1.125,0.375,1.6,0.8,0.7,1591.892,13.0,0.3076923076923077,0.23076923076923078,0.46153846153846156,1.1538461538461537,0.8461538461538461,1.3846153846153846,-0.5384615384615384,0.75,1.375,1.0,1.4,1.1,0.8,1.5,1478.78,6.0,0.688259109311741,1.0647773279352226,0.5,113.11200000000008,1.0,1.0,0.0,3.0,1.0,0.0,1.0,FIFA/World Cup,group-stage,498187,2018-06-19T12:00:00+00:00,2018-06-19,Colombia,Japan,1,2,A,8.0,14.0,3.0,6.0,espn
16.0,0.3125,0.25,0.4375,1.1875,0.625,1.125,-0.5,0.7142857142857143,0.8571428571428571,0.5555555555555556,1.3333333333333333,1.6,0.8,0.6,1497.005,15.0,0.3333333333333333,0.26666666666666666,0.4,1.2666666666666666,1.2666666666666666,1.2,0.06666666666666667,1.1428571428571428,1.4285714285714286,1.375,1.0,1.1,1.2,1.2,1481.858,1.0,-0.07916666666666661,-0.5666666666666667,0.5,15.147000000000162,0.0,0.0,0.0,0.0,1.0,0.0,1.0,FIFA/World Cup,group-stage,498188,2018-06-19T15:00:00+00:00,2018-06-19,Poland,Senegal,1,2,A,10.0,8.0,4.0,2.0,espn
20.0,0.35,0.2,0.45,1.25,1.25,1.25,0.0,1.7,1.3,0.8,1.2,1.0,1.4,1.2,1476.39,7.0,0.5714285714285714,0.14285714285714285,0.2857142857142857,1.8571428571428572,0.7142857142857143,0.5714285714285714,0.14285714285714285,0.8,0.6,0.5,0.5,1.3,0.7142857142857143,0.5714285714285714,1521.536,13.0,-0.6071428571428572,-0.14285714285714285,-0.30000000000000004,-45.14599999999996,0.0,0.0,0.0,0.0,1.0,0.0,1.0,FIFA/World Cup,group-stage,498186,2018-06-19T18:00:00+00:00,2018-06-19,Russia,Egypt,3,1,H,11.0,13.0,3.0,1.0,espn
36.0,0.5,0.19444444444444445,0.3055555555555556,1.6944444444444444,1.5555555555555556,1.1111111111111112,0.4444444444444444,1.7142857142857142,0.8095238095238095,1.3333333333333333,1.5333333333333334,2.0,1.6,1.1,1618.611,11.0,0.2727272727272727,0.2727272727272727,0.45454545454545453,1.0909090909090908,1.0,1.0909090909090908,-0.09090909090909091,1.3333333333333333,1.1666666666666667,0.6,1.0,1.2,1.0,1.0,1473.745,25.0,0.6035353535353536,0.5353535353535354,0.8,144.8660000000002,0.0,0.0,0.0,0.0,1.0,0.0,1.0,FIFA/World Cup,group-stage,498185,2018-06-20T12:00:00+00:00,2018-06-20,Portugal,Morocco,1,0,H,10.0,16.0,2.0,4.0,espn
28.0,0.42857142857142855,0.25,0.32142857142857145,1.5357142857142858,1.25,1.0357142857142858,0.21428571428571427,1.375,1.125,1.0833333333333333,0.9166666666666666,1.3,0.8,0.9,1555.551,7.0,0.0,0.14285714285714285,0.8571428571428571,0.14285714285714285,0.2857142857142857,3.4285714285714284,-3.142857142857143,0.0,2.6666666666666665,0.5,4.0,0.1,0.2857142857142857,3.4285714285714284,1390.22,21.0,1.392857142857143,3.357142857142857,1.2,165.3309999999999,0.0,0.0,0.0,0.0,1.0,0.0,1.0,FIFA/World Cup,group-stage,498184,2018-06-20T15:00:00+00:00,2018-06-20,Uruguay,Saudi Arabia,1,0,H,13.0,8.0,4.0,3.0,espn
5.0,0.2,0.4,0.4,1.0,0.6,1.2,-0.6,0.5,0.5,0.6666666666666666,1.6666666666666667,0.5,0.6,1.2,1484.452,38.0,0.6842105263157895,0.10526315789473684,0.21052631578947367,2.1578947368421053,1.631578947368421,0.7894736842105263,0.8421052631578947,1.8,0.85,1.4444444444444444,0.7222222222222222,1.6,1.6,1.4,1650.976,-33.0,-1.1578947368421053,-1.4421052631578948,-1.1,-166.52400000000011,0.0,0.0,0.0,0.0,1.0,0.0,1.0,FIFA/World Cup,group-stage,498183,2018-06-20T18:00:00+00:00,2018-06-20,Iran,Spain,0,1,A,5.0,17.0,0.0,3.0,espn
14.0,0.42857142857142855,0.21428571428571427,0.35714285714285715,1.5,1.2142857142857142,1.2857142857142858,-0.07142857142857142,1.2857142857142858,1.5714285714285714,1.1428571428571428,1.0,1.3,1.2,1.6,1520.057,11.0,0.18181818181818182,0.18181818181818182,0.6363636363636364,0.7272727272727273,1.0909090909090908,2.090909090909091,-1.0,1.75,2.0,0.7142857142857143,2.142857142857143,0.5,0.9,2.2,1443.325,3.0,0.7727272727272727,0.9285714285714286,0.8,76.73199999999997,0.0,0.0,0.0,0.0,1.0,0.0,1.0,FIFA/World Cup,group-stage,498181,2018-06-21T12:00:00+00:00,2018-06-21,Denmark,Australia,1,1,D,10.0,14.0,5.0,5.0,espn
36.0,0.4166666666666667,0.25,0.3333333333333333,1.5,1.25,0.9722222222222222,0.2777777777777778,1.2777777777777777,0.9444444444444444,1.2222222222222223,1.0,2.2,1.7,0.7,1592.106,17.0,0.47058823529411764,0.17647058823529413,0.35294117647058826,1.588235294117647,1.1764705882352942,0.7647058823529411,0.4117647058823529,1.1428571428571428,0.5714285714285714,1.2,0.9,1.7,1.1,0.6,1539.74,19.0,-0.08823529411764697,-0.13398692810457513,0.5000000000000002,52.365999999999985,0.0,0.0,0.0,0.0,1.0,0.0,1.0,FIFA/World Cup,group-stage,498182,2018-06-21T15:00:00+00:00,2018-06-21,France,Peru,1,0,H,12.0,10.0,4.0,2.0,espn
35.0,0.6571428571428571,0.2,0.14285714285714285,2.1714285714285713,1.8285714285714285,0.6285714285714286,1.2,2.0384615384615383,0.6538461538461539,1.2222222222222223,0.5555555555555556,2.2,2.5,0.4,1699.069,24.0,0.375,0.2916666666666667,0.3333333333333333,1.4166666666666667,1.25,1.125,0.125,1.2727272727272727,1.5454545454545454,1.2307692307692308,0.7692307692307693,1.4,1.4,1.2,1546.737,11.0,0.7547619047619045,1.075,0.8000000000000003,152.33199999999988,0.0,0.0,0.0,0.0,1.0,0.0,1.0,FIFA/World Cup,group-stage,498180,2018-06-21T18:00:00+00:00,2018-06-21,Argentina,Croatia,0,3,A,10.0,15.0,3.0,5.0,espn
34.0,0.6176470588235294,0.20588235294117646,0.17647058823529413,2.0588235294117645,1.911764705882353,0.9705882352941176,0.9411764705882353,1.75,0.9642857142857143,2.6666666666666665,1.0,1.1,1.4,1.7,1610.038,34.0,0.3235294117647059,0.2647058823529412,0.4117647058823529,1.2352941176470589,1.1176470588235294,1.2352941176470589,-0.11764705882352941,1.3529411764705883,1.0,0.8823529411764706,1.4705882352941178,1.4,0.9,1.1,1496.548,0.0,0.8235294117647056,1.0588235294117647,-0.2999999999999998,113.49000000000001,1.0,1.0,0.0,3.0,1.0,0.0,1.0,FIFA/World Cup,group-stage,498179,2018-06-22T12:00:00+00:00,2018-06-22,Brazil,Costa Rica,2,0,H,23.0,4.0,9.0,0.0,espn
15.0,0.26666666666666666,0.3333333333333333,0.4,1.1333333333333333,1.0666666666666667,1.1333333333333333,-0.06666666666666667,1.2,1.2,1.0,1.1,1.5,1.3,1.1,1474.898,6.0,0.3333333333333333,0.5,0.16666666666666666,1.5,1.5,1.6666666666666667,-0.16666666666666666,1.5,1.0,1.5,2.0,0.9,1.5,1.6666666666666667,1523.24,9.0,-0.3666666666666667,0.09999999999999999,0.6,-48.3420000000001,0.0,0.0,0.0,0.0,1.0,0.0,1.0,FIFA/World Cup,group-stage,498178,2018-06-22T15:00:00+00:00,2018-06-22,Nigeria,Iceland,2,0,H,16.0,10.0,4.0,3.0,espn
4.0,0.5,0.0,0.5,1.5,0.75,0.75,0.0,0.0,1.0,1.0,0.6666666666666666,0.6,0.75,0.75,1507.554,22.0,0.3181818181818182,0.2727272727272727,0.4090909090909091,1.2272727272727273,0.9090909090909091,0.9090909090909091,0.0,0.9166666666666666,1.0833333333333333,0.9,0.7,1.3,1.1,1.0,1497.651,-18.0,0.2727272727272727,0.0,-0.7000000000000001,9.90300000000002,0.0,0.0,0.0,0.0,1.0,0.0,1.0,FIFA/World Cup,group-stage,498177,2018-06-22T18:00:00+00:00,2018-06-22,Serbia,Switzerland,1,2,A,12.0,20.0,3.0,5.0,espn
14.0,0.5714285714285714,0.14285714285714285,0.2857142857142857,1.8571428571428572,1.5,0.9285714285714286,0.5714285714285714,1.8333333333333333,0.6666666666666666,1.25,1.125,2.1,1.6,0.7,1572.069,21.0,0.2857142857142857,0.23809523809523808,0.47619047619047616,1.0952380952380953,1.0952380952380953,1.5238095238095237,-0.42857142857142855,1.0,1.4285714285714286,1.1428571428571428,1.5714285714285714,1.2,1.3,1.5,1448.984,-7.0,0.7619047619047619,1.0,0.9000000000000001,123.08500000000004,1.0,0.0,1.0,0.0,1.0,0.0,1.0,FIFA/World Cup,group-stage,498176,2018-06-23T12:00:00+00:00,2018-06-23,Belgium,Tunisia,5,2,H,23.0,15.0,12.0,5.0,espn
16.0,0.3125,0.25,0.4375,1.1875,1.0625,1.375,-0.3125,1.2222222222222223,1.0,0.8571428571428571,1.8571428571428572,0.6,1.0,1.8,1445.277,47.0,0.5106382978723404,0.2127659574468085,0.2765957446808511,1.7446808510638299,1.6595744680851063,1.0425531914893618,0.6170212765957447,1.64,1.04,1.6818181818181819,1.0454545454545454,2.0,1.3,1.1,1626.936,-31.0,-0.5571808510638299,-0.9295212765957447,-1.4,-181.65899999999988,0.0,0.0,0.0,0.0,1.0,0.0,1.0,FIFA/World Cup,group-stage,498174,2018-06-23T15:00:00+00:00,2018-06-23,South Korea,Mexico,1,2,A,17.0,13.0,6.0,5.0,espn
47.0,0.7021276595744681,0.0851063829787234,0.2127659574468085,2.1914893617021276,1.872340425531915,0.7659574468085106,1.1063829787234043,1.7741935483870968,0.8709677419354839,2.0625,0.5625,2.2,1.6,0.5,1724.274,21.0,0.23809523809523808,0.38095238095238093,0.38095238095238093,1.0952380952380953,1.1428571428571428,1.0952380952380953,0.047619047619047616,1.4545454545454546,1.0,0.8,1.2,1.0,1.0,1.2,1480.438,26.0,1.0962512664640323,1.0587639311043566,1.2000000000000002,243.83599999999979,1.0,1.0,0.0,2.0,1.0,0.0,1.0,FIFA/World Cup,group-stage,498175,2018-06-23T18:00:00+00:00,2018-06-23,Germany,Sweden,2,1,H,16.0,8.0,5.0,6.0,espn
27.0,0.3333333333333333,0.37037037037037035,0.2962962962962963,1.3703703703703705,1.2222222222222223,1.0740740740740742,0.14814814814814814,1.1666666666666667,0.6666666666666666,1.2666666666666666,1.4,0.9,0.8,1.0,1511.534,25.0,0.36,0.36,0.28,1.44,1.36,1.32,0.04,1.9166666666666667,0.9166666666666666,0.8461538461538461,1.6923076923076923,1.1,1.2,1.9,1513.637,2.0,-0.06962962962962949,0.10814814814814813,-0.20000000000000007,-2.102999999999838,0.0,0.0,0.0,0.0,1.0,0.0,1.0,FIFA/World Cup,group-stage,498173,2018-06-24T12:00:00+00:00,2018-06-24,England,Panama,6,1,H,12.0,8.0,7.0,2.0,espn
14.0,0.35714285714285715,0.21428571428571427,0.42857142857142855,1.2857142857142858,0.9285714285714286,1.3571428571428572,-0.42857142857142855,0.75,1.375,1.1666666666666667,1.3333333333333333,1.4,0.9,1.3,1502.263,16.0,0.375,0.25,0.375,1.375,1.3125,1.1875,0.125,1.1428571428571428,1.4285714285714286,1.4444444444444444,1.0,1.4,1.3,1.1,1500.5,-2.0,-0.08928571428571419,-0.5535714285714286,0.0,1.76299999999992,0.0,0.0,0.0,0.0,1.0,0.0,1.0,FIFA/World Cup,group-stage,498172,2018-06-24T15:00:00+00:00,2018-06-24,Japan,Senegal,2,2,D,7.0,13.0,3.0,7.0,espn
17.0,0.29411764705882354,0.23529411764705882,0.47058823529411764,1.1176470588235294,0.6470588235294118,1.1764705882352942,-0.5294117647058824,0.75,1.0,0.5555555555555556,1.3333333333333333,1.5,0.8,0.7,1478.363,20.0,0.55,0.1,0.35,1.75,1.2,0.75,0.45,1.25,1.0,1.125,0.375,1.6,0.9,0.8,1568.409,-3.0,-0.6323529411764706,-0.9794117647058824,-0.10000000000000009,-90.04600000000005,0.0,0.0,0.0,0.0,1.0,0.0,1.0,FIFA/World Cup,group-stage,498171,2018-06-24T18:00:00+00:00,2018-06-24,Poland,Colombia,0,3,A,9.0,13.0,2.0,3.0,espn
8.0,0.0,0.125,0.875,0.125,0.25,3.125,-2.875,0.0,2.6666666666666665,0.4,3.4,0.1,0.25,3.125,1380.268,8.0,0.5,0.125,0.375,1.625,0.75,0.875,-0.125,0.8,0.6,0.6666666666666666,1.3333333333333333,1.3,0.75,0.875,1499.202,0.0,-1.5,-2.75,-1.2,-118.93399999999997,0.0,0.0,0.0,0.0,1.0,0.0,1.0,FIFA/World Cup,group-stage,498169,2018-06-25T14:00:00+00:00,2018-06-25,Saudi Arabia,Egypt,2,1,H,22.0,8.0,7.0,1.0,espn
29.0,0.4482758620689655,0.2413793103448276,0.3103448275862069,1.5862068965517242,1.2413793103448276,1.0,0.2413793103448276,1.3529411764705883,1.0588235294117647,1.0833333333333333,0.9166666666666666,1.3,0.8,0.9,1565.503,21.0,0.38095238095238093,0.19047619047619047,0.42857142857142855,1.3333333333333333,1.3333333333333333,1.2380952380952381,0.09523809523809523,1.8181818181818181,1.2727272727272727,0.8,1.2,1.0,1.3,1.2,1498.724,8.0,0.25287356321839094,0.14614121510673236,0.30000000000000004,66.779,0.0,0.0,0.0,0.0,1.0,0.0,1.0,FIFA/World Cup,group-stage,498170,2018-06-25T14:00:00+00:00,2018-06-25,Uruguay,Russia,3,0,H,17.0,3.0,7.0,1.0,espn
6.0,0.16666666666666666,0.3333333333333333,0.5,0.8333333333333334,0.5,1.1666666666666667,-0.6666666666666666,0.3333333333333333,0.6666666666666666,0.6666666666666666,1.6666666666666667,0.5,0.5,1.1666666666666667,1474.55,37.0,0.5135135135135135,0.1891891891891892,0.2972972972972973,1.7297297297297298,1.5405405405405406,1.0810810810810811,0.4594594594594595,1.6818181818181819,0.7727272727272727,1.3333333333333333,1.5333333333333334,2.2,1.5,0.9,1629.43,-31.0,-0.8963963963963965,-1.1261261261261262,-1.7000000000000002,-154.8800000000001,1.0,0.0,0.0,-2.0,1.0,0.0,1.0,FIFA/World Cup,group-stage,498167,2018-06-25T18:00:00+00:00,2018-06-25,Iran,Portugal,1,1,D,8.0,14.0,2.0,4.0,espn
39.0,0.6923076923076923,0.10256410256410256,0.20512820512820512,2.1794871794871793,1.6153846153846154,0.7692307692307693,0.8461538461538461,1.8,0.85,1.4210526315789473,0.6842105263157895,1.6,1.7,1.4,1660.878,12.0,0.25,0.25,0.5,1.0,0.9166666666666666,1.0833333333333333,-0.16666666666666666,1.3333333333333333,1.1666666666666667,0.5,1.0,1.2,0.8,0.8,1462.926,27.0,1.1794871794871793,1.0128205128205128,0.40000000000000013,197.952,0.0,0.0,0.0,0.0,1.0,0.0,1.0,FIFA/World Cup,group-stage,498168,2018-06-25T18:00:00+00:00,2018-06-25,Spain,Morocco,2,2,D,16.0,6.0,4.0,3.0,espn
12.0,0.16666666666666666,0.25,0.5833333333333334,0.75,1.0833333333333333,2.0,-0.9166666666666666,1.75,2.0,0.75,2.0,0.6,1.0,2.1,1447.207,18.0,0.4444444444444444,0.16666666666666666,0.3888888888888889,1.5,1.1111111111111112,0.7777777777777778,0.3333333333333333,1.1428571428571428,0.5714285714285714,1.0909090909090908,0.9090909090909091,1.4,1.0,0.7,1524.548,-6.0,-0.75,-1.25,-0.7999999999999999,-77.3409999999999,0.0,0.0,0.0,0.0,1.0,0.0,1.0,FIFA/World Cup,group-stage,498166,2018-06-26T14:00:00+00:00,2018-06-26,Australia,Peru,0,2,A,14.0,4.0,2.0,3.0,espn
15.0,0.4,0.26666666666666666,0.3333333333333333,1.4666666666666666,1.2,1.2666666666666666,-0.06666666666666667,1.25,1.5,1.1428571428571428,1.0,1.1,1.1,1.7,1516.175,37.0,0.43243243243243246,0.24324324324324326,0.32432432432432434,1.5405405405405406,1.2432432432432432,0.9459459459459459,0.2972972972972973,1.263157894736842,0.8947368421052632,1.2222222222222223,1.0,2.2,1.6,0.7,1607.298,-22.0,-0.07387387387387401,-0.36396396396396397,-1.1,-91.12300000000005,1.0,1.0,0.0,2.0,1.0,0.0,1.0,FIFA/World Cup,group-stage,498165,2018-06-26T14:00:00+00:00,2018-06-26,Denmark,France,0,0,D,5.0,11.0,1.0,4.0,espn
7.0,0.2857142857142857,0.42857142857142855,0.2857142857142857,1.2857142857142858,1.2857142857142858,1.7142857142857142,-0.42857142857142855,1.5,1.0,1.2,2.0,0.9,1.2857142857142858,1.7142857142857142,1500.728,25.0,0.4,0.28,0.32,1.48,1.32,1.08,0.24,1.2727272727272727,1.5454545454545454,1.3571428571428572,0.7142857142857143,1.6,1.6,1.1,1577.374,-18.0,-0.19428571428571417,-0.6685714285714286,-0.7000000000000001,-76.64599999999996,0.0,0.0,0.0,0.0,1.0,0.0,1.0,FIFA/World Cup,group-stage,498164,2018-06-26T18:00:00+00:00,2018-06-26,Iceland,Croatia,1,2,A,17.0,13.0,6.0,2.0,espn
16.0,0.3125,0.3125,0.375,1.25,1.125,1.0625,0.0625,1.3333333333333333,1.0,1.0,1.1,1.7,1.4,1.0,1497.41,36.0,0.6388888888888888,0.19444444444444445,0.16666666666666666,2.111111111111111,1.7777777777777777,0.6944444444444444,1.0833333333333333,1.962962962962963,0.7407407407407407,1.2222222222222223,0.5555555555555556,1.9,2.5,0.7,1668.432,-20.0,-0.8611111111111112,-1.0208333333333333,-0.19999999999999996,-171.02199999999993,3.0,0.0,0.0,-1.0,1.0,0.0,1.0,FIFA/World Cup,group-stage,498163,2018-06-26T18:00:00+00:00,2018-06-26,Nigeria,Argentina,1,2,A,9.0,8.0,3.0,4.0,espn
48.0,0.5208333333333334,0.20833333333333334,0.2708333333333333,1.7708333333333333,1.6666666666666667,1.0416666666666667,0.625,1.64,1.04,1.6956521739130435,1.0434782608695652,2.0,1.2,1.1,1636.227,22.0,0.22727272727272727,0.36363636363636365,0.4090909090909091,1.0454545454545454,1.1363636363636365,1.1363636363636365,0.0,1.4545454545454546,1.0,0.8181818181818182,1.2727272727272727,0.7,0.9,1.4,1473.391,26.0,0.7253787878787878,0.625,1.3,162.836,0.0,0.0,0.0,0.0,1.0,0.0,1.0,FIFA/World Cup,group-stage,498162,2018-06-27T14:00:00+00:00,2018-06-27,Mexico,Sweden,0,3,A,19.0,13.0,3.0,5.0,espn
17.0,0.29411764705882354,0.23529411764705882,0.47058823529411764,1.1176470588235294,1.0588235294117647,1.411764705882353,-0.35294117647058826,1.2,1.1,0.8571428571428571,1.8571428571428572,0.5,1.0,1.9,1435.986,48.0,0.7083333333333334,0.08333333333333333,0.20833333333333334,2.2083333333333335,1.875,0.7708333333333334,1.1041666666666667,1.78125,0.875,2.0625,0.5625,2.2,1.7,0.6,1731.321,-31.0,-1.090686274509804,-1.457107843137255,-1.7000000000000002,-295.3349999999998,1.0,0.0,0.0,-1.0,1.0,0.0,1.0,FIFA/World Cup,group-stage,498161,2018-06-27T14:00:00+00:00,2018-06-27,South Korea,Germany,2,0,H,11.0,26.0,5.0,6.0,espn
5.0,0.4,0.0,0.6,1.2,0.8,1.0,-0.2,0.5,1.5,1.0,0.6666666666666666,0.6,0.8,1.0,1489.181,35.0,0.6285714285714286,0.2,0.17142857142857143,2.085714285714286,1.9142857142857144,0.9428571428571428,0.9714285714285714,1.7586206896551724,0.9310344827586207,2.6666666666666665,1.0,1.4,1.5,1.0,1623.576,-30.0,-0.8857142857142859,-1.1714285714285715,-0.7999999999999999,-134.39499999999998,0.0,0.0,0.0,0.0,1.0,0.0,1.0,FIFA/World Cup,group-stage,498159,2018-06-27T18:00:00+00:00,2018-06-27,Serbia,Brazil,0,2,A,10.0,13.0,1.0,6.0,espn
23.0,0.34782608695652173,0.2608695652173913,0.391304347826087,1.3043478260869565,0.9565217391304348,0.9130434782608695,0.043478260869565216,0.9166666666666666,1.0833333333333333,1.0,0.7272727272727273,1.5,1.3,1.1,1516.024,35.0,0.3142857142857143,0.2571428571428571,0.42857142857142855,1.2,1.0857142857142856,1.2571428571428571,-0.17142857142857143,1.3529411764705883,1.0,0.8333333333333334,1.5,1.4,0.9,1.2,1483.01,-12.0,0.10434782608695659,0.21490683229813665,0.10000000000000009,33.013999999999896,0.0,0.0,0.0,0.0,1.0,0.0,1.0,FIFA/World Cup,group-stage,498160,2018-06-27T18:00:00+00:00,2018-06-27,Switzerland,Costa Rica,2,2,D,12.0,14.0,3.0,6.0,espn
15.0,0.3333333333333333,0.26666666666666666,0.4,1.2666666666666666,1.0,1.4,-0.4,0.8888888888888888,1.4444444444444444,1.1666666666666667,1.3333333333333333,1.4,1.1,1.5,1502.172,18.0,0.2777777777777778,0.2222222222222222,0.5,1.0555555555555556,0.6111111111111112,1.2777777777777777,-0.6666666666666666,0.6666666666666666,1.2222222222222223,0.5555555555555556,1.3333333333333333,1.5,0.8,0.9,1462.17,-3.0,0.21111111111111103,0.2666666666666666,-0.10000000000000009,40.00199999999995,0.0,0.0,0.0,0.0,1.0,0.0,1.0,FIFA/World Cup,group-stage,498157,2018-06-28T14:00:00+00:00,2018-06-28,Japan,Poland,0,1,A,10.0,11.0,3.0,2.0,espn
17.0,0.35294117647058826,0.29411764705882354,0.35294117647058826,1.3529411764705883,1.3529411764705883,1.2352941176470589,0.11764705882352941,1.1428571428571428,1.4285714285714286,1.5,1.1,1.5,1.4,1.1,1500.591,21.0,0.5714285714285714,0.09523809523809523,0.3333333333333333,1.8095238095238095,1.2857142857142858,0.7142857142857143,0.5714285714285714,1.25,1.0,1.3333333333333333,0.3333333333333333,1.6,1.1,0.8,1584.602,-4.0,-0.4565826330532212,-0.45378151260504196,-0.10000000000000009,-84.0110000000002,0.0,0.0,0.0,0.0,1.0,0.0,1.0,FIFA/World Cup,group-stage,498158,2018-06-28T14:00:00+00:00,2018-06-28,Senegal,Colombia,0,1,A,8.0,4.0,3.0,2.0,espn
28.0,0.35714285714285715,0.35714285714285715,0.2857142857142857,1.4285714285714286,1.3928571428571428,1.0714285714285714,0.32142857142857145,1.5384615384615385,0.6923076923076923,1.2666666666666666,1.4,1.2,1.4,1.0,1535.283,15.0,0.6,0.13333333333333333,0.26666666666666666,1.9333333333333333,1.7333333333333334,1.0,0.7333333333333333,2.2857142857142856,0.8571428571428571,1.25,1.125,2.1,2.0,0.9,1586.382,13.0,-0.5047619047619047,-0.41190476190476183,-0.9000000000000001,-51.09900000000016,0.0,0.0,0.0,0.0,1.0,0.0,1.0,FIFA/World Cup,group-stage,498155,2018-06-28T18:00:00+00:00,2018-06-28,England,Belgium,0,1,A,13.0,15.0,1.0,4.0,espn
26.0,0.34615384615384615,0.34615384615384615,0.3076923076923077,1.3846153846153846,1.3461538461538463,1.5,-0.15384615384615385,1.9166666666666667,0.9166666666666666,0.8571428571428571,2.0,1.1,1.2,2.3,1489.888,22.0,0.2727272727272727,0.22727272727272727,0.5,1.0454545454545454,1.1363636363636365,1.6818181818181819,-0.5454545454545454,1.0,1.4285714285714286,1.2,1.8,1.1,1.4,1.9,1434.671,4.0,0.33916083916083917,0.39160839160839156,0.0,55.21699999999987,0.0,0.0,0.0,0.0,1.0,0.0,1.0,FIFA/World Cup,group-stage,498156,2018-06-28T18:00:00+00:00,2018-06-28,Panama,Tunisia,1,2,A,9.0,15.0,4.0,7.0,espn
38.0,0.42105263157894735,0.2631578947368421,0.3157894736842105,1.5263157894736843,1.2105263157894737,0.9210526315789473,0.2894736842105263,1.263157894736842,0.8947368421052632,1.1578947368421053,0.9473684210526315,2.3,1.6,0.6,1602.717,37.0,0.6486486486486487,0.1891891891891892,0.16216216216216217,2.135135135135135,1.7837837837837838,0.7027027027027027,1.0810810810810811,1.962962962962963,0.7407407407407407,1.3,0.6,1.9,2.1,0.7,1678.15,1.0,-0.6088193456614508,-0.7916073968705548,0.3999999999999999,-75.43299999999999,0.0,0.0,0.0,0.0,1.0,1.0,1.0,FIFA/World Cup,round-of-16,498154,2018-06-30T14:00:00+00:00,2018-06-30,France,Argentina,4,3,H,9.0,9.0,4.0,4.0,espn
30.0,0.4666666666666667,0.23333333333333334,0.3,1.6333333333333333,1.3,0.9666666666666667,0.3333333333333333,1.4444444444444444,1.0,1.0833333333333333,0.9166666666666666,1.6,1.1,0.7,1583.076,38.0,0.5,0.21052631578947367,0.2894736842105263,1.7105263157894737,1.5263157894736843,1.0789473684210527,0.4473684210526316,1.6818181818181819,0.7727272727272727,1.3125,1.5,2.0,1.4,0.9,1621.955,-8.0,-0.07719298245614037,-0.11403508771929827,-0.3999999999999999,-38.878999999999905,0.0,0.0,0.0,0.0,1.0,1.0,1.0,FIFA/World Cup,round-of-16,498153,2018-06-30T18:00:00+00:00,2018-06-30,Uruguay,Portugal,2,1,H,6.0,20.0,3.0,5.0,espn
40.0,0.675,0.125,0.2,2.15,1.625,0.8,0.825,1.8095238095238095,0.9047619047619048,1.4210526315789473,0.6842105263157895,1.4,1.5,1.6,1651.675,22.0,0.36363636363636365,0.18181818181818182,0.45454545454545453,1.2727272727272727,1.2727272727272727,1.3181818181818181,-0.045454545454545456,1.8181818181818181,1.2727272727272727,0.7272727272727273,1.3636363636363635,0.9,1.2,1.4,1481.151,18.0,0.8772727272727272,0.8704545454545454,0.4999999999999999,170.5239999999999,3.0,1.0,0.0,2.3333333333333335,1.0,1.0,1.0,FIFA/World Cup,round-of-16,498152,2018-07-01T14:00:00+00:00,2018-07-01,Spain,Russia,1,1,A,25.0,6.0,9.0,1.0,espn
26.0,0.4230769230769231,0.2692307692307692,0.3076923076923077,1.5384615384615385,1.3461538461538463,1.0769230769230769,0.2692307692307692,1.2727272727272727,1.5454545454545454,1.4,0.7333333333333333,1.9,1.8,1.1,1591.36,16.0,0.375,0.3125,0.3125,1.4375,1.125,1.1875,-0.0625,1.1111111111111112,1.3333333333333333,1.1428571428571428,1.0,1.1,0.9,1.5,1520.756,10.0,0.10096153846153855,0.3317307692307692,0.7999999999999998,70.60399999999981,0.0,0.0,0.0,0.0,1.0,1.0,1.0,FIFA/World Cup,round-of-16,498151,2018-07-01T18:00:00+00:00,2018-07-01,Croatia,Denmark,1,1,H,22.0,15.0,7.0,3.0,espn
36.0,0.6388888888888888,0.19444444444444445,0.16666666666666666,2.111111111111111,1.9166666666666667,0.9166666666666666,1.0,1.7586206896551724,0.9310344827586207,2.5714285714285716,0.8571428571428571,1.7,1.7,0.7,1636.064,49.0,0.5102040816326531,0.20408163265306123,0.2857142857142857,1.7346938775510203,1.6326530612244898,1.0816326530612246,0.5510204081632653,1.5769230769230769,1.1153846153846154,1.6956521739130435,1.0434782608695652,1.7,1.0,1.4,1605.053,-13.0,0.3764172335600908,0.44897959183673475,0.0,31.010999999999967,1.0,0.0,1.0,0.0,1.0,1.0,1.0,FIFA/World Cup,round-of-16,498150,2018-07-02T14:00:00+00:00,2018-07-02,Brazil,Mexico,2,0,H,21.0,13.0,10.0,1.0,espn
16.0,0.625,0.125,0.25,2.0,1.6875,0.9375,0.75,2.2857142857142856,0.8571428571428571,1.2222222222222223,1.0,2.1,2.0,0.9,1601.637,16.0,0.3125,0.25,0.4375,1.1875,0.9375,1.375,-0.4375,0.8,1.4,1.1666666666666667,1.3333333333333333,1.4,1.0,1.2,1482.26,0.0,0.8125,1.1875,0.7000000000000002,119.37699999999995,1.0,0.0,1.0,0.0,1.0,1.0,1.0,FIFA/World Cup,round-of-16,498149,2018-07-02T18:00:00+00:00,2018-07-02,Belgium,Japan,3,2,H,24.0,11.0,8.0,4.0,espn
23.0,0.2608695652173913,0.34782608695652173,0.391304347826087,1.1304347826086956,1.2173913043478262,1.0869565217391304,0.13043478260869565,1.4545454545454546,1.0,1.0,1.1666666666666667,1.0,1.1,1.2,1504.565,24.0,0.3333333333333333,0.2916666666666667,0.375,1.2916666666666667,1.0,0.9583333333333334,0.041666666666666664,1.0,1.1538461538461537,1.0,0.7272727272727273,1.3,1.3,1.2,1514.332,-1.0,-0.16123188405797118,0.08876811594202899,-0.30000000000000004,-9.767000000000053,0.0,0.0,0.0,0.0,1.0,1.0,1.0,FIFA/World Cup,round-of-16,498148,2018-07-03T14:00:00+00:00,2018-07-03,Sweden,Switzerland,1,0,H,12.0,18.0,3.0,4.0,espn
22.0,0.5909090909090909,0.09090909090909091,0.3181818181818182,1.8636363636363635,1.2727272727272727,0.6818181818181818,0.5909090909090909,1.25,1.0,1.3,0.3,1.8,1.2,0.8,1598.229,29.0,0.3448275862068966,0.3448275862068966,0.3103448275862069,1.3793103448275863,1.3448275862068966,1.0689655172413792,0.27586206896551724,1.4285714285714286,0.7142857142857143,1.2666666666666666,1.4,1.2,1.4,1.1,1520.028,-7.0,0.48432601880877724,0.3150470219435737,0.6000000000000001,78.20100000000002,0.0,0.0,0.0,0.0,1.0,1.0,1.0,FIFA/World Cup,round-of-16,498147,2018-07-03T18:00:00+00:00,2018-07-03,Colombia,England,1,1,A,14.0,16.0,4.0,2.0,espn
31.0,0.4838709677419355,0.22580645161290322,0.2903225806451613,1.6774193548387097,1.3225806451612903,0.967741935483871,0.3548387096774194,1.4736842105263157,1.0,1.0833333333333333,0.9166666666666666,1.6,1.2,0.8,1602.931,39.0,0.4358974358974359,0.2564102564102564,0.3076923076923077,1.564102564102564,1.2820512820512822,0.9743589743589743,0.3076923076923077,1.4,1.0,1.1578947368421053,0.9473684210526315,2.3,1.8,0.8,1624.4,-8.0,0.11331679073614565,0.04714640198511166,-0.6999999999999997,-21.46900000000005,2.0,0.0,1.0,0.0,1.0,1.0,1.0,FIFA/World Cup,quarterfinals,498146,2018-07-06T14:00:00+00:00,2018-07-06,Uruguay,France,0,2,A,11.0,11.0,4.0,2.0,espn
37.0,0.6486486486486487,0.1891891891891892,0.16216216216216217,2.135135135135135,1.9189189189189189,0.8918918918918919,1.027027027027027,1.7666666666666666,0.9,2.5714285714285716,0.8571428571428571,1.7,1.7,0.6,1654.081,17.0,0.6470588235294118,0.11764705882352941,0.23529411764705882,2.0588235294117645,1.7647058823529411,1.0,0.7647058823529411,2.375,1.0,1.2222222222222223,1.0,2.1,2.1,1.0,1613.594,20.0,0.07631160572337059,0.26232114467408585,-0.40000000000000013,40.48699999999985,1.0,1.0,0.0,2.0,1.0,1.0,1.0,FIFA/World Cup,quarterfinals,498145,2018-07-06T18:00:00+00:00,2018-07-06,Brazil,Belgium,1,2,A,26.0,8.0,9.0,3.0,espn
24.0,0.2916666666666667,0.3333333333333333,0.375,1.2083333333333333,1.2083333333333333,1.0416666666666667,0.16666666666666666,1.4166666666666667,0.9166666666666666,1.0,1.1666666666666667,1.3,1.2,1.0,1522.931,30.0,0.36666666666666664,0.3333333333333333,0.3,1.4333333333333333,1.3333333333333333,1.0666666666666667,0.26666666666666666,1.4285714285714286,0.7142857142857143,1.25,1.375,1.5,1.4,1.0,1541.846,-6.0,-0.2250000000000001,-0.1,-0.19999999999999996,-18.914999999999964,3.0,0.0,0.6666666666666666,-0.3333333333333333,1.0,1.0,1.0,FIFA/World Cup,quarterfinals,498144,2018-07-07T14:00:00+00:00,2018-07-07,Sweden,England,0,2,A,7.0,12.0,3.0,2.0,espn
23.0,0.391304347826087,0.17391304347826086,0.43478260869565216,1.3478260869565217,1.2608695652173914,1.3043478260869565,-0.043478260869565216,1.8181818181818181,1.2727272727272727,0.75,1.3333333333333333,1.2,1.3,1.4,1507.141,27.0,0.4444444444444444,0.25925925925925924,0.2962962962962963,1.5925925925925926,1.3333333333333333,1.0740740740740742,0.25925925925925924,1.25,1.5,1.4,0.7333333333333333,2.2,1.8,0.9,1605.643,-4.0,-0.24476650563607083,-0.3027375201288245,-1.0000000000000002,-98.50199999999995,0.0,0.0,0.0,0.0,1.0,1.0,1.0,FIFA/World Cup,quarterfinals,498143,2018-07-07T18:00:00+00:00,2018-07-07,Russia,Croatia,2,2,A,13.0,17.0,7.0,3.0,espn
40.0,0.45,0.25,0.3,1.6,1.3,0.95,0.35,1.4,1.0,1.2,0.9,2.3,1.8,0.8,1642.957,18.0,0.6666666666666666,0.1111111111111111,0.2222222222222222,2.111111111111111,1.7777777777777777,1.0,0.7777777777777778,2.375,1.0,1.3,1.0,2.4,2.3,1.0,1633.53,22.0,-0.5111111111111111,-0.4277777777777778,-0.10000000000000009,9.427000000000135,0.0,0.0,0.0,0.0,1.0,1.0,1.0,FIFA/World Cup,semifinals,498142,2018-07-10T18:00:00+00:00,2018-07-10,France,Belgium,1,0,H,19.0,9.0,5.0,3.0,espn
28.0,0.4642857142857143,0.25,0.2857142857142857,1.6428571428571428,1.3571428571428572,1.1071428571428572,0.25,1.25,1.5,1.4375,0.8125,2.2,1.6,1.1,1618.574,31.0,0.3870967741935484,0.3225806451612903,0.2903225806451613,1.4838709677419355,1.3548387096774193,1.032258064516129,0.3225806451612903,1.4285714285714286,0.7142857142857143,1.2941176470588236,1.2941176470588236,1.8,1.5,0.8,1560.548,-3.0,0.1589861751152073,-0.07258064516129031,0.40000000000000013,58.02600000000007,1.0,0.0,0.0,-2.0,1.0,1.0,1.0,FIFA/World Cup,semifinals,498141,2018-07-11T18:00:00+00:00,2018-07-11,Croatia,England,2,1,H,22.0,11.0,7.0,1.0,espn
19.0,0.631578947368421,0.10526315789473684,0.2631578947368421,2.0,1.6842105263157894,1.0,0.6842105263157895,2.375,1.0,1.1818181818181819,1.0,2.4,2.3,0.9,1616.151,32.0,0.375,0.3125,0.3125,1.4375,1.34375,1.0625,0.28125,1.4285714285714286,0.7142857142857143,1.2777777777777777,1.3333333333333333,1.7,1.6,1.0,1545.64,-13.0,0.5625,0.4029605263157895,0.7,70.51099999999997,1.0,1.0,0.0,1.0,1.0,1.0,1.0,FIFA/World Cup,third-place,498140,2018-07-14T14:00:00+00:00,2018-07-14,Belgium,England,2,0,H,12.0,15.0,4.0,5.0,espn
41.0,0.4634146341463415,0.24390243902439024,0.2926829268292683,1.6341463414634145,1.2926829268292683,0.926829268292683,0.36585365853658536,1.380952380952381,0.9523809523809523,1.2,0.9,2.5,1.9,0.8,1660.336,29.0,0.4827586206896552,0.2413793103448276,0.27586206896551724,1.6896551724137931,1.3793103448275863,1.103448275862069,0.27586206896551724,1.3076923076923077,1.4615384615384615,1.4375,0.8125,2.5,1.7,0.9,1633.482,12.0,-0.05550883095037862,0.08999158957106812,0.0,26.854000000000042,1.0,0.0,1.0,0.0,1.0,1.0,1.0,FIFA/World Cup,final,498139,2018-07-15T15:00:00+00:00,2018-07-15,France,Croatia,4,2,H,8.0,15.0,6.0,3.0,espn
39.0,0.48717948717948717,0.20512820512820512,0.3076923076923077,1.6666666666666667,1.5128205128205128,1.1025641025641026,0.41025641025641024,1.6818181818181819,0.7727272727272727,1.2941176470588236,1.5294117647058822,1.9,1.4,1.0,1602.1,25.0,0.32,0.28,0.4,1.24,0.96,0.96,0.0,1.0,1.1538461538461537,0.9166666666666666,0.75,1.3,1.1,0.8,1495.966,14.0,0.42666666666666675,0.41025641025641024,0.5999999999999999,106.13400000000001,1.0,0.0,0.0,-2.0,0.0,1.0,1.0,UEFA/Nations League,semifinals,529096,2019-06-05T18:45:00+00:00,2019-06-05,Portugal,Switzerland,3,1,H,10.0,16.0,3.0,3.0,espn
28.0,0.5714285714285714,0.10714285714285714,0.32142857142857145,1.8214285714285714,1.6428571428571428,0.9285714285714286,0.7142857142857143,1.5,0.7777777777777778,1.9,1.2,1.5,1.5,0.9,1650.471,33.0,0.36363636363636365,0.30303030303030304,0.3333333333333333,1.393939393939394,1.303030303030303,1.0909090909090908,0.21212121212121213,1.4285714285714286,0.7142857142857143,1.2105263157894737,1.368421052631579,1.6,1.5,1.1,1529.822,-5.0,0.42748917748917736,0.5021645021645021,-0.10000000000000009,120.64900000000011,0.0,0.0,0.0,0.0,0.0,1.0,1.0,UEFA/Nations League,semifinals,529095,2019-06-06T18:45:00+00:00,2019-06-06,Netherlands,England,3,1,H,29.0,13.0,14.0,3.0,espn
26.0,0.3076923076923077,0.2692307692307692,0.4230769230769231,1.1923076923076923,0.9615384615384616,1.0384615384615385,-0.07692307692307693,1.0,1.1538461538461537,0.9230769230769231,0.9230769230769231,1.0,0.9,1.1,1484.448,34.0,0.35294117647058826,0.29411764705882354,0.35294117647058826,1.3529411764705883,1.2941176470588236,1.1470588235294117,0.14705882352941177,1.4285714285714286,0.7142857142857143,1.2,1.45,1.3,1.4,1.3,1518.92,-8.0,-0.16063348416289602,-0.2239819004524887,-0.30000000000000004,-34.47199999999998,1.0,0.0,0.0,-3.0,0.0,1.0,1.0,UEFA/Nations League,third-place-match,540882,2019-06-09T13:00:00+00:00,2019-06-09,Switzerland,England,0,0,A,11.0,12.0,2.0,5.0,espn
40.0,0.5,0.2,0.3,1.7,1.55,1.1,0.45,1.7391304347826086,0.782608695652174,1.2941176470588236,1.5294117647058822,2.1,1.7,1.1,1613.618,29.0,0.5862068965517241,0.10344827586206896,0.3103448275862069,1.8620689655172413,1.6896551724137931,0.9310344827586207,0.7586206896551724,1.5789473684210527,0.7894736842105263,1.9,1.2,1.8,1.8,0.9,1661.373,11.0,-0.16206896551724137,-0.30862068965517236,0.30000000000000004,-47.75500000000011,3.0,1.0,0.0,1.0,0.0,1.0,1.0,UEFA/Nations League,final,540881,2019-06-09T18:45:00+00:00,2019-06-09,Portugal,Netherlands,1,0,H,18.0,4.0,7.0,1.0,espn
38.0,0.631578947368421,0.18421052631578946,0.18421052631578946,2.0789473684210527,1.894736842105263,0.9210526315789473,0.9736842105263158,1.7419354838709677,0.9354838709677419,2.5714285714285716,0.8571428571428571,1.7,1.8,0.7,1634.145,10.0,0.1,0.2,0.7,0.5,0.7,2.2,-1.5,0.5,2.5,0.75,2.125,0.5,0.7,2.2,1431.584,28.0,1.5789473684210527,2.473684210526316,1.2,202.56099999999992,0.0,0.0,0.0,0.0,0.0,0.0,1.0,CONMEBOL/Copa America,group-stage,535899,2019-06-15T00:30:00+00:00,2019-06-15,Brazil,Bolivia,3,0,H,20.0,5.0,5.0,1.0,espn
13.0,0.38461538461538464,0.3076923076923077,0.3076923076923077,1.4615384615384615,1.0,1.2307692307692308,-0.23076923076923078,1.0,0.0,1.0,1.3333333333333333,1.4,0.9,1.3,1531.579,19.0,0.47368421052631576,0.15789473684210525,0.3684210526315789,1.5789473684210527,1.1578947368421053,0.7368421052631579,0.42105263157894735,1.1428571428571428,0.5714285714285714,1.1666666666666667,0.8333333333333334,1.6,1.2,0.7,1539.995,-6.0,-0.1174089068825912,-0.6518218623481782,-0.20000000000000018,-8.41599999999994,2.0,0.0,0.0,-2.0,0.0,0.0,1.0,CONMEBOL/Copa America,group-stage,535898,2019-06-15T19:00:00+00:00,2019-06-15,Venezuela,Peru,0,0,D,0.0,0.0,0.0,0.0,espn
38.0,0.631578947368421,0.18421052631578946,0.18421052631578946,2.0789473684210527,1.8157894736842106,0.7894736842105263,1.0263157894736843,1.962962962962963,0.7407407407407407,1.4545454545454546,0.9090909090909091,1.9,2.4,1.1,1656.467,23.0,0.5652173913043478,0.08695652173913043,0.34782608695652173,1.7826086956521738,1.2608695652173914,0.6956521739130435,0.5652173913043478,1.2307692307692308,1.0,1.3,0.3,1.8,1.3,0.9,1576.411,15.0,0.2963386727688788,0.4610983981693365,0.09999999999999987,80.05600000000004,2.0,0.5,0.5,0.0,0.0,0.0,1.0,CONMEBOL/Copa America,group-stage,535897,2019-06-15T22:00:00+00:00,2019-06-15,Argentina,Colombia,0,2,A,0.0,0.0,0.0,0.0,espn
13.0,0.15384615384615385,0.46153846153846156,0.38461538461538464,0.9230769230769231,0.6153846153846154,0.9230769230769231,-0.3076923076923077,0.4,0.4,0.75,1.25,0.8,0.6,0.9,1462.102,6.0,0.3333333333333333,0.0,0.6666666666666666,1.0,1.0,1.6666666666666667,-0.6666666666666666,1.5,1.5,0.75,1.75,0.6,1.0,1.6666666666666667,1474.676,7.0,-0.07692307692307687,0.3589743589743589,0.20000000000000007,-12.573999999999842,1.0,0.0,0.0,-1.0,0.0,0.0,1.0,CONCACAF/Gold Cup,group-stage,539242,2019-06-15T23:30:00+00:00,2019-06-15,Canada,Martinique,4,0,H,24.0,16.0,12.0,3.0,espn
50.0,0.5,0.2,0.3,1.7,1.6,1.1,0.5,1.5769230769230769,1.1153846153846154,1.625,1.0833333333333333,1.6,0.9,1.5,1587.036,11.0,0.18181818181818182,0.0,0.8181818181818182,0.5454545454545454,0.7272727272727273,3.909090909090909,-3.1818181818181817,1.6666666666666667,1.6666666666666667,0.375,4.75,0.6,0.8,3.8,1401.238,39.0,1.1545454545454545,3.6818181818181817,1.0,185.798,2.0,1.0,0.0,5.5,0.0,0.0,1.0,CONCACAF/Gold Cup,group-stage,539241,2019-06-16T02:00:00+00:00,2019-06-16,Mexico,Cuba,7,0,H,30.0,3.0,15.0,0.0,espn
25.0,0.2,0.44,0.36,1.04,0.88,1.2,-0.32,0.8888888888888888,0.6666666666666666,0.875,1.5,0.9,0.7,1.8,1485.526,0.0,0.0,0.0,0.0,0.0,0.0,0.0,0.0,0.0,0.0,0.0,0.0,0.0,0.0,0.0,1500.0,25.0,1.04,-0.32,0.9,-14.473999999999933,0.0,0.0,0.0,0.0,0.0,0.0,1.0,CONMEBOL/Copa America,group-stage,535896,2019-06-16T19:00:00+00:00,2019-06-16,Paraguay,Qatar,2,2,D,13.0,8.0,5.0,4.0,espn
10.0,0.2,0.1,0.7,0.7,0.5,1.8,-1.3,0.25,1.0,0.6666666666666666,2.3333333333333335,0.7,0.5,1.8,1432.46,0.0,0.0,0.0,0.0,0.0,0.0,0.0,0.0,0.0,0.0,0.0,0.0,0.0,0.0,0.0,1500.0,10.0,0.7,-1.3,0.7,-67.53999999999996,0.0,0.0,0.0,0.0,0.0,0.0,1.0,CONCACAF/Gold Cup,group-stage,539240,2019-06-16T22:00:00+00:00,2019-06-16,Haiti,Bermuda,2,1,H,24.0,8.0,10.0,2.0,espn
32.0,0.46875,0.21875,0.3125,1.625,1.28125,1.0,0.28125,1.4,1.05,1.0833333333333333,0.9166666666666666,1.6,1.2,0.9,1584.374,20.0,0.3,0.2,0.5,1.1,1.15,1.3,-0.15,1.7142857142857142,1.1428571428571428,0.8461538461538461,1.3846153846153846,1.2,1.4,1.3,1480.299,12.0,0.5249999999999999,0.43125,0.40000000000000013,104.07500000000005,0.0,0.0,0.0,0.0,0.0,0.0,1.0,CONMEBOL/Copa America,group-stage,535895,2019-06-16T22:00:00+00:00,2019-06-16,Uruguay,Ecuador,4,0,H,0.0,0.0,0.0,0.0,espn
36.0,0.3055555555555556,0.2777777777777778,0.4166666666666667,1.1944444444444444,1.1111111111111112,1.2777777777777777,-0.16666666666666666,1.3529411764705883,1.0,0.8947368421052632,1.5263157894736843,1.4,1.1,1.4,1484.702,3.0,0.0,0.0,1.0,0.0,0.3333333333333333,2.3333333333333335,-2.0,0.0,3.0,0.5,2.0,0.0,0.3333333333333333,2.3333333333333335,1457.631,33.0,1.1944444444444444,1.8333333333333333,1.4,27.070999999999913,0.0,0.0,0.0,0.0,0.0,0.0,1.0,CONCACAF/Gold Cup,group-stage,539239,2019-06-17T00:30:00+00:00,2019-06-17,Costa Rica,Nicaragua,4,0,H,15.0,8.0,7.0,1.0,espn
3.0,0.0,0.0,1.0,0.0,0.0,2.0,-2.0,0.0,2.0,0.0,2.0,0.0,0.0,2.0,1455.38,15.0,0.2,0.4,0.4,1.0,1.1333333333333333,1.6,-0.4666666666666667,2.2,0.6,0.6,2.1,0.9,0.7,1.4,1464.903,-12.0,-1.0,-1.5333333333333332,-0.9,-9.52299999999991,1.0,0.0,0.0,-2.0,0.0,0.0,1.0,CONCACAF/Gold Cup,group-stage,539238,2019-06-17T23:00:00+00:00,2019-06-17,Curacao,El Salvador,0,1,A,3.0,9.0,1.0,5.0,espn
17.0,0.29411764705882354,0.23529411764705882,0.47058823529411764,1.1176470588235294,1.0,1.4705882352941178,-0.47058823529411764,0.8,1.4,1.2857142857142858,1.5714285714285714,1.1,1.1,1.5,1470.303,24.0,0.6666666666666666,0.08333333333333333,0.25,2.0833333333333335,1.7916666666666667,0.9166666666666666,0.875,2.0,0.9285714285714286,1.5,0.9,2.7,2.4,0.6,1676.213,-7.0,-0.965686274509804,-1.3455882352941178,-1.6,-205.90999999999985,0.0,0.0,0.0,0.0,0.0,0.0,1.0,CONMEBOL/Copa America,group-stage,535894,2019-06-17T23:00:00+00:00,2019-06-17,Japan,Chile,0,4,A,0.0,0.0,0.0,0.0,espn
22.0,0.45454545454545453,0.13636363636363635,0.4090909090909091,1.5,1.0,0.9545454545454546,0.045454545454545456,1.3333333333333333,0.8888888888888888,0.7692307692307693,1.0,1.1,0.8,1.3,1530.462,23.0,0.17391304347826086,0.2608695652173913,0.5652173913043478,0.782608695652174,0.6956521739130435,1.173913043478261,-0.4782608695652174,0.3333333333333333,1.0833333333333333,1.0909090909090908,1.2727272727272727,0.3,0.3,1.4,1393.918,-1.0,0.717391304347826,0.5237154150197628,0.8,136.5440000000001,1.0,1.0,0.0,1.0,0.0,0.0,1.0,CONCACAF/Gold Cup,group-stage,539237,2019-06-18T01:30:00+00:00,2019-06-18,Jamaica,Honduras,3,2,H,14.0,12.0,8.0,2.0,espn
11.0,0.09090909090909091,0.18181818181818182,0.7272727272727273,0.45454545454545453,0.6363636363636364,2.272727272727273,-1.6363636363636365,0.5,2.5,0.6666666666666666,2.2222222222222223,0.4,0.6,2.4,1423.054,20.0,0.45,0.2,0.35,1.55,1.1,0.7,0.4,1.1428571428571428,0.5714285714285714,1.0769230769230769,0.7692307692307693,1.4,0.9,0.6,1539.637,-9.0,-1.0954545454545455,-2.0363636363636366,-0.9999999999999999,-116.58299999999986,1.0,0.0,0.0,-2.0,0.0,0.0,1.0,CONMEBOL/Copa America,group-stage,535893,2019-06-18T21:30:00+00:00,2019-06-18,Bolivia,Peru,1,3,A,7.0,18.0,2.0,10.0,espn
27.0,0.3333333333333333,0.3333333333333333,0.3333333333333333,1.3333333333333333,1.3333333333333333,1.5185185185185186,-0.18518518518518517,1.8461538461538463,1.0,0.8571428571428571,2.0,1.0,1.2,2.4,1469.209,11.0,0.2727272727272727,0.36363636363636365,0.36363636363636365,1.1818181818181819,1.2727272727272727,1.3636363636363635,-0.09090909090909091,1.2,0.8,1.3333333333333333,1.8333333333333333,1.2,1.4,1.5,1491.366,16.0,0.15151515151515138,-0.09427609427609426,-0.19999999999999996,-22.156999999999925,1.0,0.0,1.0,0.0,0.0,0.0,1.0,CONCACAF/Gold Cup,group-stage,539236,2019-06-18T23:30:00+00:00,2019-06-18,Panama,Trinidad and Tobago,2,0,H,17.0,6.0,7.0,0.0,espn
39.0,0.6410256410256411,0.1794871794871795,0.1794871794871795,2.1025641025641026,1.9230769230769231,0.8974358974358975,1.0256410256410255,1.78125,0.90625,2.5714285714285716,0.8571428571428571,1.7,1.9,0.6,1642.675,14.0,0.35714285714285715,0.35714285714285715,0.2857142857142857,1.4285714285714286,0.9285714285714286,1.1428571428571428,-0.21428571428571427,0.5,0.0,1.0,1.3333333333333333,1.2,0.7,1.2,1531.937,25.0,0.673992673992674,1.2399267399267397,0.5,110.73800000000006,2.0,0.5,0.5,0.5,0.0,0.0,1.0,CONMEBOL/Copa America,group-stage,535892,2019-06-19T00:30:00+00:00,2019-06-19,Brazil,Venezuela,0,0,D,0.0,0.0,0.0,0.0,espn
45.0,0.5555555555555556,0.17777777777777778,0.26666666666666666,1.8444444444444446,1.7555555555555555,1.0666666666666667,0.6888888888888889,1.7666666666666666,1.1666666666666667,1.7333333333333334,0.8666666666666667,2.2,1.6,1.0,1633.052,0.0,0.0,0.0,0.0,0.0,0.0,0.0,0.0,0.0,0.0,0.0,0.0,0.0,0.0,0.0,1500.0,45.0,1.8444444444444446,0.6888888888888889,2.2,133.0519999999999,0.0,0.0,0.0,0.0,0.0,0.0,1.0,CONCACAF/Gold Cup,group-stage,539235,2019-06-19T02:00:00+00:00,2019-06-19,United States,Guyana,4,0,H,20.0,4.0,6.0,1.0,espn
24.0,0.5833333333333334,0.08333333333333333,0.3333333333333333,1.8333333333333333,1.2916666666666667,0.6666666666666666,0.625,1.2307692307692308,1.0,1.3636363636363635,0.2727272727272727,1.8,1.3,0.9,1596.485,1.0,0.0,1.0,0.0,1.0,2.0,2.0,0.0,0.0,0.0,2.0,2.0,0.1,2.0,2.0,1499.384,23.0,0.8333333333333333,0.625,1.7,97.10099999999989,0.0,0.0,0.0,0.0,0.0,0.0,1.0,CONMEBOL/Copa America,group-stage,535891,2019-06-19T21:30:00+00:00,2019-06-19,Colombia,Qatar,1,0,H,0.0,0.0,0.0,0.0,espn
12.0,0.16666666666666666,0.0,0.8333333333333334,0.5,0.6666666666666666,4.166666666666667,-3.5,1.6666666666666667,1.6666666666666667,0.3333333333333333,5.0,0.6,0.8,4.0,1391.255,7.0,0.2857142857142857,0.0,0.7142857142857143,0.8571428571428571,0.8571428571428571,2.0,-1.1428571428571428,1.5,1.5,0.6,2.2,0.6,0.8571428571428571,2.0,1454.433,5.0,-0.3571428571428571,-2.357142857142857,0.0,-63.177999999999884,0.0,0.0,0.0,0.0,0.0,0.0,1.0,CONCACAF/Gold Cup,group-stage,539234,2019-06-20T00:00:00+00:00,2019-06-20,Cuba,Martinique,0,3,A,7.0,21.0,3.0,7.0,espn
39.0,0.6153846153846154,0.1794871794871795,0.20512820512820512,2.0256410256410255,1.7692307692307692,0.8205128205128205,0.9487179487179487,1.8928571428571428,0.7857142857142857,1.4545454545454546,0.9090909090909091,1.6,2.2,1.2,1636.393,26.0,0.19230769230769232,0.46153846153846156,0.34615384615384615,1.0384615384615385,0.9230769230769231,1.2307692307692308,-0.3076923076923077,1.0,0.8,0.875,1.5,1.0,0.9,1.7,1486.142,13.0,0.987179487179487,1.2564102564102564,0.6000000000000001,150.25099999999998,2.0,0.5,0.5,2.5,0.0,0.0,1.0,CONMEBOL/Copa America,group-stage,535890,2019-06-20T00:30:00+00:00,2019-06-20,Argentina,Paraguay,1,1,D,0.0,0.0,0.0,0.0,espn
51.0,0.5098039215686274,0.19607843137254902,0.29411764705882354,1.7254901960784315,1.7058823529411764,1.0784313725490196,0.6274509803921569,1.7777777777777777,1.0740740740740742,1.625,1.0833333333333333,1.9,1.6,0.8,1597.019,14.0,0.21428571428571427,0.42857142857142855,0.35714285714285715,1.0714285714285714,0.8571428571428571,0.8571428571428571,0.0,1.0,0.3333333333333333,0.75,1.25,1.1,1.0,0.8,1482.345,37.0,0.6540616246498601,0.6274509803921569,0.7999999999999998,114.67399999999998,1.0,1.0,0.0,2.0,0.0,0.0,1.0,CONCACAF/Gold Cup,group-stage,539233,2019-06-20T02:30:00+00:00,2019-06-20,Mexico,Canada,3,1,H,18.0,10.0,6.0,4.0,espn
4.0,0.0,0.0,1.0,0.0,0.25,2.75,-2.5,0.0,3.0,0.3333333333333333,2.6666666666666665,0.0,0.25,2.75,1439.614,11.0,0.2727272727272727,0.09090909090909091,0.6363636363636364,0.9090909090909091,0.6363636363636364,1.7272727272727273,-1.0909090909090908,0.6,1.0,0.6666666666666666,2.3333333333333335,1.0,0.7,1.7,1450.082,-7.0,-0.9090909090909091,-1.4090909090909092,-1.0,-10.468000000000075,0.0,0.0,0.0,0.0,0.0,0.0,1.0,CONCACAF/Gold Cup,group-stage,539232,2019-06-20T23:00:00+00:00,2019-06-20,Nicaragua,Haiti,0,2,A,11.0,9.0,3.0,4.0,espn
33.0,0.48484848484848486,0.21212121212121213,0.30303030303030304,1.6666666666666667,1.3636363636363635,0.9696969696969697,0.3939393939393939,1.5238095238095237,1.0,1.0833333333333333,0.9166666666666666,1.8,1.5,0.8,1598.227,18.0,0.2777777777777778,0.2222222222222222,0.5,1.0555555555555556,0.9444444444444444,1.6111111111111112,-0.6666666666666666,0.7272727272727273,1.6363636363636365,1.2857142857142858,1.5714285714285714,1.1,1.1,1.8,1461.156,15.0,0.6111111111111112,1.0606060606060606,0.7,137.07100000000014,0.0,0.0,0.0,0.0,0.0,0.0,1.0,CONMEBOL/Copa America,group-stage,535888,2019-06-20T23:00:00+00:00,2019-06-20,Uruguay,Japan,2,2,D,29.0,12.0,10.0,3.0,espn
37.0,0.32432432432432434,0.2702702702702703,0.40540540540540543,1.2432432432432432,1.1891891891891893,1.2432432432432432,-0.05405405405405406,1.5,0.9444444444444444,0.8947368421052632,1.5263157894736843,1.7,1.5,1.0,1502.719,1.0,0.0,0.0,1.0,0.0,1.0,2.0,-1.0,0.0,0.0,1.0,2.0,0.0,1.0,2.0,1482.378,36.0,1.2432432432432432,0.9459459459459459,1.7,20.341000000000122,0.0,0.0,0.0,0.0,0.0,0.0,1.0,CONCACAF/Gold Cup,group-stage,539231,2019-06-21T01:30:00+00:00,2019-06-21,Costa Rica,Bermuda,2,1,H,20.0,13.0,8.0,4.0,espn
9.0,0.4444444444444444,0.1111111111111111,0.4444444444444444,1.4444444444444444,0.7777777777777778,1.0,-0.2222222222222222,0.8,0.6,0.75,1.5,1.3,0.7777777777777778,1.0,1475.451,3.0,0.0,0.3333333333333333,0.6666666666666666,0.3333333333333333,1.3333333333333333,2.6666666666666665,-1.3333333333333333,2.0,4.0,1.0,2.0,0.1,1.3333333333333333,2.6666666666666665,1463.974,6.0,1.1111111111111112,1.1111111111111112,1.2,11.47700000000009,0.0,0.0,0.0,0.0,0.0,0.0,1.0,CAF/Africa Cup of Nations,group-stage,539315,2019-06-21T20:00:00+00:00,2019-06-21,Egypt,Zimbabwe,1,0,H,16.0,11.0,9.0,2.0,espn
16.0,0.25,0.375,0.375,1.125,1.125,1.5,-0.375,2.2,0.6,0.6363636363636364,1.9090909090909092,1.2,0.8,1.3,1479.282,23.0,0.4782608695652174,0.13043478260869565,0.391304347826087,1.565217391304348,1.0869565217391304,1.0,0.08695652173913043,1.5,1.0,0.7692307692307693,1.0,1.4,1.0,1.2,1539.718,-7.0,-0.4402173913043479,-0.46195652173913043,-0.19999999999999996,-60.43600000000015,2.0,0.0,0.5,-0.5,0.0,0.0,1.0,CONCACAF/Gold Cup,group-stage,539230,2019-06-21T23:00:00+00:00,2019-06-21,El Salvador,Jamaica,0,0,D,5.0,7.0,1.0,2.0,espn
21.0,0.2857142857142857,0.19047619047619047,0.5238095238095238,1.0476190476190477,1.0952380952380953,1.4285714285714286,-0.3333333333333333,1.7142857142857142,1.1428571428571428,0.7857142857142857,1.5714285714285714,1.2,1.3,1.5,1466.446,25.0,0.68,0.08,0.24,2.12,1.88,0.88,1.0,2.0,0.9285714285714286,1.7272727272727273,0.8181818181818182,2.7,2.3,0.6,1685.36,-4.0,-1.0723809523809524,-1.3333333333333333,-1.5000000000000002,-218.914,1.0,0.0,0.0,-2.0,0.0,0.0,1.0,CONMEBOL/Copa America,group-stage,535889,2019-06-21T23:00:00+00:00,2019-06-21,Ecuador,Chile,1,2,A,0.0,0.0,0.0,0.0,espn
24.0,0.16666666666666666,0.25,0.5833333333333334,0.75,0.75,1.25,-0.5,0.3333333333333333,1.0833333333333333,1.1666666666666667,1.4166666666666667,0.3,0.5,1.4,1384.662,4.0,0.0,0.0,1.0,0.0,0.0,1.75,-1.75,0.0,1.6666666666666667,0.0,2.0,0.0,0.0,1.75,1441.001,20.0,0.75,1.25,0.3,-56.33899999999994,0.0,0.0,0.0,0.0,0.0,0.0,1.0,CONCACAF/Gold Cup,group-stage,539229,2019-06-22T01:30:00+00:00,2019-06-22,Honduras,Curacao,0,1,A,35.0,7.0,13.0,4.0,espn
13.0,0.3076923076923077,0.5384615384615384,0.15384615384615385,1.4615384615384615,1.3076923076923077,1.1538461538461537,0.15384615384615385,0.8333333333333334,1.1666666666666667,1.7142857142857142,1.1428571428571428,1.6,1.4,1.2,1530.942,3.0,0.0,0.3333333333333333,0.6666666666666666,0.3333333333333333,0.3333333333333333,1.0,-0.6666666666666666,1.0,1.0,0.0,1.0,0.1,0.3333333333333333,1.0,1473.772,10.0,1.1282051282051282,0.8205128205128205,1.5,57.17000000000007,0.0,0.0,0.0,0.0,0.0,0.0,1.0,CAF/Africa Cup of Nations,group-stage,539314,2019-06-22T14:30:00+00:00,2019-06-22,Congo DR,Uganda,0,2,A,11.0,13.0,3.0,5.0,espn
17.0,0.29411764705882354,0.29411764705882354,0.4117647058823529,1.1764705882352942,1.1176470588235294,1.1176470588235294,0.0,1.2857142857142858,1.1428571428571428,1.0,1.1,1.6,1.4,1.1,1487.692,0.0,0.0,0.0,0.0,0.0,0.0,0.0,0.0,0.0,0.0,0.0,0.0,0.0,0.0,0.0,1500.0,17.0,1.1764705882352942,0.0,1.6,-12.307999999999993,0.0,0.0,0.0,0.0,0.0,0.0,1.0,CAF/Africa Cup of Nations,group-stage,539313,2019-06-22T17:00:00+00:00,2019-06-22,Nigeria,Burundi,1,0,H,15.0,15.0,3.0,6.0,espn
12.0,0.08333333333333333,0.16666666666666666,0.75,0.4166666666666667,0.6666666666666666,2.3333333333333335,-1.6666666666666667,0.6666666666666666,2.6666666666666665,0.6666666666666666,2.2222222222222223,0.4,0.7,2.5,1411.981,15.0,0.3333333333333333,0.4,0.26666666666666666,1.4,0.8666666666666667,1.0666666666666667,-0.2,0.5,0.0,0.9230769230769231,1.2307692307692308,1.2,0.7,1.2,1536.496,-3.0,-0.9833333333333332,-1.4666666666666668,-0.7999999999999999,-124.5150000000001,0.0,0.0,0.0,0.0,0.0,0.0,1.0,CONMEBOL/Copa America,group-stage,535887,2019-06-22T19:00:00+00:00,2019-06-22,Bolivia,Venezuela,1,3,A,0.0,0.0,0.0,0.0,espn
21.0,0.47619047619047616,0.19047619047619047,0.3333333333333333,1.619047619047619,1.1904761904761905,0.7142857142857143,0.47619047619047616,1.1428571428571428,0.5714285714285714,1.2142857142857142,0.7857142857142857,1.7,1.1,0.5,1550.71,40.0,0.625,0.2,0.175,2.075,1.875,0.875,1.0,1.7272727272727273,0.8787878787878788,2.5714285714285716,0.8571428571428571,1.8,1.8,0.5,1638.116,-19.0,-0.4559523809523811,-0.5238095238095238,-0.10000000000000009,-87.40599999999995,2.0,0.5,0.0,0.0,0.0,0.0,1.0,CONMEBOL/Copa America,group-stage,535886,2019-06-22T19:00:00+00:00,2019-06-22,Peru,Brazil,0,5,A,8.0,19.0,2.0,9.0,espn
7.0,0.14285714285714285,0.5714285714285714,0.2857142857142857,1.0,1.4285714285714286,1.2857142857142858,0.14285714285714285,1.0,1.0,1.5,1.3333333333333333,0.7,1.4285714285714286,1.2857142857142858,1486.911,0.0,0.0,0.0,0.0,0.0,0.0,0.0,0.0,0.0,0.0,0.0,0.0,0.0,0.0,0.0,1500.0,7.0,1.0,0.14285714285714285,0.7,-13.088999999999942,0.0,0.0,0.0,0.0,0.0,0.0,1.0,CAF/Africa Cup of Nations,group-stage,539312,2019-06-22T20:00:00+00:00,2019-06-22,Guinea,Madagascar,2,2,D,15.0,6.0,3.0,3.0,espn
1.0,0.0,0.0,1.0,0.0,0.0,4.0,-4.0,0.0,0.0,0.0,4.0,0.0,0.0,4.0,1487.6,28.0,0.35714285714285715,0.32142857142857145,0.32142857142857145,1.3928571428571428,1.3571428571428572,1.4642857142857142,-0.10714285714285714,1.8571428571428572,0.9285714285714286,0.8571428571428571,2.0,1.0,1.2,2.3,1486.619,-27.0,-1.3928571428571428,-3.892857142857143,-1.0,0.9809999999999945,0.0,0.0,0.0,0.0,0.0,0.0,1.0,CONCACAF/Gold Cup,group-stage,539228,2019-06-22T21:30:00+00:00,2019-06-22,Guyana,Panama,2,4,A,5.0,19.0,3.0,8.0,espn
46.0,0.5652173913043478,0.17391304347826086,0.2608695652173913,1.8695652173913044,1.8043478260869565,1.0434782608695652,0.7608695652173914,1.8387096774193548,1.1290322580645162,1.7333333333333334,0.8666666666666667,2.2,1.9,1.0,1645.452,12.0,0.25,0.3333333333333333,0.4166666666666667,1.0833333333333333,1.1666666666666667,1.4166666666666667,-0.25,1.2,0.8,1.1428571428571428,1.8571428571428572,1.2,1.4,1.5,1473.956,34.0,0.7862318840579712,1.0108695652173914,1.0000000000000002,171.4960000000001,0.0,0.0,0.0,0.0,0.0,0.0,1.0,CONCACAF/Gold Cup,group-stage,539227,2019-06-23T00:00:00+00:00,2019-06-23,United States,Trinidad and Tobago,6,0,H,27.0,9.0,12.0,3.0,espn
13.0,0.23076923076923078,0.3076923076923077,0.46153846153846156,1.0,1.0,1.1538461538461537,-0.15384615384615385,1.3333333333333333,1.1666666666666667,0.7142857142857143,1.1428571428571428,1.0,0.9,1.0,1472.129,0.0,0.0,0.0,0.0,0.0,0.0,0.0,0.0,0.0,0.0,0.0,0.0,0.0,0.0,0.0,1500.0,13.0,1.0,-0.15384615384615385,1.0,-27.871000000000095,0.0,0.0,0.0,0.0,0.0,0.0,1.0,CAF/Africa Cup of Nations,group-stage,539311,2019-06-23T14:30:00+00:00,2019-06-23,Morocco,Namibia,1,0,H,17.0,3.0,5.0,0.0,espn
18.0,0.3333333333333333,0.2777777777777778,0.3888888888888889,1.2777777777777777,1.2777777777777777,1.2222222222222223,0.05555555555555555,1.0,1.375,1.5,1.1,1.5,1.3,1.0,1486.964,0.0,0.0,0.0,0.0,0.0,0.0,0.0,0.0,0.0,0.0,0.0,0.0,0.0,0.0,0.0,1500.0,18.0,1.2777777777777777,0.05555555555555555,1.5,-13.036000000000058,0.0,0.0,0.0,0.0,0.0,0.0,1.0,CAF/Africa Cup of Nations,group-stage,539310,2019-06-23T17:00:00+00:00,2019-06-23,Senegal,Tanzania,2,0,H,24.0,3.0,10.0,0.0,espn
25.0,0.6,0.08,0.32,1.88,1.28,0.64,0.64,1.2142857142857142,0.9285714285714286,1.3636363636363635,0.2727272727272727,1.8,1.2,0.8,1607.241,27.0,0.18518518518518517,0.48148148148148145,0.3333333333333333,1.037037037037037,0.9259259259259259,1.2222222222222223,-0.2962962962962963,1.0,0.8,0.8823529411764706,1.4705882352941178,1.0,0.8,1.6,1492.165,-2.0,0.8429629629629629,0.9362962962962963,0.8,115.07600000000002,1.0,1.0,0.0,1.0,0.0,0.0,1.0,CONMEBOL/Copa America,group-stage,535885,2019-06-23T19:00:00+00:00,2019-06-23,Colombia,Paraguay,1,0,H,0.0,0.0,0.0,0.0,espn
2.0,0.0,0.5,0.5,0.5,1.0,1.5,-0.5,0.0,0.0,1.0,1.5,0.1,1.0,1.5,1488.628,40.0,0.6,0.2,0.2,2.0,1.75,0.825,0.925,1.8620689655172413,0.7931034482758621,1.4545454545454546,0.9090909090909091,1.4,1.8,1.3,1630.37,-38.0,-1.5,-1.425,-1.2999999999999998,-141.74199999999996,0.0,0.0,0.0,0.0,0.0,0.0,1.0,CONMEBOL/Copa America,group-stage,535884,2019-06-23T19:00:00+00:00,2019-06-23,Qatar,Argentina,0,2,A,0.0,0.0,0.0,0.0,espn
17.0,0.17647058823529413,0.29411764705882354,0.5294117647058824,0.8235294117647058,1.1764705882352942,1.4705882352941178,-0.29411764705882354,1.2857142857142858,1.5714285714285714,1.1,1.4,1.2,1.7,1.6,1444.217,0.0,0.0,0.0,0.0,0.0,0.0,0.0,0.0,0.0,0.0,0.0,0.0,0.0,0.0,0.0,1500.0,17.0,0.8235294117647058,-0.29411764705882354,1.2,-55.7829999999999,0.0,0.0,0.0,0.0,0.0,0.0,1.0,CAF/Africa Cup of Nations,group-stage,539309,2019-06-23T20:00:00+00:00,2019-06-23,Algeria,Kenya,2,0,H,12.0,4.0,4.0,0.0,espn
15.0,0.2,0.4,0.4,1.0,0.8666666666666667,1.0,-0.13333333333333333,1.0,0.3333333333333333,0.7777777777777778,1.4444444444444444,1.1,1.1,0.9,1471.191,13.0,0.15384615384615385,0.0,0.8461538461538461,0.46153846153846156,0.6153846153846154,4.076923076923077,-3.4615384615384617,1.25,2.0,0.3333333333333333,5.0,0.6,0.7,3.7,1376.532,2.0,0.5384615384615384,3.3282051282051284,0.5000000000000001,94.6590000000001,0.0,0.0,0.0,0.0,0.0,0.0,1.0,CONCACAF/Gold Cup,group-stage,539226,2019-06-23T22:00:00+00:00,2019-06-23,Canada,Cuba,7,0,H,25.0,10.0,14.0,2.0,espn
8.0,0.375,0.0,0.625,1.125,1.125,1.75,-0.625,1.5,1.5,1.0,1.8333333333333333,0.9,1.125,1.75,1469.156,52.0,0.5192307692307693,0.19230769230769232,0.28846153846153844,1.75,1.7307692307692308,1.0769230769230769,0.6538461538461539,1.8214285714285714,1.0714285714285714,1.625,1.0833333333333333,1.9,1.6,0.8,1608.173,-44.0,-0.625,-1.2788461538461537,-0.9999999999999999,-139.01700000000005,1.0,0.0,0.0,-2.0,0.0,0.0,1.0,CONCACAF/Gold Cup,group-stage,539225,2019-06-24T00:30:00+00:00,2019-06-24,Martinique,Mexico,2,3,A,8.0,25.0,3.0,10.0,espn
27.0,0.5185185185185185,0.2222222222222222,0.25925925925925924,1.7777777777777777,1.5185185185185186,0.9629629629629629,0.5555555555555556,1.7333333333333334,0.7333333333333333,1.25,1.25,1.6,1.2,0.9,1560.837,13.0,0.23076923076923078,0.46153846153846156,0.3076923076923077,1.1538461538461537,1.2307692307692308,1.4615384615384615,-0.23076923076923078,1.0,1.2222222222222223,1.75,2.0,1.1,1.1,1.4,1475.826,14.0,0.6239316239316239,0.7863247863247864,0.5,85.01099999999997,0.0,0.0,0.0,0.0,0.0,0.0,1.0,CAF/Africa Cup of Nations,group-stage,539308,2019-06-24T14:30:00+00:00,2019-06-24,Ivory Coast,South Africa,1,0,H,9.0,2.0,3.0,0.0,espn
23.0,0.30434782608695654,0.21739130434782608,0.4782608695652174,1.1304347826086956,1.173913043478261,1.6521739130434783,-0.4782608695652174,1.0,1.4285714285714286,1.25,1.75,1.3,1.5,1.9,1455.35,8.0,0.125,0.5,0.375,0.875,0.75,1.25,-0.5,0.0,0.0,0.8571428571428571,1.4285714285714286,0.7,0.75,1.25,1466.357,15.0,0.25543478260869557,0.021739130434782594,0.6000000000000001,-11.007000000000062,0.0,0.0,0.0,0.0,0.0,0.0,1.0,CAF/Africa Cup of Nations,group-stage,539307,2019-06-24T17:00:00+00:00,2019-06-24,Tunisia,Angola,1,1,D,9.0,9.0,2.0,3.0,espn
18.0,0.2777777777777778,0.4444444444444444,0.2777777777777778,1.2777777777777777,0.9444444444444444,1.0,-0.05555555555555555,1.0,1.0,0.9090909090909091,1.0,1.0,1.0,1.2,1496.704,0.0,0.0,0.0,0.0,0.0,0.0,0.0,0.0,0.0,0.0,0.0,0.0,0.0,0.0,0.0,1500.0,18.0,1.2777777777777777,-0.05555555555555555,1.0,-3.296000000000049,0.0,0.0,0.0,0.0,0.0,0.0,1.0,CAF/Africa Cup of Nations,group-stage,539306,2019-06-24T20:00:00+00:00,2019-06-24,Mali,Mauritania,4,1,H,19.0,7.0,9.0,1.0,espn
2.0,0.0,0.0,1.0,0.0,1.0,2.0,-1.0,0.0,0.0,1.0,2.0,0.0,1.0,2.0,1468.459,5.0,0.0,0.0,1.0,0.0,0.2,2.6,-2.4,0.0,2.5,0.3333333333333333,2.6666666666666665,0.0,0.2,2.6,1423.739,-3.0,0.0,1.4,0.0,44.72000000000003,0.0,0.0,0.0,0.0,0.0,0.0,1.0,CONCACAF/Gold Cup,group-stage,539224,2019-06-24T22:30:00+00:00,2019-06-24,Bermuda,Nicaragua,2,0,H,18.0,17.0,7.0,5.0,espn
26.0,0.6923076923076923,0.07692307692307693,0.23076923076923078,2.1538461538461537,1.8846153846153846,0.8846153846153846,1.0,2.0,0.9285714285714286,1.75,0.8333333333333334,2.7,2.4,0.7,1691.893,34.0,0.47058823529411764,0.23529411764705882,0.29411764705882354,1.6470588235294117,1.3823529411764706,1.0,0.38235294117647056,1.5454545454545454,1.0454545454545454,1.0833333333333333,0.9166666666666666,1.9,1.7,0.9,1592.679,-8.0,0.5067873303167421,0.6176470588235294,0.8000000000000003,99.21399999999994,2.0,0.5,0.5,0.5,0.0,0.0,1.0,CONMEBOL/Copa America,group-stage,535883,2019-06-24T23:00:00+00:00,2019-06-24,Chile,Uruguay,0,1,A,12.0,0.0,3.0,0.0,espn
22.0,0.2727272727272727,0.18181818181818182,0.5454545454545454,1.0,1.0909090909090908,1.4545454545454546,-0.36363636363636365,1.625,1.25,0.7857142857142857,1.5714285714285714,0.9,1.2,1.6,1459.913,19.0,0.2631578947368421,0.2631578947368421,0.47368421052631576,1.0526315789473684,1.0,1.631578947368421,-0.631578947368421,0.7272727272727273,1.6363636363636365,1.375,1.625,0.9,1.0,1.9,1466.704,3.0,-0.05263157894736836,0.26794258373205737,0.0,-6.79099999999994,0.0,0.0,0.0,0.0,0.0,0.0,1.0,CONMEBOL/Copa America,group-stage,535882,2019-06-24T23:00:00+00:00,2019-06-24,Ecuador,Japan,1,1,D,0.0,0.0,0.0,0.0,espn
12.0,0.3333333333333333,0.08333333333333333,0.5833333333333334,1.0833333333333333,0.75,1.5833333333333333,-0.8333333333333334,0.6,1.0,0.8571428571428571,2.0,1.0,0.7,1.7,1465.957,38.0,0.34210526315789475,0.2631578947368421,0.39473684210526316,1.2894736842105263,1.2105263157894737,1.236842105263158,-0.02631578947368421,1.5263157894736843,0.9473684210526315,0.8947368421052632,1.5263157894736843,1.7,1.4,0.9,1516.638,-26.0,-0.20614035087719307,-0.8070175438596492,-0.7,-50.68099999999981,0.0,0.0,0.0,0.0,0.0,0.0,1.0,CONCACAF/Gold Cup,group-stage,539223,2019-06-25T01:00:00+00:00,2019-06-25,Haiti,Costa Rica,2,1,H,10.0,13.0,6.0,3.0,espn
18.0,0.2777777777777778,0.2777777777777778,0.4444444444444444,1.1111111111111112,0.7777777777777778,1.2777777777777777,-0.5,0.8181818181818182,1.5454545454545454,0.7142857142857143,0.8571428571428571,1.6,1.0,1.0,1488.751,3.0,0.0,0.3333333333333333,0.6666666666666666,0.3333333333333333,0.6666666666666666,1.6666666666666667,-1.0,0.0,2.0,1.0,1.5,0.1,0.6666666666666666,1.6666666666666667,1464.735,15.0,0.7777777777777779,0.5,1.5,24.016000000000076,1.0,1.0,0.0,1.0,0.0,0.0,1.0,CAF/Africa Cup of Nations,group-stage,539305,2019-06-25T17:00:00+00:00,2019-06-25,Cameroon,Guinea-Bissau,2,0,H,16.0,11.0,5.0,1.0,espn
35.0,0.4857142857142857,0.11428571428571428,0.4,1.5714285714285714,1.1714285714285715,0.9428571428571428,0.22857142857142856,1.3888888888888888,0.7222222222222222,0.9411764705882353,1.1764705882352942,1.8,1.2,0.6,1524.827,0.0,0.0,0.0,0.0,0.0,0.0,0.0,0.0,0.0,0.0,0.0,0.0,0.0,0.0,0.0,1500.0,35.0,1.5714285714285714,0.22857142857142856,1.8,24.826999999999998,0.0,0.0,0.0,0.0,0.0,0.0,1.0,CAF/Africa Cup of Nations,group-stage,539304,2019-06-25T20:00:00+00:00,2019-06-25,Ghana,Benin,2,2,D,7.0,14.0,3.0,4.0,espn
24.0,0.4583333333333333,0.16666666666666666,0.375,1.5416666666666667,1.0416666666666667,0.9583333333333334,0.08333333333333333,1.5,1.0,0.7142857142857143,0.9285714285714286,1.5,1.0,1.1,1537.172,5.0,0.2,0.0,0.8,0.6,0.2,1.4,-1.2,0.0,1.6666666666666667,0.5,1.0,0.3,0.2,1.4,1453.408,19.0,0.9416666666666668,1.2833333333333332,1.2,83.76400000000012,1.0,1.0,0.0,2.0,0.0,0.0,1.0,CONCACAF/Gold Cup,group-stage,539222,2019-06-26T00:00:00+00:00,2019-06-26,Jamaica,Curacao,1,1,D,17.0,11.0,4.0,3.0,espn
25.0,0.16,0.24,0.6,0.72,0.72,1.24,-0.52,0.3076923076923077,1.0769230769230769,1.1666666666666667,1.4166666666666667,0.3,0.4,1.3,1372.255,17.0,0.23529411764705882,0.4117647058823529,0.35294117647058826,1.1176470588235294,1.0588235294117647,1.411764705882353,-0.35294117647058826,1.8333333333333333,0.5,0.6363636363636364,1.9090909090909092,1.0,0.7,1.3,1481.828,8.0,-0.39764705882352946,-0.16705882352941176,-0.7,-109.57299999999987,1.0,1.0,0.0,1.0,0.0,0.0,1.0,CONCACAF/Gold Cup,group-stage,539221,2019-06-26T02:30:00+00:00,2019-06-26,Honduras,El Salvador,4,0,H,14.0,8.0,6.0,2.0,espn
18.0,0.3333333333333333,0.2777777777777778,0.3888888888888889,1.2777777777777777,1.1111111111111112,1.0555555555555556,0.05555555555555555,1.25,1.0,1.0,1.1,1.6,1.3,1.1,1503.0,8.0,0.125,0.625,0.25,1.0,1.5,1.375,0.125,1.5,1.5,1.5,1.3333333333333333,0.8,1.5,1.375,1487.468,10.0,0.2777777777777777,-0.06944444444444445,0.8,15.531999999999925,0.0,0.0,0.0,0.0,0.0,0.0,1.0,CAF/Africa Cup of Nations,group-stage,539303,2019-06-26T14:30:00+00:00,2019-06-26,Nigeria,Guinea,1,0,H,10.0,8.0,4.0,3.0,espn
4.0,0.25,0.25,0.5,1.0,0.75,0.75,0.0,1.0,1.0,0.6666666666666666,0.6666666666666666,0.4,0.75,0.75,1492.809,4.0,0.0,0.25,0.75,0.25,1.0,2.25,-1.25,2.0,4.0,0.6666666666666666,1.6666666666666667,0.1,1.0,2.25,1449.678,0.0,0.75,1.25,0.30000000000000004,43.13099999999986,0.0,0.0,0.0,0.0,0.0,0.0,1.0,CAF/Africa Cup of Nations,group-stage,539302,2019-06-26T17:00:00+00:00,2019-06-26,Uganda,Zimbabwe,1,1,D,8.0,13.0,2.0,2.0,espn
10.0,0.5,0.1,0.4,1.6,0.8,0.9,-0.1,0.8333333333333334,0.5,0.75,1.5,1.6,0.8,0.9,1489.747,14.0,0.2857142857142857,0.5,0.21428571428571427,1.3571428571428572,1.2142857142857142,1.2142857142857142,0.0,0.7142857142857143,1.2857142857142858,1.7142857142857142,1.1428571428571428,1.5,1.3,1.3,1511.905,-4.0,0.24285714285714288,-0.1,0.10000000000000009,-22.1579999999999,0.0,0.0,0.0,0.0,0.0,0.0,1.0,CAF/Africa Cup of Nations,group-stage,539301,2019-06-26T20:00:00+00:00,2019-06-26,Egypt,Congo DR,2,0,H,9.0,19.0,3.0,3.0,espn
13.0,0.23076923076923078,0.3076923076923077,0.46153846153846156,1.0,1.0769230769230769,1.7692307692307692,-0.6923076923076923,1.2,0.8,1.0,2.375,1.2,1.4,1.9,1463.349,2.0,0.0,0.0,1.0,0.0,1.0,4.0,-3.0,2.0,4.0,0.0,4.0,0.0,1.0,4.0,1471.186,11.0,1.0,2.3076923076923075,1.2,-7.836999999999989,0.0,0.0,0.0,0.0,0.0,0.0,1.0,CONCACAF/Gold Cup,group-stage,539220,2019-06-26T22:30:00+00:00,2019-06-26,Trinidad and Tobago,Guyana,1,1,D,14.0,7.0,4.0,1.0,espn
29.0,0.3793103448275862,0.3103448275862069,0.3103448275862069,1.4482758620689655,1.4482758620689655,1.4827586206896552,-0.034482758620689655,1.8571428571428572,0.9285714285714286,1.0666666666666667,2.0,1.3,1.6,2.0,1503.033,47.0,0.574468085106383,0.1702127659574468,0.2553191489361702,1.8936170212765957,1.8936170212765957,1.0212765957446808,0.8723404255319149,1.96875,1.09375,1.7333333333333334,0.8666666666666667,2.2,2.3,0.9,1656.059,-18.0,-0.4453411592076302,-0.9068231841526045,-0.9000000000000001,-153.02600000000007,6.0,0.16666666666666666,0.5,-0.16666666666666666,0.0,0.0,1.0,CONCACAF/Gold Cup,group-stage,539219,2019-06-27T01:00:00+00:00,2019-06-27,Panama,United States,0,1,A,7.0,7.0,1.0,2.0,espn
1.0,0.0,1.0,0.0,1.0,2.0,2.0,0.0,0.0,0.0,2.0,2.0,0.1,2.0,2.0,1499.443,1.0,0.0,0.0,1.0,0.0,0.0,1.0,-1.0,0.0,0.0,0.0,1.0,0.0,0.0,1.0,1484.692,0.0,1.0,1.0,0.1,14.750999999999976,0.0,0.0,0.0,0.0,0.0,0.0,1.0,CAF/Africa Cup of Nations,group-stage,539300,2019-06-27T14:30:00+00:00,2019-06-27,Madagascar,Burundi,1,0,H,11.0,13.0,5.0,2.0,espn
19.0,0.3684210526315789,0.2631578947368421,0.3684210526315789,1.368421052631579,1.3157894736842106,1.1578947368421053,0.15789473684210525,1.1111111111111112,1.2222222222222223,1.5,1.1,1.5,1.3,0.9,1503.946,18.0,0.2222222222222222,0.2777777777777778,0.5,0.9444444444444444,1.2222222222222223,1.3888888888888888,-0.16666666666666666,1.375,1.375,1.1,1.4,1.2,1.5,1.4,1463.191,1.0,0.42397660818713456,0.32456140350877194,0.30000000000000004,40.75499999999988,2.0,0.0,0.5,-1.0,0.0,0.0,1.0,CAF/Africa Cup of Nations,group-stage,539299,2019-06-27T17:00:00+00:00,2019-06-27,Senegal,Algeria,0,1,A,12.0,8.0,2.0,2.0,espn
1.0,0.0,0.0,1.0,0.0,0.0,2.0,-2.0,0.0,0.0,0.0,2.0,0.0,0.0,2.0,1481.026,1.0,0.0,0.0,1.0,0.0,0.0,2.0,-2.0,0.0,0.0,0.0,2.0,0.0,0.0,2.0,1483.018,0.0,0.0,0.0,0.0,-1.9919999999999618,0.0,0.0,0.0,0.0,0.0,0.0,1.0,CAF/Africa Cup of Nations,group-stage,539298,2019-06-27T20:00:00+00:00,2019-06-27,Kenya,Tanzania,3,2,H,15.0,11.0,9.0,5.0,espn
41.0,0.6341463414634146,0.1951219512195122,0.17073170731707318,2.097560975609756,1.951219512195122,0.8536585365853658,1.0975609756097562,1.7272727272727273,0.8787878787878788,2.875,0.75,2.0,2.3,0.5,1652.838,28.0,0.17857142857142858,0.4642857142857143,0.35714285714285715,1.0,0.8928571428571429,1.2142857142857142,-0.32142857142857145,1.0,0.8,0.8333333333333334,1.4444444444444444,0.7,0.7,1.7,1482.106,13.0,1.0975609756097562,1.4189895470383276,1.3,170.73199999999997,3.0,0.0,0.6666666666666666,0.0,0.0,1.0,1.0,CONMEBOL/Copa America,quarterfinals,547350,2019-06-28T00:30:00+00:00,2019-06-28,Brazil,Paraguay,0,0,H,26.0,5.0,8.0,1.0,espn
24.0,0.2916666666666667,0.25,0.4583333333333333,1.125,1.1666666666666667,1.625,-0.4583333333333333,1.0,1.375,1.25,1.75,1.1,1.4,1.9,1455.818,19.0,0.3157894736842105,0.42105263157894735,0.2631578947368421,1.368421052631579,1.105263157894737,1.0,0.10526315789473684,1.375,1.0,0.9090909090909091,1.0,1.2,1.3,1.2,1514.826,5.0,-0.24342105263157898,-0.5635964912280702,-0.09999999999999987,-59.00800000000004,0.0,0.0,0.0,0.0,0.0,0.0,1.0,CAF/Africa Cup of Nations,group-stage,539297,2019-06-28T14:30:00+00:00,2019-06-28,Tunisia,Mali,1,1,D,8.0,9.0,2.0,3.0,espn
14.0,0.2857142857142857,0.2857142857142857,0.42857142857142855,1.1428571428571428,1.0,1.0714285714285714,-0.07142857142857142,1.2857142857142858,1.0,0.7142857142857143,1.1428571428571428,1.2,1.0,1.0,1488.096,28.0,0.5357142857142857,0.21428571428571427,0.25,1.8214285714285714,1.5,0.9285714285714286,0.5714285714285714,1.6875,0.6875,1.25,1.25,1.9,1.2,0.7,1572.074,-14.0,-0.6785714285714286,-0.6428571428571428,-0.7,-83.97800000000007,1.0,1.0,0.0,1.0,0.0,0.0,1.0,CAF/Africa Cup of Nations,group-stage,539296,2019-06-28T17:00:00+00:00,2019-06-28,Morocco,Ivory Coast,1,0,H,14.0,10.0,3.0,3.0,espn
16.0,0.375,0.375,0.25,1.5,1.0,1.0625,-0.0625,0.5,0.0,1.0714285714285714,1.2142857142857142,1.5,0.9,0.9,1547.237,41.0,0.6097560975609756,0.1951219512195122,0.1951219512195122,2.024390243902439,1.7560975609756098,0.8048780487804879,0.9512195121951219,1.8620689655172413,0.7931034482758621,1.5,0.8333333333333334,1.4,1.7,1.3,1640.408,-25.0,-0.524390243902439,-1.013719512195122,0.10000000000000009,-93.17099999999982,1.0,0.0,0.0,-3.0,0.0,1.0,1.0,CONMEBOL/Copa America,quarterfinals,547349,2019-06-28T19:00:00+00:00,2019-06-28,Venezuela,Argentina,0,2,A,0.0,0.0,0.0,0.0,espn
14.0,0.21428571428571427,0.42857142857142855,0.35714285714285715,1.0714285714285714,1.1428571428571428,1.4285714285714286,-0.2857142857142857,1.0,1.2222222222222223,1.4,1.8,1.0,1.0,1.4,1464.589,1.0,0.0,0.0,1.0,0.0,0.0,1.0,-1.0,0.0,0.0,0.0,1.0,0.0,0.0,1.0,1484.033,13.0,1.0714285714285714,0.7142857142857143,1.0,-19.44399999999996,0.0,0.0,0.0,0.0,0.0,0.0,1.0,CAF/Africa Cup of Nations,group-stage,539295,2019-06-28T20:00:00+00:00,2019-06-28,South Africa,Namibia,1,0,H,17.0,6.0,7.0,1.0,espn
26.0,0.6153846153846154,0.07692307692307693,0.3076923076923077,1.9230769230769231,1.2692307692307692,0.6153846153846154,0.6538461538461539,1.2,0.8666666666666667,1.3636363636363635,0.2727272727272727,2.1,1.1,0.5,1617.3,27.0,0.6666666666666666,0.07407407407407407,0.25925925925925924,2.074074074074074,1.8148148148148149,0.8888888888888888,0.9259259259259259,1.8666666666666667,0.9333333333333333,1.75,0.8333333333333334,2.4,2.2,0.7,1672.998,-1.0,-0.15099715099715083,-0.2720797720797721,-0.2999999999999998,-55.69800000000009,1.0,0.0,0.0,-2.0,0.0,1.0,1.0,CONMEBOL/Copa America,quarterfinals,547348,2019-06-28T23:20:00+00:00,2019-06-28,Colombia,Chile,0,0,A,0.0,0.0,0.0,0.0,espn
1.0,0.0,0.0,1.0,0.0,1.0,4.0,-3.0,0.0,0.0,1.0,4.0,0.0,1.0,4.0,1481.878,9.0,0.1111111111111111,0.5555555555555556,0.3333333333333333,0.8888888888888888,0.7777777777777778,1.2222222222222223,-0.4444444444444444,0.0,0.0,0.875,1.375,0.8,0.7777777777777778,1.2222222222222223,1465.889,-8.0,-0.8888888888888888,-2.5555555555555554,-0.8,15.989000000000033,0.0,0.0,0.0,0.0,0.0,0.0,1.0,CAF/Africa Cup of Nations,group-stage,539294,2019-06-29T14:30:00+00:00,2019-06-29,Mauritania,Angola,0,0,D,7.0,5.0,0.0,1.0,espn
19.0,0.3157894736842105,0.2631578947368421,0.42105263157894735,1.2105263157894737,0.8421052631578947,1.2105263157894737,-0.3684210526315789,0.9166666666666666,1.4166666666666667,0.7142857142857143,0.8571428571428571,1.9,1.1,0.6,1503.989,36.0,0.4722222222222222,0.1388888888888889,0.3888888888888889,1.5555555555555556,1.1944444444444444,0.9722222222222222,0.2222222222222222,1.4210526315789473,0.7894736842105263,0.9411764705882353,1.1764705882352942,1.6,1.2,0.7,1523.772,-17.0,-0.3450292397660819,-0.5906432748538011,0.2999999999999998,-19.7829999999999,1.0,1.0,0.0,2.0,0.0,0.0,1.0,CAF/Africa Cup of Nations,group-stage,539293,2019-06-29T17:00:00+00:00,2019-06-29,Cameroon,Ghana,0,0,D,8.0,15.0,2.0,1.0,espn
35.0,0.4857142857142857,0.22857142857142856,0.2857142857142857,1.6857142857142857,1.3714285714285714,0.9714285714285714,0.4,1.5454545454545454,1.0454545454545454,1.0769230769230769,0.8461538461538461,2.2,1.7,0.6,1611.574,22.0,0.45454545454545453,0.18181818181818182,0.36363636363636365,1.5454545454545454,1.1363636363636365,0.9090909090909091,0.22727272727272727,1.0,1.125,1.2142857142857142,0.7857142857142857,1.4,0.9,1.0,1535.988,13.0,0.1402597402597403,0.17272727272727276,0.8000000000000003,75.58600000000001,2.0,0.5,0.5,1.0,0.0,1.0,1.0,CONMEBOL/Copa America,quarterfinals,547347,2019-06-29T19:00:00+00:00,2019-06-29,Uruguay,Peru,0,0,A,12.0,3.0,3.0,0.0,espn
1.0,0.0,1.0,0.0,1.0,2.0,2.0,0.0,0.0,0.0,2.0,2.0,0.1,2.0,2.0,1501.055,4.0,0.0,0.25,0.75,0.25,0.5,1.75,-1.25,0.0,2.0,0.6666666666666666,1.6666666666666667,0.1,0.5,1.75,1449.497,-3.0,0.75,1.25,0.0,51.55799999999999,0.0,0.0,0.0,0.0,0.0,0.0,1.0,CAF/Africa Cup of Nations,group-stage,539292,2019-06-29T20:00:00+00:00,2019-06-29,Benin,Guinea-Bissau,0,0,D,16.0,11.0,2.0,0.0,espn
13.0,0.38461538461538464,0.07692307692307693,0.5384615384615384,1.2307692307692308,0.8461538461538461,1.5384615384615385,-0.6923076923076923,0.8333333333333334,1.0,0.8571428571428571,2.0,1.3,0.9,1.7,1482.882,16.0,0.25,0.375,0.375,1.125,1.25,0.9375,0.3125,1.8571428571428572,0.2857142857142857,0.7777777777777778,1.4444444444444444,1.3,1.8,0.9,1485.532,-3.0,0.10576923076923084,-1.0048076923076923,0.0,-2.6499999999998636,0.0,0.0,0.0,0.0,0.0,1.0,1.0,CONCACAF/Gold Cup,quarterfinals,547960,2019-06-29T23:00:00+00:00,2019-06-29,Haiti,Canada,3,2,H,16.0,13.0,5.0,5.0,espn
53.0,0.5283018867924528,0.18867924528301888,0.2830188679245283,1.7735849056603774,1.7547169811320755,1.0943396226415094,0.660377358490566,1.8214285714285714,1.0714285714285714,1.68,1.12,2.1,1.9,1.0,1617.338,39.0,0.3333333333333333,0.2564102564102564,0.41025641025641024,1.2564102564102564,1.205128205128205,1.2564102564102564,-0.05128205128205128,1.5263157894736843,0.9473684210526315,0.9,1.55,1.4,1.4,1.1,1499.713,14.0,0.517174649250121,0.7116594097726173,0.7000000000000002,117.625,2.0,1.0,0.0,2.0,0.0,1.0,1.0,CONCACAF/Gold Cup,quarterfinals,547959,2019-06-30T02:00:00+00:00,2019-06-30,Mexico,Costa Rica,1,1,H,22.0,15.0,5.0,5.0,espn
2.0,0.0,0.0,1.0,0.0,0.0,1.0,-1.0,0.0,0.0,0.0,1.0,0.0,0.0,1.0,1470.535,9.0,0.1111111111111111,0.5555555555555556,0.3333333333333333,0.8888888888888888,1.3333333333333333,1.3333333333333333,0.0,1.5,1.5,1.2857142857142858,1.2857142857142858,0.8,1.3333333333333333,1.3333333333333333,1473.344,-7.0,-0.8888888888888888,-1.0,-0.8,-2.808999999999969,0.0,0.0,0.0,0.0,0.0,0.0,1.0,CAF/Africa Cup of Nations,group-stage,539290,2019-06-30T16:00:00+00:00,2019-06-30,Burundi,Guinea,0,2,A,9.0,15.0,3.0,4.0,espn
2.0,0.5,0.5,0.0,2.0,1.5,1.0,0.5,1.0,0.0,2.0,2.0,0.4,1.5,1.0,1513.6,19.0,0.3684210526315789,0.2631578947368421,0.3684210526315789,1.368421052631579,1.105263157894737,1.0,0.10526315789473684,1.2222222222222223,0.8888888888888888,1.0,1.1,1.6,1.2,1.0,1517.124,-17.0,0.631578947368421,0.39473684210526316,-1.2000000000000002,-3.5240000000001146,0.0,0.0,0.0,0.0,0.0,0.0,1.0,CAF/Africa Cup of Nations,group-stage,539291,2019-06-30T16:00:00+00:00,2019-06-30,Madagascar,Nigeria,2,0,H,7.0,12.0,3.0,1.0,espn
5.0,0.2,0.4,0.4,1.0,0.8,0.8,0.0,1.0,1.0,0.6666666666666666,0.6666666666666666,0.5,0.8,0.8,1490.983,11.0,0.5454545454545454,0.09090909090909091,0.36363636363636365,1.7272727272727273,0.9090909090909091,0.8181818181818182,0.09090909090909091,1.0,0.42857142857142855,0.75,1.5,1.8,1.0,0.9,1507.157,-6.0,-0.7272727272727273,-0.09090909090909091,-1.3,-16.173999999999978,1.0,0.0,0.0,-1.0,0.0,0.0,1.0,CAF/Africa Cup of Nations,group-stage,539289,2019-06-30T19:00:00+00:00,2019-06-30,Uganda,Egypt,0,2,A,17.0,7.0,5.0,4.0,espn
5.0,0.0,0.4,0.6,0.4,1.0,2.0,-1.0,2.0,4.0,0.75,1.5,0.2,1.0,2.0,1451.504,15.0,0.26666666666666666,0.4666666666666667,0.26666666666666666,1.2666666666666666,1.1333333333333333,1.2666666666666666,-0.13333333333333333,0.7142857142857143,1.2857142857142858,1.5,1.25,1.4,1.3,1.5,1494.495,-10.0,-0.8666666666666666,-0.8666666666666667,-1.2,-42.990999999999985,0.0,0.0,0.0,0.0,0.0,0.0,1.0,CAF/Africa Cup of Nations,group-stage,539288,2019-06-30T19:00:00+00:00,2019-06-30,Zimbabwe,Congo DR,0,4,A,15.0,10.0,4.0,9.0,espn
25.0,0.44,0.2,0.36,1.52,1.04,0.96,0.08,1.4545454545454546,1.0,0.7142857142857143,0.9285714285714286,1.6,1.1,1.0,1533.675,30.0,0.36666666666666664,0.3,0.3333333333333333,1.4,1.4,1.4666666666666666,-0.06666666666666667,1.7333333333333334,0.9333333333333333,1.0666666666666667,2.0,1.3,1.4,1.7,1494.37,-5.0,0.1200000000000001,0.14666666666666667,0.30000000000000004,39.305000000000064,0.0,0.0,0.0,0.0,0.0,1.0,1.0,CONCACAF/Gold Cup,quarterfinals,547958,2019-06-30T21:30:00+00:00,2019-06-30,Jamaica,Panama,1,0,H,7.0,7.0,4.0,2.0,espn
48.0,0.5833333333333334,0.16666666666666666,0.25,1.9166666666666667,1.875,1.0,0.875,1.96875,1.09375,1.6875,0.8125,2.5,2.4,0.5,1664.722,6.0,0.16666666666666666,0.16666666666666666,0.6666666666666666,0.6666666666666666,0.3333333333333333,1.3333333333333333,-1.0,0.0,1.6666666666666667,0.6666666666666666,1.0,0.4,0.3333333333333333,1.3333333333333333,1456.905,42.0,1.25,1.875,2.1,207.817,0.0,0.0,0.0,0.0,0.0,1.0,1.0,CONCACAF/Gold Cup,quarterfinals,547957,2019-07-01T00:30:00+00:00,2019-07-01,United States,Curacao,1,0,H,10.0,15.0,3.0,5.0,espn
2.0,0.0,0.0,1.0,0.0,0.0,1.0,-1.0,0.0,0.0,0.0,1.0,0.0,0.0,1.0,1468.422,29.0,0.5172413793103449,0.20689655172413793,0.27586206896551724,1.7586206896551724,1.4482758620689655,0.9310344827586207,0.5172413793103449,1.6875,0.6875,1.1538461538461537,1.2307692307692308,1.8,1.1,0.7,1553.785,-27.0,-1.7586206896551724,-1.5172413793103448,-1.8,-85.36300000000006,0.0,0.0,0.0,0.0,0.0,0.0,1.0,CAF/Africa Cup of Nations,group-stage,539286,2019-07-01T16:00:00+00:00,2019-07-01,Namibia,Ivory Coast,1,4,A,11.0,16.0,4.0,8.0,espn
15.0,0.26666666666666666,0.4,0.3333333333333333,1.2,1.1333333333333333,1.3333333333333333,-0.2,1.0,1.1,1.4,1.8,1.3,1.1,1.1,1480.2,15.0,0.3333333333333333,0.26666666666666666,0.4,1.2666666666666666,1.0,1.0,0.0,1.25,0.875,0.7142857142857143,1.1428571428571428,1.4,1.0,0.9,1506.385,0.0,-0.06666666666666665,-0.2,-0.09999999999999987,-26.184999999999945,1.0,0.0,1.0,0.0,0.0,0.0,1.0,CAF/Africa Cup of Nations,group-stage,539287,2019-07-01T16:00:00+00:00,2019-07-01,South Africa,Morocco,0,1,A,2.0,11.0,0.0,3.0,espn
2.0,0.5,0.0,0.5,1.5,1.5,2.0,-0.5,3.0,2.0,0.0,2.0,0.3,1.5,2.0,1495.895,20.0,0.35,0.25,0.4,1.3,1.25,1.15,0.1,1.0,1.2,1.5,1.1,1.4,1.2,0.9,1487.436,-18.0,0.19999999999999996,-0.6,-1.0999999999999999,8.45900000000006,0.0,0.0,0.0,0.0,0.0,0.0,1.0,CAF/Africa Cup of Nations,group-stage,539285,2019-07-01T19:00:00+00:00,2019-07-01,Kenya,Senegal,0,3,A,12.0,16.0,2.0,10.0,espn
2.0,0.0,0.0,1.0,0.0,1.0,2.5,-1.5,0.0,0.0,1.0,2.5,0.0,1.0,2.5,1468.149,19.0,0.2631578947368421,0.2631578947368421,0.47368421052631576,1.0526315789473684,1.2105263157894737,1.3157894736842106,-0.10526315789473684,1.375,1.375,1.0909090909090908,1.2727272727272727,1.4,1.5,1.3,1479.701,-17.0,-1.0526315789473684,-1.3947368421052633,-1.4,-11.552000000000135,0.0,0.0,0.0,0.0,0.0,0.0,1.0,CAF/Africa Cup of Nations,group-stage,539284,2019-07-01T19:00:00+00:00,2019-07-01,Tanzania,Algeria,0,3,A,9.0,18.0,1.0,6.0,espn
2.0,0.0,1.0,0.0,1.0,1.0,1.0,0.0,0.0,0.0,2.0,2.0,0.2,1.0,1.0,1498.877,20.0,0.3,0.3,0.4,1.2,0.8,1.15,-0.35,0.8461538461538461,1.3076923076923077,0.7142857142857143,0.8571428571428571,1.9,1.0,0.5,1504.83,-18.0,-0.19999999999999996,0.35,-1.7,-5.9529999999999745,0.0,0.0,0.0,0.0,0.0,0.0,1.0,CAF/Africa Cup of Nations,group-stage,539282,2019-07-02T16:00:00+00:00,2019-07-02,Benin,Cameroon,0,0,D,7.0,11.0,0.0,2.0,espn
5.0,0.0,0.4,0.6,0.4,0.4,1.4,-1.0,0.0,2.0,0.5,1.25,0.2,0.4,1.4,1451.675,37.0,0.4594594594594595,0.16216216216216217,0.3783783783783784,1.5405405405405406,1.162162162162162,0.9459459459459459,0.21621621621621623,1.4210526315789473,0.7894736842105263,0.8888888888888888,1.1111111111111112,1.4,0.9,0.7,1522.931,-32.0,-1.1405405405405404,-1.2162162162162162,-1.2,-71.25600000000009,0.0,0.0,0.0,0.0,0.0,0.0,1.0,CAF/Africa Cup of Nations,group-stage,539283,2019-07-02T16:00:00+00:00,2019-07-02,Guinea-Bissau,Ghana,0,2,A,6.0,17.0,2.0,6.0,espn
10.0,0.1,0.6,0.3,0.9,0.7,1.1,-0.4,0.0,0.0,0.7777777777777778,1.2222222222222223,0.9,0.7,1.1,1466.569,20.0,0.3,0.45,0.25,1.35,1.1,1.0,0.1,1.375,1.0,0.9166666666666666,1.0,1.2,1.3,1.2,1512.339,-10.0,-0.45000000000000007,-0.5,-0.29999999999999993,-45.76999999999998,0.0,0.0,0.0,0.0,0.0,0.0,1.0,CAF/Africa Cup of Nations,group-stage,539280,2019-07-02T19:00:00+00:00,2019-07-02,Angola,Mali,0,1,A,15.0,16.0,3.0,4.0,espn
2.0,0.0,0.5,0.5,0.5,0.5,2.0,-1.5,0.0,0.0,1.0,4.0,0.1,0.5,2.0,1481.198,25.0,0.28,0.28,0.44,1.12,1.16,1.6,-0.44,1.0,1.3333333333333333,1.25,1.75,1.1,1.4,1.9,1458.305,-23.0,-0.6200000000000001,-1.06,-1.0,22.89300000000003,0.0,0.0,0.0,0.0,0.0,0.0,1.0,CAF/Africa Cup of Nations,group-stage,539281,2019-07-02T19:00:00+00:00,2019-07-02,Mauritania,Tunisia,0,0,D,11.0,12.0,3.0,3.0,espn
42.0,0.6428571428571429,0.19047619047619047,0.16666666666666666,2.119047619047619,1.9047619047619047,0.8333333333333334,1.0714285714285714,1.6764705882352942,0.8529411764705882,2.875,0.75,2.0,1.6,0.4,1660.89,42.0,0.6190476190476191,0.19047619047619047,0.19047619047619047,2.0476190476190474,1.7619047619047619,0.7857142857142857,0.9761904761904762,1.8620689655172413,0.7931034482758621,1.5384615384615385,0.7692307692307693,1.4,1.5,1.2,1652.489,0.0,0.07142857142857162,0.09523809523809523,0.6000000000000001,8.401000000000067,0.0,0.0,0.0,0.0,0.0,1.0,1.0,CONMEBOL/Copa America,semifinals,548054,2019-07-03T00:30:00+00:00,2019-07-03,Brazil,Argentina,2,0,H,0.0,0.0,0.0,0.0,espn
14.0,0.42857142857142855,0.07142857142857142,0.5,1.3571428571428572,1.0,1.5714285714285714,-0.5714285714285714,1.1428571428571428,1.1428571428571428,0.8571428571428571,2.0,1.5,1.1,1.8,1497.779,54.0,0.5370370370370371,0.18518518518518517,0.2777777777777778,1.7962962962962963,1.7407407407407407,1.0925925925925926,0.6481481481481481,1.793103448275862,1.0689655172413792,1.68,1.12,2.1,1.8,1.1,1627.3,-40.0,-0.4391534391534391,-1.2195767195767195,-0.6000000000000001,-129.52099999999996,0.0,0.0,0.0,0.0,0.0,1.0,1.0,CONCACAF/Gold Cup,semifinals,529168,2019-07-03T02:30:00+00:00,2019-07-03,Haiti,Mexico,0,1,A,11.0,27.0,1.0,5.0,espn
28.0,0.6785714285714286,0.07142857142857142,0.25,2.107142857142857,1.75,0.8571428571428571,0.8928571428571429,1.8666666666666667,0.9333333333333333,1.6153846153846154,0.7692307692307693,2.4,2.2,0.7,1685.432,23.0,0.4782608695652174,0.17391304347826086,0.34782608695652173,1.608695652173913,1.0869565217391304,0.8695652173913043,0.21739130434782608,1.0,1.125,1.1333333333333333,0.7333333333333333,1.4,0.8,1.0,1553.939,5.0,0.4984472049689441,0.6754658385093169,1.0,131.49299999999994,2.0,1.0,0.0,1.0,0.0,1.0,1.0,CONMEBOL/Copa America,semifinals,548672,2019-07-04T00:30:00+00:00,2019-07-04,Chile,Peru,0,3,A,19.0,9.0,7.0,3.0,espn
26.0,0.46153846153846156,0.19230769230769232,0.34615384615384615,1.5769230769230769,1.0384615384615385,0.9230769230769231,0.11538461538461539,1.4166666666666667,0.9166666666666666,0.7142857142857143,0.9285714285714286,1.9,1.2,0.7,1546.794,49.0,0.5918367346938775,0.16326530612244897,0.24489795918367346,1.9387755102040816,1.8571428571428572,0.9795918367346939,0.8775510204081632,1.9393939393939394,1.0606060606060606,1.6875,0.8125,2.8,2.5,0.4,1671.586,-23.0,-0.3618524332810047,-0.7621664050235478,-0.8999999999999999,-124.79199999999992,3.0,0.3333333333333333,0.0,-0.6666666666666666,0.0,1.0,1.0,CONCACAF/Gold Cup,semifinals,529167,2019-07-04T01:30:00+00:00,2019-07-04,Jamaica,United States,1,3,A,16.0,16.0,4.0,9.0,espn
16.0,0.375,0.25,0.375,1.375,1.0,0.9375,0.0625,1.25,0.875,0.75,1.0,1.6,0.9,0.7,1520.057,3.0,0.0,1.0,0.0,1.0,0.6666666666666666,0.6666666666666666,0.0,0.0,0.0,2.0,2.0,0.3,0.6666666666666666,0.6666666666666666,1499.13,13.0,0.375,0.0625,1.3,20.926999999999907,0.0,0.0,0.0,0.0,0.0,1.0,1.0,CAF/Africa Cup of Nations,round-of-16,539331,2019-07-05T16:00:00+00:00,2019-07-05,Morocco,Benin,1,1,A,22.0,7.0,7.0,4.0,espn
6.0,0.16666666666666666,0.3333333333333333,0.5,0.8333333333333334,0.6666666666666666,1.0,-0.3333333333333333,0.6666666666666666,1.3333333333333333,0.6666666666666666,0.6666666666666666,0.5,0.6666666666666666,1.0,1475.376,21.0,0.38095238095238093,0.23809523809523808,0.38095238095238093,1.380952380952381,1.3333333333333333,1.0952380952380953,0.23809523809523808,1.0,1.2,1.6363636363636365,1.0,1.7,1.5,0.7,1505.825,-15.0,-0.5476190476190476,-0.5714285714285714,-1.2,-30.44900000000007,0.0,0.0,0.0,0.0,0.0,1.0,1.0,CAF/Africa Cup of Nations,round-of-16,539330,2019-07-05T19:00:00+00:00,2019-07-05,Uganda,Senegal,0,1,A,0.0,0.0,0.0,0.0,espn
20.0,0.35,0.25,0.4,1.3,1.05,1.05,0.0,1.2222222222222223,0.8888888888888888,0.9090909090909091,1.1818181818181819,1.3,0.8,1.1,1500.59,21.0,0.2857142857142857,0.3333333333333333,0.38095238095238093,1.1904761904761905,0.7619047619047619,1.0952380952380953,-0.3333333333333333,0.8461538461538461,1.3076923076923077,0.625,0.75,1.9,0.9,0.4,1504.577,-1.0,0.10952380952380958,0.3333333333333333,-0.5999999999999999,-3.98700000000008,0.0,0.0,0.0,0.0,0.0,1.0,1.0,CAF/Africa Cup of Nations,round-of-16,539329,2019-07-06T16:00:00+00:00,2019-07-06,Nigeria,Cameroon,3,2,H,16.0,12.0,4.0,3.0,espn
12.0,0.5833333333333334,0.08333333333333333,0.3333333333333333,1.8333333333333333,1.0,0.75,0.25,1.0,0.42857142857142855,1.0,1.2,1.8,1.1,0.9,1522.764,16.0,0.25,0.375,0.375,1.125,1.0625,1.3125,-0.25,0.9090909090909091,1.0909090909090908,1.4,1.8,1.0,0.9,1.1,1466.528,-4.0,0.7083333333333333,0.5,0.8,56.235999999999876,0.0,0.0,0.0,0.0,0.0,1.0,1.0,CAF/Africa Cup of Nations,round-of-16,539328,2019-07-06T19:00:00+00:00,2019-07-06,Egypt,South Africa,0,1,A,15.0,14.0,3.0,6.0,espn
43.0,0.6046511627906976,0.18604651162790697,0.20930232558139536,2.0,1.7209302325581395,0.813953488372093,0.9069767441860465,1.8620689655172413,0.7931034482758621,1.4285714285714286,0.8571428571428571,1.1,1.1,1.4,1636.517,29.0,0.6551724137931034,0.06896551724137931,0.27586206896551724,2.0344827586206895,1.6896551724137931,0.9310344827586207,0.7586206896551724,1.75,1.0625,1.6153846153846154,0.7692307692307693,2.4,2.1,0.8,1660.993,14.0,-0.0344827586206895,0.14835605453087408,-1.2999999999999998,-24.475999999999885,3.0,0.3333333333333333,0.0,0.3333333333333333,0.0,0.0,1.0,CONMEBOL/Copa America,3rd-place,549436,2019-07-06T19:00:00+00:00,2019-07-06,Argentina,Chile,2,1,H,0.0,4.0,0.0,3.0,espn
3.0,0.6666666666666666,0.3333333333333333,0.0,2.3333333333333335,1.6666666666666667,0.6666666666666666,1.0,1.5,0.0,2.0,2.0,0.7,1.6666666666666667,0.6666666666666666,1530.134,16.0,0.3125,0.4375,0.25,1.375,1.3125,1.1875,0.125,0.7142857142857143,1.2857142857142858,1.7777777777777777,1.1111111111111112,1.6,1.6,1.4,1511.626,-13.0,0.9583333333333335,0.875,-0.9000000000000001,18.508000000000038,0.0,0.0,0.0,0.0,0.0,1.0,1.0,CAF/Africa Cup of Nations,round-of-16,539327,2019-07-07T16:00:00+00:00,2019-07-07,Madagascar,Congo DR,2,2,H,16.0,17.0,5.0,8.0,espn
20.0,0.3,0.25,0.45,1.15,1.3,1.25,0.05,1.375,1.375,1.25,1.1666666666666667,1.7,1.7,1.1,1497.056,10.0,0.2,0.5,0.3,1.1,1.4,1.2,0.2,1.5,1.5,1.375,1.125,1.1,1.4,1.2,1489.58,10.0,0.04999999999999982,-0.15000000000000002,0.5999999999999999,7.476000000000113,0.0,0.0,0.0,0.0,0.0,1.0,1.0,CAF/Africa Cup of Nations,round-of-16,539326,2019-07-07T19:00:00+00:00,2019-07-07,Algeria,Guinea,3,0,H,9.0,13.0,5.0,1.0,espn
43.0,0.6511627906976745,0.18604651162790697,0.16279069767441862,2.13953488372093,1.9069767441860466,0.813953488372093,1.0930232558139534,1.6857142857142857,0.8285714285714286,2.875,0.75,2.3,1.8,0.3,1676.862,24.0,0.5,0.16666666666666666,0.3333333333333333,1.6666666666666667,1.1666666666666667,0.8333333333333334,0.3333333333333333,1.0,1.125,1.25,0.6875,1.6,0.9,0.8,1578.378,19.0,0.4728682170542633,0.7596899224806202,0.6999999999999997,98.48400000000015,3.0,0.6666666666666666,0.0,1.6666666666666667,0.0,1.0,1.0,CONMEBOL/Copa America,final,549435,2019-07-07T20:00:00+00:00,2019-07-07,Brazil,Peru,3,1,H,12.0,7.0,3.0,2.0,espn
55.0,0.5454545454545454,0.18181818181818182,0.2727272727272727,1.8181818181818181,1.7272727272727273,1.0727272727272728,0.6545454545454545,1.793103448275862,1.0689655172413792,1.6538461538461537,1.0769230769230769,2.1,1.8,1.1,1636.815,50.0,0.6,0.16,0.24,1.96,1.88,0.98,0.9,1.9393939393939394,1.0606060606060606,1.7647058823529411,0.8235294117647058,3.0,2.7,0.4,1682.315,5.0,-0.14181818181818184,-0.24545454545454548,-0.8999999999999999,-45.5,2.0,0.5,0.0,0.0,0.0,1.0,1.0,CONCACAF/Gold Cup,final,529165,2019-07-08T01:00:00+00:00,2019-07-08,Mexico,United States,1,0,H,20.0,11.0,5.0,3.0,espn
21.0,0.3333333333333333,0.42857142857142855,0.23809523809523808,1.4285714285714286,1.0952380952380953,0.9523809523809523,0.14285714285714285,1.375,1.0,0.9230769230769231,0.9230769230769231,1.5,1.3,0.8,1525.187,30.0,0.5333333333333333,0.2,0.26666666666666666,1.8,1.5333333333333334,0.9333333333333333,0.6,1.6875,0.6875,1.3571428571428572,1.2142857142857142,2.0,1.4,0.7,1567.413,-9.0,-0.37142857142857144,-0.45714285714285713,-0.5,-42.22600000000011,2.0,0.0,0.5,-0.5,0.0,1.0,1.0,CAF/Africa Cup of Nations,round-of-16,539325,2019-07-08T16:00:00+00:00,2019-07-08,Mali,Ivory Coast,0,1,A,17.0,7.0,4.0,2.0,espn
38.0,0.47368421052631576,0.15789473684210525,0.3684210526315789,1.5789473684210527,1.1842105263157894,0.9210526315789473,0.2631578947368421,1.4210526315789473,0.7894736842105263,0.9473684210526315,1.0526315789473684,1.4,0.8,0.7,1535.988,26.0,0.2692307692307692,0.3076923076923077,0.4230769230769231,1.1153846153846154,1.1153846153846154,1.5384615384615385,-0.4230769230769231,1.0,1.3333333333333333,1.1764705882352942,1.6470588235294117,1.2,1.3,1.7,1459.278,12.0,0.46356275303643724,0.6862348178137652,0.19999999999999996,76.71000000000004,1.0,1.0,0.0,1.0,0.0,1.0,1.0,CAF/Africa Cup of Nations,round-of-16,539324,2019-07-08T19:00:00+00:00,2019-07-08,Ghana,Tunisia,1,1,A,23.0,12.0,6.0,4.0,espn
22.0,0.4090909090909091,0.22727272727272727,0.36363636363636365,1.4545454545454546,1.3181818181818181,1.0454545454545454,0.2727272727272727,1.0,1.2,1.5833333333333333,0.9166666666666666,1.7,1.4,0.7,1519.317,4.0,0.25,0.75,0.0,1.5,0.75,0.75,0.0,0.0,0.0,1.5,1.5,0.6,0.75,0.75,1514.803,18.0,-0.045454545454545414,0.2727272727272727,1.1,4.513999999999896,0.0,0.0,0.0,0.0,0.0,1.0,1.0,CAF/Africa Cup of Nations,quarterfinals,539323,2019-07-10T16:00:00+00:00,2019-07-10,Senegal,Benin,1,0,H,14.0,9.0,4.0,3.0,espn
21.0,0.38095238095238093,0.23809523809523808,0.38095238095238093,1.380952380952381,1.1428571428571428,1.0952380952380953,0.047619047619047616,1.4,1.0,0.9090909090909091,1.1818181818181819,1.3,1.0,1.3,1515.544,17.0,0.29411764705882354,0.35294117647058826,0.35294117647058826,1.2352941176470589,1.0588235294117647,1.2352941176470589,-0.17647058823529413,0.9090909090909091,1.0909090909090908,1.3333333333333333,1.5,1.2,1.0,1.1,1483.684,4.0,0.14565826330532206,0.22408963585434175,0.10000000000000009,31.860000000000127,0.0,0.0,0.0,0.0,0.0,1.0,1.0,CAF/Africa Cup of Nations,quarterfinals,539322,2019-07-10T19:00:00+00:00,2019-07-10,Nigeria,South Africa,2,1,H,11.0,5.0,4.0,2.0,espn
31.0,0.5483870967741935,0.1935483870967742,0.25806451612903225,1.8387096774193548,1.5161290322580645,0.9032258064516129,0.6129032258064516,1.6875,0.6875,1.3333333333333333,1.1333333333333333,2.0,1.4,0.7,1580.409,21.0,0.3333333333333333,0.23809523809523808,0.42857142857142855,1.2380952380952381,1.380952380952381,1.1904761904761905,0.19047619047619047,1.5555555555555556,1.2222222222222223,1.25,1.1666666666666667,1.7,1.7,1.0,1514.622,10.0,0.6006144393241166,0.42242703533026116,0.30000000000000004,65.78700000000003,2.0,0.5,0.5,1.0,0.0,1.0,1.0,CAF/Africa Cup of Nations,quarterfinals,539321,2019-07-11T16:00:00+00:00,2019-07-11,Ivory Coast,Algeria,1,1,A,15.0,21.0,8.0,6.0,espn
4.0,0.75,0.25,0.0,2.5,1.75,1.0,0.75,1.6666666666666667,0.6666666666666666,2.0,2.0,1.0,1.75,1.0,1544.131,27.0,0.2962962962962963,0.2962962962962963,0.4074074074074074,1.1851851851851851,1.1111111111111112,1.5185185185185186,-0.4074074074074074,1.0,1.3333333333333333,1.1666666666666667,1.6111111111111112,1.5,1.4,1.6,1477.274,-23.0,1.3148148148148149,1.1574074074074074,-0.5,66.8570000000002,0.0,0.0,0.0,0.0,0.0,1.0,1.0,CAF/Africa Cup of Nations,quarterfinals,539320,2019-07-11T19:00:00+00:00,2019-07-11,Madagascar,Tunisia,0,3,A,6.0,18.0,2.0,8.0,espn
23.0,0.43478260869565216,0.21739130434782608,0.34782608695652173,1.5217391304347827,1.3043478260869565,1.0,0.30434782608695654,1.0,1.0909090909090908,1.5833333333333333,0.9166666666666666,1.7,1.3,0.7,1533.909,28.0,0.32142857142857145,0.2857142857142857,0.39285714285714285,1.25,1.1785714285714286,1.4642857142857142,-0.2857142857142857,1.0,1.3333333333333333,1.263157894736842,1.5263157894736843,1.5,1.5,1.5,1498.638,-5.0,0.2717391304347827,0.5900621118012422,0.19999999999999996,35.271000000000186,1.0,1.0,0.0,2.0,0.0,1.0,1.0,CAF/Africa Cup of Nations,semifinals,539319,2019-07-14T16:00:00+00:00,2019-07-14,Senegal,Tunisia,1,0,H,12.0,14.0,1.0,2.0,espn
22.0,0.36363636363636365,0.22727272727272727,0.4090909090909091,1.3181818181818181,1.3636363636363635,1.1818181818181819,0.18181818181818182,1.5555555555555556,1.2222222222222223,1.2307692307692308,1.1538461538461537,2.0,1.8,1.0,1532.172,22.0,0.4090909090909091,0.22727272727272727,0.36363636363636365,1.4545454545454546,1.1818181818181819,1.0909090909090908,0.09090909090909091,1.4545454545454546,1.0,0.9090909090909091,1.1818181818181819,1.5,1.2,1.4,1528.976,0.0,-0.13636363636363646,0.09090909090909091,0.5,3.1959999999999127,0.0,0.0,0.0,0.0,0.0,1.0,1.0,CAF/Africa Cup of Nations,semifinals,539318,2019-07-14T19:00:00+00:00,2019-07-14,Algeria,Nigeria,2,1,H,8.0,11.0,2.0,4.0,espn
29.0,0.3103448275862069,0.27586206896551724,0.41379310344827586,1.206896551724138,1.1379310344827587,1.4482758620689655,-0.3103448275862069,1.0,1.3333333333333333,1.2,1.5,1.2,1.1,1.4,1485.35,23.0,0.391304347826087,0.21739130434782608,0.391304347826087,1.391304347826087,1.173913043478261,1.1304347826086956,0.043478260869565216,1.4545454545454546,1.0,0.9166666666666666,1.25,1.5,1.1,1.3,1514.328,6.0,-0.18440779610194902,-0.35382308845577215,-0.30000000000000004,-28.978000000000065,0.0,0.0,0.0,0.0,0.0,1.0,1.0,CAF/Africa Cup of Nations,third-place-match,539317,2019-07-17T19:00:00+00:00,2019-07-17,Tunisia,Nigeria,0,1,A,11.0,10.0,1.0,4.0,espn
24.0,0.4583333333333333,0.20833333333333334,0.3333333333333333,1.5833333333333333,1.2916666666666667,0.9583333333333334,0.3333333333333333,1.0,1.0,1.5833333333333333,0.9166666666666666,1.9,1.2,0.5,1547.197,23.0,0.391304347826087,0.21739130434782608,0.391304347826087,1.391304347826087,1.391304347826087,1.173913043478261,0.21739130434782608,1.6,1.2,1.2307692307692308,1.1538461538461537,2.0,1.8,1.1,1546.82,1.0,0.19202898550724634,0.11594202898550723,-0.10000000000000009,0.3769999999999527,3.0,0.0,0.3333333333333333,-1.0,0.0,1.0,1.0,CAF/Africa Cup of Nations,final,539316,2019-07-19T19:00:00+00:00,2019-07-19,Senegal,Algeria,0,1,A,12.0,1.0,3.0,1.0,espn
14.0,0.42857142857142855,0.14285714285714285,0.42857142857142855,1.4285714285714286,1.2142857142857142,1.2142857142857142,0.0,2.0,1.0,1.0,1.2727272727272727,1.3,1.1,1.4,1515.259,35.0,0.45714285714285713,0.2857142857142857,0.2571428571428571,1.6571428571428573,1.1714285714285715,0.8571428571428571,0.3142857142857143,1.2105263157894737,0.6842105263157895,1.125,1.0625,1.5,1.0,1.0,1588.156,-21.0,-0.22857142857142865,-0.3142857142857143,-0.19999999999999996,-72.89699999999993,0.0,0.0,0.0,0.0,0.0,0.0,1.0,UEFA/European Championship,group-stage,560344,2021-06-11T19:00:00+00:00,2021-06-11,Türkiye,Italy,0,3,A,3.0,24.0,0.0,8.0,espn
6.0,0.6666666666666666,0.0,0.3333333333333333,2.0,1.6666666666666667,1.0,0.6666666666666666,2.0,0.6666666666666666,1.3333333333333333,1.3333333333333333,1.2,1.6666666666666667,1.0,1533.068,27.0,0.2962962962962963,0.25925925925925924,0.4444444444444444,1.1481481481481481,0.9259259259259259,1.0,-0.07407407407407407,0.9285714285714286,1.0714285714285714,0.9230769230769231,0.9230769230769231,1.0,0.9,1.0,1471.126,-21.0,0.8518518518518519,0.7407407407407407,0.19999999999999996,61.94200000000001,0.0,0.0,0.0,0.0,0.0,0.0,1.0,UEFA/European Championship,group-stage,560343,2021-06-12T13:00:00+00:00,2021-06-12,Wales,Switzerland,1,1,D,9.0,18.0,2.0,4.0,espn
17.0,0.35294117647058826,0.29411764705882354,0.35294117647058826,1.3529411764705883,1.1176470588235294,1.1764705882352942,-0.058823529411764705,1.1111111111111112,1.3333333333333333,1.125,1.0,1.1,1.0,1.3,1506.473,0.0,0.0,0.0,0.0,0.0,0.0,0.0,0.0,0.0,0.0,0.0,0.0,0.0,0.0,0.0,1500.0,17.0,1.3529411764705883,-0.058823529411764705,1.1,6.472999999999956,0.0,0.0,0.0,0.0,0.0,0.0,1.0,UEFA/European Championship,group-stage,560341,2021-06-12T16:00:00+00:00,2021-06-12,Denmark,Finland,0,1,A,22.0,1.0,6.0,1.0,espn
20.0,0.65,0.1,0.25,2.05,1.7,0.95,0.75,2.3333333333333335,0.8888888888888888,1.1818181818181819,1.0,2.4,2.2,0.9,1631.969,24.0,0.375,0.16666666666666666,0.4583333333333333,1.2916666666666667,1.2916666666666667,1.3333333333333333,-0.041666666666666664,1.8333333333333333,1.3333333333333333,0.75,1.3333333333333333,1.1,1.4,1.5,1494.21,-4.0,0.7583333333333331,0.7916666666666666,1.2999999999999998,137.75900000000001,1.0,1.0,0.0,1.0,0.0,0.0,1.0,UEFA/European Championship,group-stage,560342,2021-06-12T19:00:00+00:00,2021-06-12,Belgium,Russia,3,0,H,9.0,5.0,4.0,1.0,espn
35.0,0.37142857142857144,0.2857142857142857,0.34285714285714286,1.4,1.2571428571428571,1.1142857142857143,0.14285714285714285,1.4285714285714286,0.7142857142857143,1.1428571428571428,1.380952380952381,1.5,1.4,1.3,1532.242,30.0,0.4666666666666667,0.23333333333333334,0.3,1.6333333333333333,1.4,1.2,0.2,1.3076923076923077,1.4615384615384615,1.4705882352941178,1.0,2.2,1.8,1.3,1615.23,5.0,-0.2333333333333334,-0.05714285714285716,-0.7000000000000002,-82.98800000000006,2.0,0.5,0.0,0.5,0.0,0.0,1.0,UEFA/European Championship,group-stage,560338,2021-06-13T13:00:00+00:00,2021-06-13,England,Croatia,1,0,H,8.0,8.0,2.0,1.0,espn
6.0,0.0,0.3333333333333333,0.6666666666666666,0.3333333333333333,0.3333333333333333,1.1666666666666667,-0.8333333333333334,0.25,1.25,0.5,1.0,0.2,0.3333333333333333,1.1666666666666667,1448.274,0.0,0.0,0.0,0.0,0.0,0.0,0.0,0.0,0.0,0.0,0.0,0.0,0.0,0.0,0.0,1500.0,6.0,0.3333333333333333,-0.8333333333333334,0.2,-51.72600000000011,0.0,0.0,0.0,0.0,0.0,0.0,1.0,UEFA/European Championship,group-stage,560340,2021-06-13T16:00:00+00:00,2021-06-13,Austria,North Macedonia,3,1,H,11.0,7.0,7.0,2.0,espn
30.0,0.5666666666666667,0.1,0.3333333333333333,1.8,1.6333333333333333,0.9333333333333333,0.7,1.5789473684210527,0.7894736842105263,1.7272727272727273,1.1818181818181819,1.8,1.8,0.9,1644.57,11.0,0.45454545454545453,0.0,0.5454545454545454,1.3636363636363635,0.7272727272727273,1.3636363636363635,-0.6363636363636364,0.6666666666666666,1.0,0.8,1.8,1.5,0.8,1.1,1483.975,19.0,0.4363636363636365,1.3363636363636364,0.30000000000000004,160.59500000000003,0.0,0.0,0.0,0.0,0.0,0.0,1.0,UEFA/European Championship,group-stage,560339,2021-06-13T19:00:00+00:00,2021-06-13,Netherlands,Ukraine,3,2,H,15.0,8.0,7.0,5.0,espn
44.0,0.6590909090909091,0.18181818181818182,0.1590909090909091,2.159090909090909,1.9318181818181819,0.8181818181818182,1.1136363636363635,1.7222222222222223,0.8333333333333334,2.875,0.75,2.5,2.0,0.3,1688.711,17.0,0.35294117647058826,0.35294117647058826,0.29411764705882354,1.411764705882353,0.9411764705882353,1.1176470588235294,-0.17647058823529413,0.3333333333333333,0.6666666666666666,1.0714285714285714,1.2142857142857142,1.2,0.8,1.1,1535.156,27.0,0.7473262032085561,1.2901069518716577,1.3,153.55500000000006,3.0,0.3333333333333333,0.6666666666666666,0.3333333333333333,0.0,0.0,1.0,CONMEBOL/Copa America,group-stage,560522,2021-06-13T21:00:00+00:00,2021-06-13,Brazil,Venezuela,3,0,H,18.0,3.0,7.0,1.0,espn
27.0,0.5925925925925926,0.07407407407407407,0.3333333333333333,1.8518518518518519,1.2222222222222223,0.5925925925925926,0.6296296296296297,1.125,0.8125,1.3636363636363635,0.2727272727272727,1.8,1.1,0.5,1604.866,23.0,0.2608695652173913,0.21739130434782608,0.5217391304347826,1.0,1.0869565217391304,1.434782608695652,-0.34782608695652173,1.5555555555555556,1.2222222222222223,0.7857142857142857,1.5714285714285714,0.9,1.3,1.7,1460.202,4.0,0.8518518518518519,0.9774557165861514,0.9,144.664,0.0,0.0,0.0,0.0,0.0,0.0,1.0,CONMEBOL/Copa America,group-stage,560524,2021-06-14T00:00:00+00:00,2021-06-14,Colombia,Ecuador,1,0,H,5.0,8.0,2.0,2.0,espn
0.0,0.0,0.0,0.0,0.0,0.0,0.0,0.0,0.0,0.0,0.0,0.0,0.0,0.0,0.0,1500.0,18.0,0.3888888888888889,0.05555555555555555,0.5555555555555556,1.2222222222222223,1.2222222222222223,1.5,-0.2777777777777778,1.0,1.625,1.4,1.4,0.7,0.9,1.8,1452.778,-18.0,-1.2222222222222223,0.2777777777777778,-0.7,47.22199999999998,0.0,0.0,0.0,0.0,0.0,0.0,1.0,UEFA/European Championship,group-stage,560335,2021-06-14T13:00:00+00:00,2021-06-14,Scotland,Czechia,0,2,A,19.0,10.0,5.0,7.0,espn
19.0,0.3157894736842105,0.21052631578947367,0.47368421052631576,1.1578947368421053,0.631578947368421,1.2105263157894737,-0.5789473684210527,0.6666666666666666,1.2222222222222223,0.6,1.2,1.7,0.8,0.8,1482.082,7.0,0.2857142857142857,0.14285714285714285,0.5714285714285714,1.0,1.0,1.7142857142857142,-0.7142857142857143,1.0,1.3333333333333333,1.0,2.0,0.7,1.0,1.7142857142857142,1485.404,12.0,0.1578947368421053,0.13533834586466165,1.0,-3.321999999999889,0.0,0.0,0.0,0.0,0.0,0.0,1.0,UEFA/European Championship,group-stage,560337,2021-06-14T16:00:00+00:00,2021-06-14,Poland,Slovakia,1,2,A,17.0,11.0,3.0,2.0,espn
41.0,0.6585365853658537,0.12195121951219512,0.21951219512195122,2.097560975609756,1.6097560975609757,0.8048780487804879,0.8048780487804879,1.7727272727272727,0.9090909090909091,1.4210526315789473,0.6842105263157895,1.4,1.5,1.2,1625.685,25.0,0.28,0.32,0.4,1.16,1.16,1.08,0.08,1.3076923076923077,1.0,1.0,1.1666666666666667,1.3,1.1,1.0,1504.229,16.0,0.9375609756097563,0.7248780487804879,0.09999999999999987,121.4559999999999,1.0,1.0,0.0,1.0,0.0,0.0,1.0,UEFA/European Championship,group-stage,560336,2021-06-14T19:00:00+00:00,2021-06-14,Spain,Sweden,0,0,D,17.0,4.0,5.0,0.0,espn
44.0,0.6136363636363636,0.18181818181818182,0.20454545454545456,2.022727272727273,1.7272727272727273,0.8181818181818182,0.9090909090909091,1.8666666666666667,0.8,1.4285714285714286,0.8571428571428571,1.4,1.3,1.5,1652.341,30.0,0.6333333333333333,0.06666666666666667,0.3,1.9666666666666666,1.6666666666666667,0.9666666666666667,0.7,1.75,1.0625,1.5714285714285714,0.8571428571428571,2.1,2.0,0.9,1645.169,14.0,0.056060606060606366,0.2090909090909091,-0.7000000000000002,7.171999999999798,4.0,0.5,0.0,0.5,0.0,0.0,1.0,CONMEBOL/Copa America,group-stage,560526,2021-06-14T21:00:00+00:00,2021-06-14,Argentina,Chile,1,1,D,18.0,5.0,5.0,4.0,espn
29.0,0.1724137931034483,0.4482758620689655,0.3793103448275862,0.9655172413793104,0.8620689655172413,1.1724137931034482,-0.3103448275862069,1.0,0.8,0.7894736842105263,1.368421052631579,0.6,0.6,1.6,1474.054,13.0,0.07692307692307693,0.15384615384615385,0.7692307692307693,0.38461538461538464,0.6923076923076923,2.3846153846153846,-1.6923076923076923,0.75,2.75,0.6666666666666666,2.2222222222222223,0.4,0.8,2.6,1401.24,16.0,0.5809018567639257,1.3819628647214854,0.19999999999999996,72.81400000000008,0.0,0.0,0.0,0.0,0.0,0.0,1.0,CONMEBOL/Copa America,group-stage,560523,2021-06-15T00:00:00+00:00,2021-06-15,Paraguay,Bolivia,3,1,H,34.0,4.0,11.0,2.0,espn
4.0,0.25,0.5,0.25,1.25,1.5,2.0,-0.5,1.5,3.5,1.5,0.5,0.5,1.5,2.0,1499.071,41.0,0.5121951219512195,0.1951219512195122,0.2926829268292683,1.7317073170731707,1.5365853658536586,1.0731707317073171,0.4634146341463415,1.7083333333333333,0.75,1.2941176470588236,1.5294117647058822,2.3,1.5,0.8,1630.421,-37.0,-0.4817073170731707,-0.9634146341463414,-1.7999999999999998,-131.35000000000014,1.0,0.0,1.0,0.0,0.0,0.0,1.0,UEFA/European Championship,group-stage,560334,2021-06-15T16:00:00+00:00,2021-06-15,Hungary,Portugal,0,3,A,5.0,11.0,3.0,7.0,espn
42.0,0.47619047619047616,0.23809523809523808,0.2857142857142857,1.6666666666666667,1.3571428571428572,0.9523809523809523,0.40476190476190477,1.5,1.0,1.2,0.9,2.5,2.1,0.9,1678.588,49.0,0.6938775510204082,0.08163265306122448,0.22448979591836735,2.163265306122449,1.836734693877551,0.7959183673469388,1.0408163265306123,1.78125,0.875,1.9411764705882353,0.6470588235294118,1.9,1.0,0.7,1697.875,-7.0,-0.4965986394557824,-0.6360544217687075,0.6000000000000001,-19.287000000000035,2.0,0.5,0.0,0.5,0.0,0.0,1.0,UEFA/European Championship,group-stage,560333,2021-06-15T19:00:00+00:00,2021-06-15,France,Germany,1,0,H,4.0,10.0,1.0,1.0,espn
1.0,1.0,0.0,0.0,3.0,1.0,0.0,1.0,0.0,0.0,1.0,0.0,0.3,1.0,0.0,1515.059,25.0,0.36,0.16,0.48,1.24,1.24,1.4,-0.16,1.8333333333333333,1.3333333333333333,0.6923076923076923,1.4615384615384615,1.1,1.4,1.7,1483.025,-24.0,1.76,1.16,-0.8,32.03399999999988,0.0,0.0,0.0,0.0,0.0,0.0,1.0,UEFA/European Championship,group-stage,560330,2021-06-16T13:00:00+00:00,2021-06-16,Finland,Russia,0,1,A,11.0,14.0,1.0,3.0,espn
15.0,0.4,0.13333333333333333,0.4666666666666667,1.3333333333333333,1.1333333333333333,1.3333333333333333,-0.2,1.5,1.5,1.0,1.2727272727272727,1.0,1.0,1.7,1501.019,7.0,0.5714285714285714,0.14285714285714285,0.2857142857142857,1.8571428571428572,1.5714285714285714,1.0,0.5714285714285714,1.75,0.75,1.3333333333333333,1.3333333333333333,1.3,1.5714285714285714,1.0,1530.46,8.0,-0.523809523809524,-0.7714285714285714,-0.30000000000000004,-29.44100000000003,0.0,0.0,0.0,0.0,0.0,0.0,1.0,UEFA/European Championship,group-stage,560332,2021-06-16T16:00:00+00:00,2021-06-16,Türkiye,Wales,0,2,A,17.0,16.0,5.0,7.0,espn
36.0,0.4722222222222222,0.2777777777777778,0.25,1.6944444444444444,1.2222222222222223,0.8333333333333334,0.3888888888888889,1.2105263157894737,0.6842105263157895,1.2352941176470589,1.0,1.5,1.1,0.9,1602.396,28.0,0.2857142857142857,0.2857142857142857,0.42857142857142855,1.1428571428571428,0.9285714285714286,1.0,-0.07142857142857142,0.9285714285714286,1.0714285714285714,0.9285714285714286,0.9285714285714286,0.8,0.9,1.1,1473.734,8.0,0.5515873015873016,0.46031746031746035,0.7,128.66200000000003,0.0,0.0,0.0,0.0,0.0,0.0,1.0,UEFA/European Championship,group-stage,560331,2021-06-16T19:00:00+00:00,2021-06-16,Italy,Switzerland,3,0,H,13.0,6.0,3.0,1.0,espn
12.0,0.4166666666666667,0.0,0.5833333333333334,1.25,0.8333333333333334,1.5,-0.6666666666666666,0.6666666666666666,1.0,1.0,2.0,1.2,0.6,1.4,1475.576,1.0,0.0,0.0,1.0,0.0,1.0,3.0,-2.0,0.0,0.0,1.0,3.0,0.0,1.0,3.0,1481.213,11.0,1.25,1.3333333333333335,1.2,-5.636999999999944,0.0,0.0,0.0,0.0,0.0,0.0,1.0,UEFA/European Championship,group-stage,560329,2021-06-17T13:00:00+00:00,2021-06-17,Ukraine,North Macedonia,2,1,H,17.0,13.0,8.0,5.0,espn
18.0,0.3333333333333333,0.2777777777777778,0.3888888888888889,1.2777777777777777,1.0555555555555556,1.1666666666666667,-0.1111111111111111,1.0,1.3,1.125,1.0,1.1,1.0,1.2,1491.414,21.0,0.6666666666666666,0.09523809523809523,0.23809523809523808,2.0952380952380953,1.7619047619047619,0.9047619047619048,0.8571428571428571,2.4,0.8,1.1818181818181819,1.0,2.4,2.4,0.9,1643.154,-3.0,-0.8174603174603177,-0.9682539682539681,-1.2999999999999998,-151.74,0.0,0.0,0.0,0.0,0.0,0.0,1.0,UEFA/European Championship,group-stage,560328,2021-06-17T16:00:00+00:00,2021-06-17,Denmark,Belgium,1,2,A,22.0,6.0,6.0,4.0,espn
31.0,0.5806451612903226,0.0967741935483871,0.3225806451612903,1.8387096774193548,1.6774193548387097,0.967741935483871,0.7096774193548387,1.65,0.85,1.7272727272727273,1.1818181818181819,2.1,2.0,0.9,1652.969,7.0,0.14285714285714285,0.2857142857142857,0.5714285714285714,0.7142857142857143,0.7142857142857143,1.1428571428571428,-0.42857142857142855,0.8,1.2,0.5,1.0,0.5,0.7142857142857143,1.1428571428571428,1467.061,24.0,1.1244239631336406,1.1382488479262673,1.6,185.90800000000013,0.0,0.0,0.0,0.0,0.0,0.0,1.0,UEFA/European Championship,group-stage,560327,2021-06-17T19:00:00+00:00,2021-06-17,Netherlands,Austria,2,0,H,14.0,8.0,3.0,1.0,espn
28.0,0.6071428571428571,0.07142857142857142,0.32142857142857145,1.8928571428571428,1.2142857142857142,0.5714285714285714,0.6428571428571429,1.1176470588235294,0.7647058823529411,1.3636363636363635,0.2727272727272727,2.1,1.2,0.3,1613.827,18.0,0.3333333333333333,0.3333333333333333,0.3333333333333333,1.3333333333333333,0.8888888888888888,1.2222222222222223,-0.3333333333333333,0.3333333333333333,0.6666666666666666,1.0,1.3333333333333333,1.2,0.8,1.3,1524.659,10.0,0.5595238095238095,0.9761904761904763,0.9000000000000001,89.16799999999989,1.0,0.0,0.0,-1.0,0.0,0.0,1.0,CONMEBOL/Copa America,group-stage,560518,2021-06-17T21:00:00+00:00,2021-06-17,Colombia,Venezuela,0,0,D,23.0,2.0,8.0,0.0,espn
45.0,0.6666666666666666,0.17777777777777778,0.15555555555555556,2.1777777777777776,1.9555555555555555,0.8,1.1555555555555554,1.7567567567567568,0.8108108108108109,2.875,0.75,2.5,2.1,0.3,1699.208,25.0,0.48,0.16,0.36,1.6,1.16,0.92,0.24,1.0,1.125,1.2352941176470589,0.8235294117647058,1.3,0.9,1.1,1566.529,20.0,0.5777777777777775,0.9155555555555555,1.2,132.6790000000001,4.0,0.75,0.0,1.75,0.0,0.0,1.0,CONMEBOL/Copa America,group-stage,560515,2021-06-18T00:00:00+00:00,2021-06-18,Brazil,Peru,4,0,H,17.0,7.0,9.0,2.0,espn
26.0,0.2692307692307692,0.34615384615384615,0.38461538461538464,1.1538461538461537,1.1153846153846154,1.0384615384615385,0.07692307692307693,1.3076923076923077,1.0,0.9230769230769231,1.0769230769230769,1.4,0.9,0.7,1509.196,8.0,0.375,0.125,0.5,1.25,1.125,1.625,-0.5,1.0,1.3333333333333333,1.2,1.8,1.0,1.125,1.625,1500.047,18.0,-0.09615384615384626,0.5769230769230769,0.3999999999999999,9.148999999999887,0.0,0.0,0.0,0.0,0.0,0.0,1.0,UEFA/European Championship,group-stage,560325,2021-06-18T13:00:00+00:00,2021-06-18,Sweden,Slovakia,1,0,H,13.0,10.0,4.0,0.0,espn
31.0,0.45161290322580644,0.22580645161290322,0.3225806451612903,1.5806451612903225,1.3548387096774193,1.1935483870967742,0.16129032258064516,1.3076923076923077,1.4615384615384615,1.3888888888888888,1.0,2.1,1.6,1.2,1596.98,19.0,0.42105263157894735,0.05263157894736842,0.5263157894736842,1.3157894736842106,1.263157894736842,1.4210526315789473,-0.15789473684210525,1.0,1.625,1.4545454545454546,1.2727272727272727,0.7,1.0,1.8,1471.357,12.0,0.2648556876061119,0.31918505942275044,1.4000000000000001,125.62300000000005,1.0,0.0,1.0,0.0,0.0,0.0,1.0,UEFA/European Championship,group-stage,560324,2021-06-18T16:00:00+00:00,2021-06-18,Croatia,Czechia,1,1,D,11.0,11.0,2.0,1.0,espn
36.0,0.3888888888888889,0.2777777777777778,0.3333333333333333,1.4444444444444444,1.25,1.0833333333333333,0.16666666666666666,1.4,0.6666666666666666,1.1428571428571428,1.380952380952381,1.8,1.4,1.1,1550.492,1.0,0.0,0.0,1.0,0.0,0.0,2.0,-2.0,0.0,2.0,0.0,0.0,0.0,0.0,2.0,1481.421,35.0,1.4444444444444444,2.1666666666666665,1.8,69.07099999999991,0.0,0.0,0.0,0.0,0.0,0.0,1.0,UEFA/European Championship,group-stage,560326,2021-06-18T19:00:00+00:00,2021-06-18,England,Scotland,0,0,D,9.0,11.0,1.0,1.0,espn
31.0,0.6129032258064516,0.0967741935483871,0.2903225806451613,1.935483870967742,1.6451612903225807,0.967741935483871,0.6774193548387096,1.75,1.0625,1.5333333333333334,0.8666666666666667,1.9,1.7,0.8,1645.474,14.0,0.07142857142857142,0.14285714285714285,0.7857142857142857,0.35714285714285715,0.7142857142857143,2.4285714285714284,-1.7142857142857142,0.75,2.75,0.7,2.3,0.3,0.9,2.9,1388.253,17.0,1.5783410138248848,2.391705069124424,1.5999999999999999,257.221,2.0,1.0,0.0,3.0,0.0,0.0,1.0,CONMEBOL/Copa America,group-stage,560519,2021-06-18T21:00:00+00:00,2021-06-18,Chile,Bolivia,1,0,H,18.0,10.0,11.0,3.0,espn
45.0,0.6,0.2,0.2,2.0,1.711111111111111,0.8222222222222222,0.8888888888888888,1.8387096774193548,0.8064516129032258,1.4285714285714286,0.8571428571428571,1.4,1.3,1.5,1652.036,36.0,0.4722222222222222,0.2222222222222222,0.3055555555555556,1.6388888888888888,1.3333333333333333,0.9444444444444444,0.3888888888888889,1.4782608695652173,1.0,1.0769230769230769,0.8461538461538461,2.2,1.7,0.5,1593.623,9.0,0.36111111111111116,0.49999999999999994,-0.8000000000000003,58.41300000000001,2.0,0.5,0.5,0.5,0.0,0.0,1.0,CONMEBOL/Copa America,group-stage,560520,2021-06-19T00:00:00+00:00,2021-06-19,Argentina,Uruguay,1,0,H,9.0,4.0,6.0,0.0,espn
5.0,0.2,0.4,0.4,1.0,1.2,2.2,-1.0,1.0,3.3333333333333335,1.5,0.5,0.5,1.2,2.2,1487.6,43.0,0.4883720930232558,0.23255813953488372,0.27906976744186046,1.697674418604651,1.3488372093023255,0.9302325581395349,0.4186046511627907,1.4782608695652173,0.9565217391304348,1.2,0.9,2.5,1.7,0.7,1694.192,-38.0,-0.6976744186046511,-1.4186046511627908,-2.0,-206.5920000000001,0.0,0.0,0.0,0.0,0.0,0.0,1.0,UEFA/European Championship,group-stage,560321,2021-06-19T13:00:00+00:00,2021-06-19,Hungary,France,1,1,D,5.0,16.0,3.0,4.0,espn
42.0,0.5238095238095238,0.19047619047619047,0.2857142857142857,1.7619047619047619,1.5714285714285714,1.0476190476190477,0.5238095238095238,1.7083333333333333,0.75,1.3888888888888888,1.4444444444444444,2.3,1.7,0.8,1641.892,50.0,0.68,0.08,0.24,2.12,1.8,0.8,1.0,1.78125,0.875,1.8333333333333333,0.6666666666666666,1.6,0.9,0.8,1682.271,-8.0,-0.35809523809523824,-0.47619047619047616,0.6999999999999997,-40.378999999999905,4.0,0.0,0.0,-2.0,0.0,0.0,1.0,UEFA/European Championship,group-stage,560322,2021-06-19T16:00:00+00:00,2021-06-19,Portugal,Germany,2,4,A,8.0,13.0,2.0,7.0,espn
42.0,0.6428571428571429,0.14285714285714285,0.21428571428571427,2.0714285714285716,1.5714285714285714,0.7857142857142857,0.7857142857142857,1.6956521739130435,0.8695652173913043,1.4210526315789473,0.6842105263157895,1.5,1.5,1.0,1620.718,20.0,0.3,0.2,0.5,1.1,0.65,1.25,-0.6,0.7,1.3,0.6,1.2,1.6,0.8,0.9,1467.439,22.0,0.9714285714285715,1.3857142857142857,-0.10000000000000009,153.279,0.0,0.0,0.0,0.0,0.0,0.0,1.0,UEFA/European Championship,group-stage,560323,2021-06-19T19:00:00+00:00,2021-06-19,Spain,Poland,1,1,D,11.0,5.0,5.0,2.0,espn
37.0,0.4864864864864865,0.2702702702702703,0.24324324324324326,1.7297297297297298,1.2702702702702702,0.8108108108108109,0.4594594594594595,1.3,0.65,1.2352941176470589,1.0,1.8,1.4,0.5,1613.988,8.0,0.625,0.125,0.25,2.0,1.625,0.875,0.75,1.75,0.75,1.5,1.0,1.6,1.625,0.875,1545.444,29.0,-0.2702702702702702,-0.2905405405405405,0.19999999999999996,68.5440000000001,0.0,0.0,0.0,0.0,0.0,0.0,1.0,UEFA/European Championship,group-stage,560320,2021-06-20T16:00:00+00:00,2021-06-20,Italy,Wales,1,0,H,23.0,3.0,6.0,1.0,espn
29.0,0.27586206896551724,0.27586206896551724,0.4482758620689655,1.103448275862069,0.896551724137931,1.0689655172413792,-0.1724137931034483,0.9285714285714286,1.0714285714285714,0.8666666666666667,1.0666666666666667,0.7,0.8,1.3,1462.142,16.0,0.375,0.125,0.5,1.25,1.0625,1.375,-0.3125,1.2,1.6,1.0,1.2727272727272727,1.0,1.0,1.8,1486.035,13.0,-0.14655172413793105,0.1400862068965517,-0.30000000000000004,-23.89300000000003,1.0,0.0,0.0,-1.0,0.0,0.0,1.0,UEFA/European Championship,group-stage,560319,2021-06-20T16:00:00+00:00,2021-06-20,Switzerland,Türkiye,3,1,H,23.0,19.0,10.0,6.0,espn
19.0,0.3157894736842105,0.3684210526315789,0.3157894736842105,1.3157894736842106,0.8421052631578947,1.1578947368421053,-0.3157894736842105,0.3333333333333333,0.6666666666666666,0.9375,1.25,1.3,0.7,1.1,1528.372,24.0,0.25,0.20833333333333334,0.5416666666666666,0.9583333333333334,1.0416666666666667,1.4166666666666667,-0.375,1.5555555555555556,1.2222222222222223,0.7333333333333333,1.5333333333333334,0.9,1.3,1.6,1451.241,-5.0,0.35745614035087725,0.05921052631578949,0.4,77.13100000000009,1.0,1.0,0.0,1.0,0.0,0.0,1.0,CONMEBOL/Copa America,group-stage,560511,2021-06-20T21:00:00+00:00,2021-06-20,Venezuela,Ecuador,2,2,D,9.0,19.0,3.0,7.0,espn
29.0,0.5862068965517241,0.10344827586206896,0.3103448275862069,1.8620689655172413,1.1724137931034482,0.5517241379310345,0.6206896551724138,1.0555555555555556,0.7222222222222222,1.3636363636363635,0.2727272727272727,1.9,1.1,0.3,1610.114,26.0,0.46153846153846156,0.15384615384615385,0.38461538461538464,1.5384615384615385,1.1153846153846154,1.0384615384615385,0.07692307692307693,1.0,1.125,1.1666666666666667,1.0,1.3,0.9,1.5,1554.111,3.0,0.3236074270557028,0.5437665782493368,0.5999999999999999,56.00299999999993,3.0,0.3333333333333333,0.3333333333333333,-0.6666666666666666,0.0,0.0,1.0,CONMEBOL/Copa America,group-stage,560513,2021-06-21T00:00:00+00:00,2021-06-21,Colombia,Peru,1,2,A,12.0,11.0,4.0,3.0,espn
2.0,0.0,0.0,1.0,0.0,1.0,2.5,-1.5,0.0,0.0,1.0,2.5,0.0,1.0,2.5,1466.189,32.0,0.59375,0.09375,0.3125,1.875,1.6875,0.9375,0.75,1.6666666666666667,0.8095238095238095,1.7272727272727273,1.1818181818181819,2.4,2.1,0.7,1661.329,-30.0,-1.875,-2.25,-2.4,-195.13999999999987,0.0,0.0,0.0,0.0,0.0,0.0,1.0,UEFA/European Championship,group-stage,560318,2021-06-21T16:00:00+00:00,2021-06-21,North Macedonia,Netherlands,0,3,A,12.0,17.0,1.0,7.0,espn
13.0,0.46153846153846156,0.0,0.5384615384615384,1.3846153846153846,0.9230769230769231,1.4615384615384615,-0.5384615384615384,0.8571428571428571,1.0,1.0,2.0,1.2,0.7,1.5,1490.6,8.0,0.125,0.25,0.625,0.625,0.625,1.25,-0.625,0.8,1.2,0.3333333333333333,1.3333333333333333,0.5,0.625,1.25,1458.701,5.0,0.7596153846153846,0.08653846153846156,0.7,31.898999999999887,0.0,0.0,0.0,0.0,0.0,0.0,1.0,UEFA/European Championship,group-stage,560315,2021-06-21T16:00:00+00:00,2021-06-21,Ukraine,Austria,0,1,A,5.0,18.0,1.0,4.0,espn
2.0,0.5,0.0,0.5,1.5,0.5,0.5,0.0,0.0,1.0,1.0,0.0,0.3,0.5,0.5,1498.916,22.0,0.6818181818181818,0.09090909090909091,0.22727272727272727,2.1363636363636362,1.7727272727272727,0.9090909090909091,0.8636363636363636,2.4,0.8,1.25,1.0,2.4,2.2,1.0,1651.863,-20.0,-0.6363636363636362,-0.8636363636363636,-2.1,-152.94700000000012,0.0,0.0,0.0,0.0,0.0,0.0,1.0,UEFA/European Championship,group-stage,560316,2021-06-21T19:00:00+00:00,2021-06-21,Finland,Belgium,0,2,A,7.0,17.0,1.0,7.0,espn
26.0,0.38461538461538464,0.15384615384615385,0.46153846153846156,1.3076923076923077,1.2307692307692308,1.3461538461538463,-0.11538461538461539,1.8333333333333333,1.3333333333333333,0.7142857142857143,1.3571428571428572,1.3,1.4,1.6,1499.168,19.0,0.3157894736842105,0.2631578947368421,0.42105263157894735,1.2105263157894737,1.0526315789473684,1.2105263157894737,-0.15789473684210525,1.0,1.3636363636363635,1.125,1.0,0.8,0.9,1.3,1482.705,7.0,0.09716599190283404,0.04251012145748986,0.5,16.462999999999965,0.0,0.0,0.0,0.0,0.0,0.0,1.0,UEFA/European Championship,group-stage,560317,2021-06-21T19:00:00+00:00,2021-06-21,Russia,Denmark,1,4,A,6.0,16.0,2.0,10.0,espn
37.0,0.4594594594594595,0.21621621621621623,0.32432432432432434,1.5945945945945945,1.2972972972972974,0.9459459459459459,0.35135135135135137,1.4782608695652173,1.0,1.0,0.8571428571428571,1.9,1.4,0.6,1581.301,32.0,0.625,0.09375,0.28125,1.96875,1.625,0.9375,0.6875,1.7058823529411764,1.0,1.5333333333333334,0.8666666666666667,1.9,1.1,0.8,1650.954,5.0,-0.3741554054054055,-0.33614864864864863,0.0,-69.65300000000002,3.0,0.3333333333333333,0.3333333333333333,0.0,0.0,0.0,1.0,CONMEBOL/Copa America,group-stage,560512,2021-06-21T21:00:00+00:00,2021-06-21,Uruguay,Chile,1,1,D,17.0,7.0,5.0,1.0,espn
46.0,0.6086956521739131,0.1956521739130435,0.1956521739130435,2.0217391304347827,1.6956521739130435,0.8043478260869565,0.8913043478260869,1.8125,0.78125,1.4285714285714286,0.8571428571428571,1.7,1.4,1.2,1664.358,30.0,0.2,0.43333333333333335,0.36666666666666664,1.0333333333333334,0.9333333333333333,1.1666666666666667,-0.23333333333333334,1.1818181818181819,0.8181818181818182,0.7894736842105263,1.368421052631579,0.6,0.8,1.6,1487.041,16.0,0.9884057971014493,1.1246376811594203,1.1,177.317,3.0,0.3333333333333333,0.6666666666666666,1.6666666666666667,0.0,0.0,1.0,CONMEBOL/Copa America,group-stage,560514,2021-06-22T00:00:00+00:00,2021-06-22,Argentina,Paraguay,1,0,H,9.0,10.0,4.0,2.0,espn
32.0,0.4375,0.25,0.3125,1.5625,1.34375,1.1875,0.15625,1.2857142857142858,1.4285714285714286,1.3888888888888888,1.0,1.9,1.5,1.2,1591.856,2.0,0.0,0.5,0.5,0.5,0.0,1.0,-1.0,0.0,2.0,0.0,0.0,0.1,0.0,1.0,1484.322,30.0,1.0625,1.15625,1.7999999999999998,107.5340000000001,0.0,0.0,0.0,0.0,0.0,0.0,1.0,UEFA/European Championship,group-stage,560314,2021-06-22T19:00:00+00:00,2021-06-22,Croatia,Scotland,3,1,H,11.0,12.0,7.0,4.0,espn
20.0,0.4,0.1,0.5,1.3,1.25,1.4,-0.15,1.0,1.625,1.4166666666666667,1.25,0.8,1.0,1.6,1476.481,37.0,0.3783783783783784,0.2972972972972973,0.32432432432432434,1.4324324324324325,1.2162162162162162,1.054054054054054,0.16216216216216217,1.3125,0.625,1.1428571428571428,1.380952380952381,1.6,1.2,1.0,1547.591,-17.0,-0.1324324324324324,-0.3121621621621622,-0.8,-71.1099999999999,0.0,0.0,0.0,0.0,0.0,0.0,1.0,UEFA/European Championship,group-stage,560313,2021-06-22T19:00:00+00:00,2021-06-22,Czechia,England,0,1,A,7.0,5.0,1.0,2.0,espn
9.0,0.3333333333333333,0.1111111111111111,0.5555555555555556,1.1111111111111112,1.0,1.5555555555555556,-0.5555555555555556,1.0,1.3333333333333333,1.0,1.6666666666666667,1.0,1.0,1.5555555555555556,1485.652,43.0,0.627906976744186,0.16279069767441862,0.20930232558139536,2.046511627906977,1.558139534883721,0.7906976744186046,0.7674418604651163,1.6666666666666667,0.875,1.4210526315789473,0.6842105263157895,1.3,1.3,1.1,1614.588,-34.0,-0.9354005167958657,-1.322997416020672,-0.30000000000000004,-128.93599999999992,0.0,0.0,0.0,0.0,0.0,0.0,1.0,UEFA/European Championship,group-stage,560311,2021-06-23T16:00:00+00:00,2021-06-23,Slovakia,Spain,0,5,A,3.0,17.0,0.0,9.0,espn
27.0,0.2962962962962963,0.3333333333333333,0.37037037037037035,1.2222222222222223,1.1111111111111112,1.0,0.1111111111111111,1.2857142857142858,0.9285714285714286,0.9230769230769231,1.0769230769230769,1.4,0.8,0.7,1523.591,21.0,0.2857142857142857,0.23809523809523808,0.47619047619047616,1.0952380952380953,0.6666666666666666,1.2380952380952381,-0.5714285714285714,0.7,1.3,0.6363636363636364,1.1818181818181819,1.4,0.8,1.0,1473.569,6.0,0.12698412698412698,0.6825396825396826,0.0,50.021999999999935,0.0,0.0,0.0,0.0,0.0,0.0,1.0,UEFA/European Championship,group-stage,560310,2021-06-23T16:00:00+00:00,2021-06-23,Sweden,Poland,3,2,H,12.0,19.0,4.0,6.0,espn
51.0,0.6862745098039216,0.0784313725490196,0.23529411764705882,2.1372549019607843,1.8431372549019607,0.8235294117647058,1.0196078431372548,1.78125,0.875,1.9473684210526316,0.7368421052631579,1.6,1.1,1.0,1696.745,6.0,0.16666666666666666,0.5,0.3333333333333333,1.0,1.1666666666666667,2.0,-0.8333333333333334,1.0,2.75,1.5,0.5,0.6,1.1666666666666667,2.0,1495.483,45.0,1.1372549019607843,1.8529411764705883,1.0,201.26199999999994,0.0,0.0,0.0,0.0,0.0,0.0,1.0,UEFA/European Championship,group-stage,560312,2021-06-23T19:00:00+00:00,2021-06-23,Germany,Hungary,2,2,D,16.0,8.0,6.0,4.0,espn
43.0,0.5116279069767442,0.18604651162790697,0.3023255813953488,1.7209302325581395,1.5813953488372092,1.1162790697674418,0.46511627906976744,1.72,0.88,1.3888888888888888,1.4444444444444444,2.0,1.8,1.1,1627.418,44.0,0.4772727272727273,0.25,0.2727272727272727,1.6818181818181819,1.3409090909090908,0.9318181818181818,0.4090909090909091,1.4782608695652173,0.9565217391304348,1.1904761904761905,0.9047619047619048,2.3,1.6,0.8,1686.309,-1.0,0.039112050739957605,0.05602536997885832,-0.2999999999999998,-58.891000000000076,2.0,0.5,0.0,0.0,0.0,0.0,1.0,UEFA/European Championship,group-stage,560309,2021-06-23T19:00:00+00:00,2021-06-23,Portugal,France,2,2,D,10.0,11.0,5.0,5.0,espn
25.0,0.24,0.24,0.52,0.96,1.08,1.44,-0.36,1.5555555555555556,1.2222222222222223,0.8125,1.5625,1.0,1.3,1.5,1454.47,27.0,0.48148148148148145,0.14814814814814814,0.37037037037037035,1.5925925925925926,1.1481481481481481,1.037037037037037,0.1111111111111111,1.0,1.125,1.2105263157894737,1.0,1.6,1.1,1.5,1571.258,-2.0,-0.6325925925925926,-0.4711111111111111,-0.6000000000000001,-116.78800000000001,1.0,0.0,1.0,0.0,0.0,0.0,1.0,CONMEBOL/Copa America,group-stage,560505,2021-06-23T21:00:00+00:00,2021-06-23,Ecuador,Peru,2,2,D,16.0,7.0,6.0,4.0,espn
46.0,0.6739130434782609,0.17391304347826086,0.15217391304347827,2.1956521739130435,2.0,0.782608695652174,1.2173913043478262,1.8157894736842106,0.7894736842105263,2.875,0.75,2.5,2.3,0.3,1711.626,30.0,0.5666666666666667,0.1,0.3333333333333333,1.8,1.1666666666666667,0.6,0.5666666666666667,1.0526315789473684,0.7894736842105263,1.3636363636363635,0.2727272727272727,1.9,1.1,0.3,1592.967,16.0,0.3956521739130434,0.6507246376811595,0.6000000000000001,118.65899999999988,2.0,0.5,0.0,0.0,0.0,0.0,1.0,CONMEBOL/Copa America,group-stage,560504,2021-06-24T00:00:00+00:00,2021-06-24,Brazil,Colombia,2,1,H,15.0,3.0,4.0,2.0,espn
15.0,0.06666666666666667,0.13333333333333333,0.8,0.3333333333333333,0.6666666666666666,2.3333333333333335,-1.6666666666666667,0.75,2.75,0.6363636363636364,2.1818181818181817,0.0,0.6,2.8,1382.773,38.0,0.4473684210526316,0.23684210526315788,0.3157894736842105,1.5789473684210527,1.2894736842105263,0.9473684210526315,0.34210526315789475,1.4583333333333333,1.0,1.0,0.8571428571428571,1.7,1.4,0.7,1584.226,-23.0,-1.2456140350877194,-2.0087719298245617,-1.7,-201.4530000000002,0.0,0.0,0.0,0.0,0.0,0.0,1.0,CONMEBOL/Copa America,group-stage,560507,2021-06-24T21:00:00+00:00,2021-06-24,Bolivia,Uruguay,0,2,A,4.0,22.0,3.0,7.0,espn
33.0,0.6060606060606061,0.12121212121212122,0.2727272727272727,1.9393939393939394,1.606060606060606,0.9393939393939394,0.6666666666666666,1.7058823529411764,1.0,1.5,0.875,1.7,1.0,0.9,1648.029,31.0,0.1935483870967742,0.41935483870967744,0.3870967741935484,1.0,0.9032258064516129,1.1612903225806452,-0.25806451612903225,1.1818181818181819,0.8181818181818182,0.75,1.35,0.6,0.7,1.1,1479.209,2.0,0.9393939393939394,0.9247311827956989,1.1,168.81999999999994,0.0,0.0,0.0,0.0,0.0,0.0,1.0,CONMEBOL/Copa America,group-stage,560508,2021-06-25T00:00:00+00:00,2021-06-25,Chile,Paraguay,0,2,A,5.0,7.0,1.0,3.0,espn
9.0,0.5555555555555556,0.1111111111111111,0.3333333333333333,1.7777777777777777,1.4444444444444444,0.8888888888888888,0.5555555555555556,1.75,0.75,1.2,1.0,1.6,1.4444444444444444,0.8888888888888888,1533.539,20.0,0.35,0.25,0.4,1.3,1.2,1.2,0.0,1.0,1.3636363636363635,1.4444444444444444,1.0,1.1,1.2,1.1,1501.507,-11.0,0.47777777777777763,0.5555555555555556,0.5,32.031999999999925,0.0,0.0,0.0,0.0,0.0,1.0,1.0,UEFA/European Championship,round-of-16,560307,2021-06-26T16:00:00+00:00,2021-06-26,Wales,Denmark,0,4,A,11.0,16.0,1.0,8.0,espn
38.0,0.5,0.2631578947368421,0.23684210526315788,1.763157894736842,1.263157894736842,0.7894736842105263,0.47368421052631576,1.2857142857142858,0.6190476190476191,1.2352941176470589,1.0,1.8,1.3,0.4,1625.893,9.0,0.2222222222222222,0.2222222222222222,0.5555555555555556,0.8888888888888888,0.6666666666666666,1.1111111111111112,-0.4444444444444444,0.8,1.2,0.5,1.0,0.8,0.6666666666666666,1.1111111111111112,1474.839,29.0,0.8742690058479532,0.9181286549707601,1.0,151.0540000000001,0.0,0.0,0.0,0.0,0.0,1.0,1.0,UEFA/European Championship,round-of-16,560308,2021-06-26T19:00:00+00:00,2021-06-26,Italy,Austria,2,1,H,26.0,16.0,6.0,3.0,espn
33.0,0.6060606060606061,0.09090909090909091,0.30303030303030304,1.9090909090909092,1.7272727272727273,0.9090909090909091,0.8181818181818182,1.6666666666666667,0.8095238095238095,1.8333333333333333,1.0833333333333333,2.4,1.9,0.6,1670.14,21.0,0.38095238095238093,0.09523809523809523,0.5238095238095238,1.2380952380952381,1.1904761904761905,1.380952380952381,-0.19047619047619047,0.8888888888888888,1.5555555555555556,1.4166666666666667,1.25,0.8,0.8,1.4,1464.681,12.0,0.670995670995671,1.0086580086580086,1.5999999999999999,205.45900000000006,1.0,0.0,0.0,-1.0,0.0,1.0,1.0,UEFA/European Championship,round-of-16,560306,2021-06-27T16:00:00+00:00,2021-06-27,Netherlands,Czechia,0,2,A,7.0,13.0,0.0,5.0,espn
23.0,0.6956521739130435,0.08695652173913043,0.21739130434782608,2.1739130434782608,1.7826086956521738,0.8695652173913043,0.9130434782608695,2.4,0.8,1.3076923076923077,0.9230769230769231,2.7,2.3,0.7,1661.458,44.0,0.5,0.20454545454545456,0.29545454545454547,1.7045454545454546,1.5909090909090908,1.1363636363636365,0.45454545454545453,1.7307692307692308,0.9230769230769231,1.3888888888888888,1.4444444444444444,1.8,1.8,1.3,1629.9,-21.0,0.46936758893280617,0.458498023715415,0.9000000000000001,31.557999999999993,0.0,0.0,0.0,0.0,0.0,1.0,1.0,UEFA/European Championship,round-of-16,560305,2021-06-27T19:00:00+00:00,2021-06-27,Belgium,Portugal,1,0,H,6.0,24.0,1.0,5.0,espn
47.0,0.6808510638297872,0.1702127659574468,0.14893617021276595,2.2127659574468086,2.0,0.7872340425531915,1.2127659574468086,1.8205128205128205,0.7948717948717948,2.875,0.75,2.5,2.3,0.4,1721.548,26.0,0.23076923076923078,0.2692307692307692,0.5,0.9615384615384616,1.1153846153846154,1.4615384615384615,-0.34615384615384615,1.6,1.3,0.8125,1.5625,0.8,1.3,1.6,1459.26,21.0,1.251227495908347,1.5589198036006549,1.7,262.288,2.0,0.5,0.5,1.0,0.0,0.0,1.0,CONMEBOL/Copa America,group-stage,560497,2021-06-27T21:00:00+00:00,2021-06-27,Brazil,Ecuador,1,1,D,6.0,8.0,3.0,3.0,espn
20.0,0.3,0.4,0.3,1.3,0.9,1.2,-0.3,0.75,1.0,0.9375,1.25,1.1,0.8,1.3,1525.143,28.0,0.4642857142857143,0.17857142857142858,0.35714285714285715,1.5714285714285714,1.1785714285714286,1.0714285714285714,0.10714285714285714,1.0,1.125,1.25,1.05,1.7,1.3,1.6,1566.468,-8.0,-0.27142857142857135,-0.40714285714285714,-0.5999999999999999,-41.325000000000045,3.0,0.0,0.3333333333333333,-1.3333333333333333,0.0,0.0,1.0,CONMEBOL/Copa America,group-stage,560498,2021-06-27T21:00:00+00:00,2021-06-27,Venezuela,Peru,0,1,A,10.0,12.0,3.0,4.0,espn
33.0,0.45454545454545453,0.24242424242424243,0.30303030303030304,1.606060606060606,1.393939393939394,1.1818181818181819,0.21212121212121213,1.4,1.4,1.3888888888888888,1.0,2.2,1.8,1.2,1603.314,44.0,0.6363636363636364,0.1590909090909091,0.20454545454545456,2.0681818181818183,1.6363636363636365,0.7727272727272727,0.8636363636363636,1.6666666666666667,0.875,1.6,0.65,1.3,1.7,1.1,1627.189,-11.0,-0.4621212121212124,-0.6515151515151515,0.9000000000000001,-23.875,2.0,0.5,0.0,0.0,0.0,1.0,1.0,UEFA/European Championship,round-of-16,560304,2021-06-28T16:00:00+00:00,2021-06-28,Croatia,Spain,3,5,A,12.0,23.0,6.0,10.0,espn
45.0,0.4666666666666667,0.26666666666666666,0.26666666666666666,1.6666666666666667,1.3555555555555556,0.9555555555555556,0.4,1.4782608695652173,0.9565217391304348,1.2272727272727273,0.9545454545454546,2.4,1.8,0.9,1683.827,30.0,0.3,0.26666666666666666,0.43333333333333335,1.1666666666666667,0.9666666666666667,1.0666666666666667,-0.1,1.0666666666666667,1.0666666666666667,0.8666666666666667,1.0666666666666667,0.9,1.1,1.4,1479.634,15.0,0.5,0.5,1.5,204.19299999999998,4.0,0.5,0.5,1.25,0.0,1.0,1.0,UEFA/European Championship,round-of-16,560303,2021-06-28T19:00:00+00:00,2021-06-28,France,Switzerland,3,3,A,26.0,13.0,8.0,5.0,espn
16.0,0.0625,0.125,0.8125,0.3125,0.625,2.3125,-1.6875,0.6,2.6,0.6363636363636364,2.1818181818181817,0.0,0.6,2.5,1374.958,47.0,0.6170212765957447,0.19148936170212766,0.19148936170212766,2.0425531914893615,1.6808510638297873,0.7872340425531915,0.8936170212765957,1.7878787878787878,0.7575757575757576,1.4285714285714286,0.8571428571428571,1.7,1.3,1.1,1672.19,-31.0,-1.7300531914893615,-2.5811170212765955,-1.7,-297.23199999999997,2.0,0.0,0.5,-1.5,0.0,0.0,1.0,CONMEBOL/Copa America,group-stage,560500,2021-06-29T00:00:00+00:00,2021-06-29,Bolivia,Argentina,1,4,A,5.0,18.0,2.0,13.0,espn
39.0,0.46153846153846156,0.23076923076923078,0.3076923076923077,1.6153846153846154,1.3076923076923077,0.9230769230769231,0.38461538461538464,1.4583333333333333,1.0,1.0666666666666667,0.8,1.7,1.5,0.7,1592.041,32.0,0.21875,0.40625,0.375,1.0625,0.9375,1.125,-0.1875,1.1818181818181819,0.8181818181818182,0.8095238095238095,1.2857142857142858,0.9,0.9,0.9,1502.958,7.0,0.5528846153846154,0.5721153846153846,0.7999999999999999,89.08299999999986,2.0,0.5,0.5,1.5,0.0,0.0,1.0,CONMEBOL/Copa America,group-stage,560502,2021-06-29T00:00:00+00:00,2021-06-29,Uruguay,Paraguay,1,0,H,18.0,4.0,6.0,0.0,espn
38.0,0.39473684210526316,0.2894736842105263,0.3157894736842105,1.4736842105263157,1.2105263157894737,1.0263157894736843,0.18421052631578946,1.3125,0.625,1.1363636363636365,1.3181818181818181,1.6,0.7,0.9,1559.391,52.0,0.6730769230769231,0.09615384615384616,0.23076923076923078,2.1153846153846154,1.8461538461538463,0.8461538461538461,1.0,1.7878787878787878,0.9090909090909091,1.9473684210526316,0.7368421052631579,1.6,1.3,1.2,1689.026,-14.0,-0.6417004048582997,-0.8157894736842105,0.0,-129.635,1.0,0.0,0.0,-3.0,0.0,1.0,1.0,UEFA/European Championship,round-of-16,560302,2021-06-29T16:00:00+00:00,2021-06-29,England,Germany,2,0,H,5.0,9.0,4.0,3.0,espn
28.0,0.32142857142857145,0.32142857142857145,0.35714285714285715,1.2857142857142858,1.1785714285714286,1.0357142857142858,0.14285714285714285,1.4,1.0,0.9230769230769231,1.0769230769230769,1.6,1.0,0.8,1536.261,14.0,0.42857142857142855,0.0,0.5714285714285714,1.2857142857142858,0.8571428571428571,1.4285714285714286,-0.5714285714285714,0.75,1.0,1.0,2.0,0.9,0.7,1.6,1474.462,14.0,0.0,0.7142857142857142,0.7000000000000001,61.79899999999998,1.0,0.0,0.0,-1.0,0.0,1.0,1.0,UEFA/European Championship,round-of-16,560301,2021-06-29T19:00:00+00:00,2021-06-29,Sweden,Ukraine,1,2,A,13.0,15.0,3.0,4.0,espn
31.0,0.3225806451612903,0.25806451612903225,0.41935483870967744,1.2258064516129032,1.032258064516129,1.1290322580645162,-0.0967741935483871,1.0666666666666667,1.0666666666666667,1.0,1.1875,1.2,1.3,1.6,1502.228,45.0,0.6444444444444445,0.15555555555555556,0.2,2.088888888888889,1.711111111111111,0.8222222222222222,0.8888888888888888,1.6666666666666667,0.875,1.7619047619047619,0.7619047619047619,1.3,1.9,1.4,1642.434,-14.0,-0.8630824372759858,-0.985663082437276,-0.10000000000000009,-140.2059999999999,1.0,1.0,0.0,1.0,0.0,1.0,1.0,UEFA/European Championship,quarterfinals,560300,2021-07-02T16:00:00+00:00,2021-07-02,Switzerland,Spain,1,1,D,9.0,27.0,2.0,10.0,espn
24.0,0.7083333333333334,0.08333333333333333,0.20833333333333334,2.2083333333333335,1.75,0.8333333333333334,0.9166666666666666,2.272727272727273,0.7272727272727273,1.3076923076923077,0.9230769230769231,2.7,2.1,0.7,1674.903,39.0,0.5128205128205128,0.2564102564102564,0.23076923076923078,1.794871794871795,1.2820512820512822,0.7948717948717948,0.48717948717948717,1.3181818181818181,0.6363636363636364,1.2352941176470589,1.0,2.1,1.5,0.4,1634.626,-15.0,0.41346153846153855,0.42948717948717946,0.6000000000000001,40.277000000000044,1.0,0.0,0.0,-2.0,0.0,1.0,1.0,UEFA/European Championship,quarterfinals,560299,2021-07-02T19:00:00+00:00,2021-07-02,Belgium,Italy,1,2,A,10.0,14.0,3.0,3.0,espn
29.0,0.4827586206896552,0.1724137931034483,0.3448275862068966,1.6206896551724137,1.1724137931034482,1.0344827586206897,0.13793103448275862,1.0,1.125,1.2380952380952381,1.0,1.7,1.2,1.6,1579.502,33.0,0.21212121212121213,0.3939393939393939,0.3939393939393939,1.0303030303030303,0.9090909090909091,1.121212121212121,-0.21212121212121213,1.1818181818181819,0.8181818181818182,0.7727272727272727,1.2727272727272727,0.8,0.9,1.0,1491.884,-4.0,0.5903866248693834,0.3500522466039707,0.8999999999999999,87.61799999999994,1.0,1.0,0.0,2.0,0.0,1.0,1.0,CONMEBOL/Copa America,quarterfinals,603189,2021-07-02T21:00:00+00:00,2021-07-02,Peru,Paraguay,3,3,H,12.0,14.0,6.0,8.0,espn
48.0,0.6666666666666666,0.1875,0.14583333333333334,2.1875,1.9791666666666667,0.7916666666666666,1.1875,1.8,0.8,2.875,0.75,2.6,2.3,0.3,1712.115,34.0,0.5882352941176471,0.11764705882352941,0.29411764705882354,1.8823529411764706,1.5588235294117647,0.9705882352941176,0.5882352941176471,1.6111111111111112,1.0555555555555556,1.5,0.875,1.4,1.0,1.1,1624.28,14.0,0.30514705882352944,0.5992647058823529,1.2000000000000002,87.83500000000004,2.0,1.0,0.0,1.5,0.0,1.0,1.0,CONMEBOL/Copa America,quarterfinals,603188,2021-07-03T00:00:00+00:00,2021-07-03,Brazil,Chile,1,0,H,10.0,11.0,5.0,5.0,espn
22.0,0.4090909090909091,0.09090909090909091,0.5,1.3181818181818181,1.2272727272727273,1.3181818181818181,-0.09090909090909091,0.8888888888888888,1.5555555555555556,1.4615384615384615,1.1538461538461537,1.1,0.9,1.0,1489.738,21.0,0.38095238095238093,0.23809523809523808,0.38095238095238093,1.380952380952381,1.3333333333333333,1.1428571428571428,0.19047619047619047,1.0,1.3636363636363635,1.7,0.9,1.1,1.5,1.1,1522.839,1.0,-0.06277056277056281,-0.2813852813852814,0.0,-33.100999999999885,1.0,1.0,0.0,3.0,0.0,1.0,1.0,UEFA/European Championship,quarterfinals,560298,2021-07-03T16:00:00+00:00,2021-07-03,Czechia,Denmark,1,2,A,17.0,13.0,5.0,7.0,espn
15.0,0.4666666666666667,0.0,0.5333333333333333,1.4,0.9333333333333333,1.4,-0.4666666666666667,0.75,1.0,1.1428571428571428,1.8571428571428572,1.2,0.9,1.4,1491.848,39.0,0.41025641025641024,0.28205128205128205,0.3076923076923077,1.5128205128205128,1.2307692307692308,1.0,0.23076923076923078,1.3529411764705883,0.5882352941176471,1.1363636363636365,1.3181818181818181,1.9,0.9,0.8,1581.598,-24.0,-0.11282051282051286,-0.6974358974358974,-0.7,-89.75,1.0,1.0,0.0,1.0,0.0,1.0,1.0,UEFA/European Championship,quarterfinals,560297,2021-07-03T19:00:00+00:00,2021-07-03,Ukraine,England,0,4,A,7.0,10.0,2.0,6.0,espn
40.0,0.475,0.225,0.3,1.65,1.3,0.9,0.4,1.44,0.96,1.0666666666666667,0.8,1.7,1.3,0.7,1603.115,31.0,0.5483870967741935,0.0967741935483871,0.3548387096774194,1.7419354838709677,1.1612903225806452,0.6451612903225806,0.5161290322580645,1.0526315789473684,0.7894736842105263,1.3333333333333333,0.4166666666666667,1.6,0.9,0.5,1583.045,9.0,-0.09193548387096784,-0.11612903225806448,0.09999999999999987,20.069999999999936,1.0,0.0,0.0,-2.0,0.0,1.0,1.0,CONMEBOL/Copa America,quarterfinals,603187,2021-07-03T22:00:00+00:00,2021-07-03,Uruguay,Colombia,0,0,A,7.0,9.0,3.0,3.0,espn
48.0,0.625,0.1875,0.1875,2.0625,1.7291666666666667,0.7916666666666666,0.9375,1.7878787878787878,0.7575757575757576,1.6,0.8666666666666667,2.0,1.4,0.8,1677.685,27.0,0.2222222222222222,0.2962962962962963,0.48148148148148145,0.9629629629629629,1.1111111111111112,1.4444444444444444,-0.3333333333333333,1.6,1.3,0.8235294117647058,1.5294117647058822,0.8,1.4,1.7,1468.693,21.0,1.0995370370370372,1.2708333333333333,1.2,208.99199999999996,0.0,0.0,0.0,0.0,0.0,1.0,1.0,CONMEBOL/Copa America,quarterfinals,603186,2021-07-04T01:00:00+00:00,2021-07-04,Argentina,Ecuador,3,0,H,21.0,10.0,8.0,2.0,espn
49.0,0.673469387755102,0.1836734693877551,0.14285714285714285,2.204081632653061,1.9591836734693877,0.7755102040816326,1.183673469387755,1.7804878048780488,0.7804878048780488,2.875,0.75,2.6,2.1,0.3,1723.239,30.0,0.5,0.16666666666666666,0.3333333333333333,1.6666666666666667,1.2333333333333334,1.1,0.13333333333333333,1.2222222222222223,1.3333333333333333,1.2380952380952381,1.0,1.9,1.5,1.9,1590.635,19.0,0.5374149659863943,1.0503401360544218,0.7000000000000002,132.60400000000004,5.0,0.8,0.0,2.2,0.0,1.0,1.0,CONMEBOL/Copa America,semifinals,603185,2021-07-05T23:00:00+00:00,2021-07-05,Brazil,Peru,1,0,H,15.0,7.0,8.0,2.0,espn
40.0,0.525,0.25,0.225,1.825,1.3,0.8,0.5,1.3181818181818181,0.6363636363636364,1.2777777777777777,1.0,2.4,1.7,0.4,1651.116,46.0,0.6304347826086957,0.17391304347826086,0.1956521739130435,2.0652173913043477,1.6956521739130435,0.8260869565217391,0.8695652173913043,1.6666666666666667,0.875,1.7272727272727273,0.7727272727272727,1.4,1.9,1.3,1636.772,-6.0,-0.24021739130434772,-0.3695652173913043,1.0,14.344000000000051,4.0,0.25,0.5,-0.5,0.0,1.0,1.0,UEFA/European Championship,semifinals,560296,2021-07-06T19:00:00+00:00,2021-07-06,Italy,Spain,1,1,H,7.0,16.0,4.0,4.0,espn
49.0,0.6326530612244898,0.1836734693877551,0.1836734693877551,2.0816326530612246,1.7551020408163265,0.7755102040816326,0.9795918367346939,1.8235294117647058,0.7352941176470589,1.6,0.8666666666666667,2.3,1.7,0.6,1685.976,32.0,0.5625,0.09375,0.34375,1.78125,1.125,0.625,0.5,1.0526315789473684,0.7894736842105263,1.2307692307692308,0.38461538461538464,1.6,0.8,0.5,1598.682,17.0,0.3003826530612246,0.47959183673469385,0.6999999999999997,87.2940000000001,3.0,0.3333333333333333,0.3333333333333333,-0.6666666666666666,0.0,1.0,1.0,CONMEBOL/Copa America,semifinals,603184,2021-07-07T01:00:00+00:00,2021-07-07,Argentina,Colombia,1,1,H,13.0,14.0,4.0,4.0,espn
40.0,0.425,0.275,0.3,1.55,1.3,0.975,0.325,1.3529411764705883,0.5882352941176471,1.2608695652173914,1.2608695652173914,1.9,1.2,0.7,1596.197,22.0,0.4090909090909091,0.22727272727272727,0.36363636363636365,1.4545454545454546,1.3636363636363635,1.1363636363636365,0.22727272727272727,1.0,1.3636363636363635,1.7272727272727273,0.9090909090909091,1.4,1.5,0.9,1536.219,18.0,0.09545454545454546,0.09772727272727275,0.5,59.97799999999984,0.0,0.0,0.0,0.0,0.0,1.0,1.0,UEFA/European Championship,semifinals,560295,2021-07-07T19:00:00+00:00,2021-07-07,England,Denmark,2,1,H,21.0,6.0,10.0,3.0,espn
33.0,0.5454545454545454,0.09090909090909091,0.36363636363636365,1.7272727272727273,1.121212121212121,0.6363636363636364,0.48484848484848486,1.0526315789473684,0.7894736842105263,1.2142857142857142,0.42857142857142855,1.6,0.8,0.5,1587.536,31.0,0.4838709677419355,0.16129032258064516,0.3548387096774194,1.6129032258064515,1.1935483870967742,1.096774193548387,0.0967741935483871,1.2222222222222223,1.3333333333333333,1.1818181818181819,1.0,1.6,1.2,1.9,1581.235,2.0,0.11436950146627578,0.38807429130009774,0.0,6.301000000000158,4.0,0.25,0.25,-0.75,0.0,0.0,1.0,CONMEBOL/Copa America,3rd-place,603183,2021-07-10T00:00:00+00:00,2021-07-10,Colombia,Peru,3,2,H,12.0,10.0,6.0,3.0,espn
50.0,0.64,0.18,0.18,2.1,1.74,0.78,0.96,1.8,0.7428571428571429,1.6,0.8666666666666667,2.5,1.7,0.6,1697.122,50.0,0.68,0.18,0.14,2.22,1.94,0.76,1.18,1.7619047619047619,0.7619047619047619,2.875,0.75,2.8,2.2,0.3,1732.639,0.0,-0.1200000000000001,-0.21999999999999997,-0.2999999999999998,-35.516999999999825,1.0,0.0,0.0,-2.0,0.0,1.0,1.0,CONMEBOL/Copa America,final,603182,2021-07-11T00:00:00+00:00,2021-07-11,Argentina,Brazil,1,0,H,6.0,13.0,2.0,2.0,espn
56.0,0.5535714285714286,0.17857142857142858,0.26785714285714285,1.8392857142857142,1.7142857142857142,1.0535714285714286,0.6607142857142857,1.7666666666666666,1.0333333333333334,1.6538461538461537,1.0769230769230769,2.4,1.9,1.0,1653.524,14.0,0.21428571428571427,0.35714285714285715,0.42857142857142855,1.0,1.0714285714285714,1.7142857142857142,-0.6428571428571429,1.1666666666666667,0.8333333333333334,1.0,2.375,1.2,1.3,1.8,1463.682,42.0,0.8392857142857142,1.3035714285714286,1.2,189.84199999999987,2.0,0.5,0.5,0.5,0.0,0.0,1.0,CONCACAF/Gold Cup,group-stage,602720,2021-07-11T02:30:00+00:00,2021-07-11,Mexico,Trinidad and Tobago,0,0,D,30.0,4.0,7.0,0.0,espn
41.0,0.5365853658536586,0.24390243902439024,0.21951219512195122,1.853658536585366,1.2926829268292683,0.8048780487804879,0.4878048780487805,1.3043478260869565,0.6521739130434783,1.2777777777777777,1.0,2.4,1.6,0.5,1665.29,41.0,0.43902439024390244,0.2682926829268293,0.2926829268292683,1.5853658536585367,1.3170731707317074,0.975609756097561,0.34146341463414637,1.3888888888888888,0.6111111111111112,1.2608695652173914,1.2608695652173914,1.9,1.2,0.8,1608.454,0.0,0.2682926829268293,0.1463414634146341,0.5,56.83600000000001,2.0,1.0,0.0,0.5,0.0,1.0,1.0,UEFA/European Championship,final,560294,2021-07-11T19:00:00+00:00,2021-07-11,Italy,England,1,1,H,20.0,6.0,6.0,1.0,espn
17.0,0.23529411764705882,0.35294117647058826,0.4117647058823529,1.0588235294117647,1.2941176470588236,1.0588235294117647,0.23529411764705882,1.8571428571428572,0.2857142857142857,0.9,1.6,1.2,2.0,1.2,1470.635,9.0,0.3333333333333333,0.0,0.6666666666666666,1.0,1.2222222222222223,1.8888888888888888,-0.6666666666666666,1.6666666666666667,2.0,1.0,1.8333333333333333,0.9,1.2222222222222223,1.8888888888888888,1459.991,8.0,0.05882352941176472,0.9019607843137254,0.29999999999999993,10.644000000000005,2.0,0.5,0.0,1.5,0.0,0.0,1.0,CONCACAF/Gold Cup,group-stage,602719,2021-07-11T22:30:00+00:00,2021-07-11,Canada,Martinique,4,1,H,14.0,5.0,5.0,2.0,espn
51.0,0.5882352941176471,0.1568627450980392,0.2549019607843137,1.9215686274509804,1.8431372549019607,0.9803921568627451,0.8627450980392157,1.9393939393939394,1.0606060606060606,1.6666666666666667,0.8333333333333334,2.7,2.4,0.3,1665.606,15.0,0.4,0.06666666666666667,0.5333333333333333,1.2666666666666666,0.9333333333333333,1.5333333333333334,-0.6,1.0,1.125,0.8571428571428571,2.0,1.5,1.1,1.8,1488.264,36.0,0.6549019607843138,1.4627450980392158,1.2000000000000002,177.3420000000001,1.0,1.0,0.0,1.0,0.0,0.0,1.0,CONCACAF/Gold Cup,group-stage,602718,2021-07-12T00:30:00+00:00,2021-07-12,United States,Haiti,1,0,H,13.0,10.0,5.0,3.0,espn
18.0,0.2222222222222222,0.3888888888888889,0.3888888888888889,1.0555555555555556,1.0,1.5555555555555556,-0.5555555555555556,1.8333333333333333,0.5,0.5833333333333334,2.0833333333333335,1.0,0.6,1.2,1456.327,7.0,0.14285714285714285,0.2857142857142857,0.5714285714285714,0.7142857142857143,0.8571428571428571,1.1428571428571428,-0.2857142857142857,2.0,0.0,0.4,1.6,0.5,0.8571428571428571,1.1428571428571428,1455.473,11.0,0.3412698412698413,-0.2698412698412699,0.5,0.8540000000000418,0.0,0.0,0.0,0.0,0.0,0.0,1.0,CONCACAF/Gold Cup,group-stage,602721,2021-07-12T02:30:00+00:00,2021-07-12,El Salvador,Guatemala,2,0,H,21.0,4.0,6.0,1.0,espn
27.0,0.4444444444444444,0.18518518518518517,0.37037037037037035,1.5185185185185186,1.037037037037037,1.0,0.037037037037037035,1.3846153846153846,1.0769230769230769,0.7142857142857143,0.9285714285714286,1.6,1.1,1.0,1536.065,0.0,0.0,0.0,0.0,0.0,0.0,0.0,0.0,0.0,0.0,0.0,0.0,0.0,0.0,0.0,1500.0,27.0,1.5185185185185186,0.037037037037037035,1.6,36.065000000000055,0.0,0.0,0.0,0.0,0.0,0.0,1.0,CONCACAF/Gold Cup,group-stage,602717,2021-07-12T22:30:00+00:00,2021-07-12,Jamaica,Suriname,2,0,H,7.0,10.0,6.0,3.0,espn
40.0,0.325,0.25,0.425,1.225,1.2,1.25,-0.05,1.5263157894736843,0.9473684210526315,0.9047619047619048,1.5238095238095237,1.3,1.4,1.1,1489.751,3.0,0.0,0.0,1.0,0.0,0.6666666666666666,1.6666666666666667,-1.0,0.0,1.0,1.0,2.0,0.0,0.6666666666666666,1.6666666666666667,1456.368,37.0,1.225,0.95,1.3,33.38300000000004,0.0,0.0,0.0,0.0,0.0,0.0,1.0,CONCACAF/Gold Cup,group-stage,602716,2021-07-13T01:00:00+00:00,2021-07-13,Costa Rica,Guadeloupe,3,1,H,10.0,8.0,5.0,3.0,espn
3.0,0.0,0.3333333333333333,0.6666666666666666,0.3333333333333333,0.6666666666666666,1.6666666666666667,-1.0,0.0,2.0,1.0,1.5,0.1,0.6666666666666666,1.6666666666666667,1478.59,31.0,0.3548387096774194,0.2903225806451613,0.3548387096774194,1.3548387096774193,1.3548387096774193,1.4516129032258065,-0.0967741935483871,1.7333333333333334,0.9333333333333333,1.0,1.9375,1.2,1.3,1.7,1481.251,-28.0,-1.021505376344086,-0.9032258064516129,-1.0999999999999999,-2.661000000000058,0.0,0.0,0.0,0.0,0.0,0.0,1.0,CONCACAF/Gold Cup,group-stage,602715,2021-07-13T23:00:00+00:00,2021-07-13,Qatar,Panama,3,3,D,15.0,11.0,6.0,6.0,espn
26.0,0.19230769230769232,0.23076923076923078,0.5769230769230769,0.8076923076923077,0.8461538461538461,1.1923076923076923,-0.34615384615384615,0.5714285714285714,1.0,1.1666666666666667,1.4166666666666667,0.6,0.8,1.0,1397.756,3.0,0.0,0.0,1.0,0.0,0.3333333333333333,5.0,-4.666666666666667,1.0,7.0,0.0,4.0,0.0,0.3333333333333333,5.0,1442.165,23.0,0.8076923076923077,4.320512820512821,0.6,-44.40899999999988,1.0,1.0,0.0,6.0,0.0,0.0,1.0,CONCACAF/Gold Cup,group-stage,602714,2021-07-14T03:10:00+00:00,2021-07-14,Honduras,Grenada,4,0,H,11.0,10.0,4.0,3.0,espn
15.0,0.2,0.4,0.4,1.0,1.0,1.6,-0.6,1.1666666666666667,0.8333333333333334,0.8888888888888888,2.111111111111111,1.3,1.3,1.6,1471.042,19.0,0.2631578947368421,0.3684210526315789,0.3684210526315789,1.1578947368421053,1.0526315789473684,1.4736842105263157,-0.42105263157894735,1.8571428571428572,0.42857142857142855,0.5833333333333334,2.0833333333333335,1.2,0.8,1.2,1472.655,-4.0,-0.1578947368421053,-0.17894736842105263,0.10000000000000009,-1.6130000000000564,1.0,0.0,1.0,0.0,0.0,0.0,1.0,CONCACAF/Gold Cup,group-stage,602713,2021-07-14T23:30:00+00:00,2021-07-14,Trinidad and Tobago,El Salvador,0,2,A,9.0,19.0,2.0,8.0,espn
8.0,0.125,0.25,0.625,0.625,0.75,1.25,-0.5,2.0,0.0,0.3333333333333333,1.6666666666666667,0.5,0.75,1.25,1439.145,57.0,0.543859649122807,0.19298245614035087,0.2631578947368421,1.8245614035087718,1.6842105263157894,1.0350877192982457,0.6491228070175439,1.7096774193548387,1.0,1.6538461538461537,1.0769230769230769,2.2,1.8,1.0,1646.164,-49.0,-1.1995614035087718,-1.1491228070175439,-1.7000000000000002,-207.019,2.0,0.0,0.5,-0.5,0.0,0.0,1.0,CONCACAF/Gold Cup,group-stage,602712,2021-07-15T02:30:00+00:00,2021-07-15,Guatemala,Mexico,0,3,A,4.0,17.0,1.0,8.0,espn
16.0,0.375,0.0625,0.5625,1.1875,0.875,1.5,-0.625,1.0,1.125,0.75,1.875,1.2,1.0,1.9,1480.433,18.0,0.2777777777777778,0.3333333333333333,0.3888888888888889,1.1666666666666667,1.4444444444444444,1.0555555555555556,0.3888888888888889,2.125,0.375,0.9,1.6,1.5,2.4,1.2,1488.037,-2.0,0.02083333333333326,-1.0138888888888888,-0.30000000000000004,-7.604000000000042,1.0,1.0,0.0,1.0,0.0,0.0,1.0,CONCACAF/Gold Cup,group-stage,602711,2021-07-15T23:30:00+00:00,2021-07-15,Haiti,Canada,1,4,A,10.0,12.0,4.0,4.0,espn
10.0,0.3,0.0,0.7,0.9,1.2,2.1,-0.9,1.6666666666666667,2.0,1.0,2.142857142857143,0.9,1.2,2.1,1442.589,52.0,0.5961538461538461,0.15384615384615385,0.25,1.9423076923076923,1.8269230769230769,0.9615384615384616,0.8653846153846154,1.911764705882353,1.0294117647058822,1.6666666666666667,0.8333333333333334,2.7,2.2,0.3,1673.437,-42.0,-1.0423076923076922,-1.7653846153846153,-1.8000000000000003,-230.84799999999996,1.0,0.0,0.0,-1.0,0.0,0.0,1.0,CONCACAF/Gold Cup,group-stage,602710,2021-07-16T02:00:00+00:00,2021-07-16,Martinique,United States,1,6,A,13.0,22.0,5.0,12.0,espn
4.0,0.0,0.0,1.0,0.0,0.75,2.0,-1.25,0.0,1.0,1.0,2.3333333333333335,0.0,0.75,2.0,1441.568,28.0,0.4642857142857143,0.17857142857142858,0.35714285714285715,1.5714285714285714,1.0714285714285714,0.9642857142857143,0.10714285714285714,1.4285714285714286,1.0,0.7142857142857143,0.9285714285714286,1.8,1.3,1.0,1550.74,-24.0,-1.5714285714285714,-1.3571428571428572,-1.8,-109.17200000000003,0.0,0.0,0.0,0.0,0.0,0.0,1.0,CONCACAF/Gold Cup,group-stage,602709,2021-07-16T22:30:00+00:00,2021-07-16,Guadeloupe,Jamaica,1,2,A,6.0,17.0,3.0,7.0,espn
1.0,0.0,0.0,1.0,0.0,0.0,2.0,-2.0,0.0,0.0,0.0,2.0,0.0,0.0,2.0,1485.325,41.0,0.34146341463414637,0.24390243902439024,0.4146341463414634,1.2682926829268293,1.2439024390243902,1.2439024390243902,0.0,1.6,0.95,0.9047619047619048,1.5238095238095237,1.3,1.4,1.2,1504.551,-40.0,-1.2682926829268293,-2.0,-1.3,-19.225999999999885,0.0,0.0,0.0,0.0,0.0,0.0,1.0,CONCACAF/Gold Cup,group-stage,602708,2021-07-17T00:30:00+00:00,2021-07-17,Suriname,Costa Rica,1,2,A,15.0,11.0,2.0,3.0,espn
4.0,0.0,0.0,1.0,0.0,0.25,4.75,-4.5,1.0,7.0,0.0,4.0,0.0,0.25,4.75,1420.145,4.0,0.0,0.5,0.5,0.5,1.25,2.0,-0.75,1.5,2.5,1.0,1.5,0.2,1.25,2.0,1478.703,0.0,-0.5,-3.75,-0.2,-58.55799999999999,0.0,0.0,0.0,0.0,0.0,0.0,1.0,CONCACAF/Gold Cup,group-stage,602707,2021-07-17T23:30:00+00:00,2021-07-17,Grenada,Qatar,0,4,A,5.0,21.0,2.0,9.0,espn
32.0,0.34375,0.3125,0.34375,1.34375,1.40625,1.5,-0.09375,1.7333333333333334,0.9333333333333333,1.1176470588235294,2.0,1.0,1.4,1.9,1481.138,27.0,0.2222222222222222,0.2222222222222222,0.5555555555555556,0.8888888888888888,0.9629629629629629,1.1481481481481481,-0.18518518518518517,0.8,0.9333333333333333,1.1666666666666667,1.4166666666666667,0.9,1.1,0.8,1419.776,5.0,0.45486111111111116,0.09143518518518517,0.09999999999999998,61.36199999999985,1.0,0.0,1.0,0.0,0.0,0.0,1.0,CONCACAF/Gold Cup,group-stage,602706,2021-07-18T01:30:00+00:00,2021-07-18,Panama,Honduras,2,3,A,18.0,12.0,6.0,9.0,espn
11.0,0.2727272727272727,0.0,0.7272727272727273,0.8181818181818182,1.1818181818181819,2.4545454545454546,-1.2727272727272727,1.5,3.0,1.0,2.142857142857143,0.6,1.2,2.7,1434.409,17.0,0.35294117647058826,0.058823529411764705,0.5882352941176471,1.1176470588235294,0.8823529411764706,1.6470588235294117,-0.7647058823529411,1.0,1.4444444444444444,0.75,1.875,1.2,1.1,2.2,1462.874,-6.0,-0.2994652406417112,-0.5080213903743316,-0.6,-28.464999999999918,0.0,0.0,0.0,0.0,0.0,0.0,1.0,CONCACAF/Gold Cup,group-stage,602705,2021-07-18T21:00:00+00:00,2021-07-18,Martinique,Haiti,1,2,A,13.0,17.0,5.0,8.0,espn
53.0,0.6037735849056604,0.1509433962264151,0.24528301886792453,1.9622641509433962,1.9056603773584906,0.9622641509433962,0.9433962264150944,1.911764705882353,1.0294117647058822,1.894736842105263,0.8421052631578947,2.7,2.6,0.4,1681.617,19.0,0.3157894736842105,0.3157894736842105,0.3684210526315789,1.263157894736842,1.5789473684210527,1.0526315789473684,0.5263157894736842,2.125,0.375,1.1818181818181819,1.5454545454545454,1.7,2.8,1.3,1505.596,34.0,0.6991062562065542,0.41708043694141017,1.0000000000000002,176.02099999999996,1.0,1.0,0.0,2.0,0.0,0.0,1.0,CONCACAF/Gold Cup,group-stage,602704,2021-07-18T21:00:00+00:00,2021-07-18,United States,Canada,1,0,H,6.0,14.0,1.0,3.0,espn
9.0,0.1111111111111111,0.2222222222222222,0.6666666666666666,0.5555555555555556,0.6666666666666666,1.4444444444444444,-0.7777777777777778,1.3333333333333333,1.0,0.3333333333333333,1.6666666666666667,0.5,0.6666666666666666,1.4444444444444444,1430.781,16.0,0.1875,0.375,0.4375,0.9375,0.9375,1.625,-0.6875,1.0,1.0,0.8888888888888888,2.111111111111111,1.0,1.1,1.8,1454.75,-7.0,-0.3819444444444444,-0.09027777777777779,-0.5,-23.96900000000005,1.0,0.0,0.0,-2.0,0.0,0.0,1.0,CONCACAF/Gold Cup,group-stage,602703,2021-07-19T02:00:00+00:00,2021-07-19,Guatemala,Trinidad and Tobago,1,1,D,16.0,7.0,3.0,4.0,espn
58.0,0.5517241379310345,0.1896551724137931,0.25862068965517243,1.8448275862068966,1.706896551724138,1.0172413793103448,0.6896551724137931,1.7096774193548387,1.0,1.7037037037037037,1.037037037037037,2.2,1.9,0.9,1654.528,20.0,0.3,0.35,0.35,1.25,1.1,1.4,-0.3,1.8571428571428572,0.42857142857142855,0.6923076923076923,1.9230769230769231,1.4,0.9,1.1,1488.947,38.0,0.5948275862068966,0.9896551724137932,0.8000000000000003,165.58100000000013,2.0,1.0,0.0,3.5,0.0,0.0,1.0,CONCACAF/Gold Cup,group-stage,602702,2021-07-19T02:00:00+00:00,2021-07-19,Mexico,El Salvador,1,0,H,16.0,11.0,6.0,2.0,espn
42.0,0.35714285714285715,0.23809523809523808,0.40476190476190477,1.3095238095238095,1.2619047619047619,1.2380952380952381,0.023809523809523808,1.6,0.95,0.9545454545454546,1.5,1.3,1.5,1.3,1518.518,29.0,0.4827586206896552,0.1724137931034483,0.3448275862068966,1.6206896551724137,1.103448275862069,0.9655172413793104,0.13793103448275862,1.4285714285714286,1.0,0.8,0.9333333333333333,2.0,1.4,1.0,1561.026,13.0,-0.31116584564860417,-0.11412151067323481,-0.7,-42.50800000000004,1.0,0.0,1.0,0.0,0.0,0.0,1.0,CONCACAF/Gold Cup,group-stage,602700,2021-07-20T23:00:00+00:00,2021-07-20,Costa Rica,Jamaica,1,0,H,5.0,18.0,1.0,5.0,espn
2.0,0.0,0.0,1.0,0.0,0.5,2.0,-1.5,1.0,2.0,0.0,2.0,0.0,0.5,2.0,1471.358,5.0,0.0,0.0,1.0,0.0,0.8,2.0,-1.2,0.5,1.5,1.0,2.3333333333333335,0.0,0.8,2.0,1431.282,-3.0,0.0,-0.30000000000000004,0.0,40.07600000000002,0.0,0.0,0.0,0.0,0.0,0.0,1.0,CONCACAF/Gold Cup,group-stage,602701,2021-07-20T23:00:00+00:00,2021-07-20,Suriname,Guadeloupe,2,1,H,22.0,13.0,11.0,3.0,espn
28.0,0.25,0.21428571428571427,0.5357142857142857,0.9642857142857143,1.0357142857142858,1.1785714285714286,-0.14285714285714285,0.8,0.9333333333333333,1.3076923076923077,1.4615384615384615,1.1,1.3,0.9,1437.144,5.0,0.2,0.4,0.4,1.0,1.8,1.6,0.2,1.5,2.5,2.0,1.0,0.5,1.8,1.6,1494.977,23.0,-0.0357142857142857,-0.34285714285714286,0.6000000000000001,-57.833000000000084,0.0,0.0,0.0,0.0,0.0,0.0,1.0,CONCACAF/Gold Cup,group-stage,602699,2021-07-21T01:00:00+00:00,2021-07-21,Honduras,Qatar,0,2,A,8.0,19.0,0.0,6.0,espn
33.0,0.3333333333333333,0.30303030303030304,0.36363636363636365,1.303030303030303,1.4242424242424243,1.5454545454545454,-0.12121212121212122,1.75,1.0625,1.1176470588235294,2.0,0.7,1.3,2.2,1463.77,5.0,0.0,0.0,1.0,0.0,0.2,4.6,-4.4,0.5,5.5,0.0,4.0,0.0,0.2,4.6,1403.871,28.0,1.303030303030303,4.278787878787879,0.7,59.89899999999989,0.0,0.0,0.0,0.0,0.0,0.0,1.0,CONCACAF/Gold Cup,group-stage,602698,2021-07-21T03:30:00+00:00,2021-07-21,Panama,Grenada,3,1,H,15.0,6.0,7.0,3.0,espn
6.0,0.3333333333333333,0.3333333333333333,0.3333333333333333,1.3333333333333333,1.8333333333333333,1.3333333333333333,0.5,1.5,2.5,2.0,0.75,0.8,1.8333333333333333,1.3333333333333333,1508.645,21.0,0.2857142857142857,0.3333333333333333,0.38095238095238093,1.1904761904761905,1.0476190476190477,1.380952380952381,-0.3333333333333333,1.8571428571428572,0.42857142857142855,0.6428571428571429,1.8571428571428572,1.4,0.9,1.1,1480.72,-15.0,0.1428571428571428,0.8333333333333333,-0.5999999999999999,27.924999999999955,0.0,0.0,0.0,0.0,0.0,1.0,1.0,CONCACAF/Gold Cup,quarterfinals,602697,2021-07-24T23:30:00+00:00,2021-07-24,Qatar,El Salvador,3,2,H,11.0,15.0,5.0,5.0,espn
59.0,0.559322033898305,0.1864406779661017,0.2542372881355932,1.8644067796610169,1.694915254237288,1.0,0.6949152542372882,1.6875,0.96875,1.7037037037037037,1.037037037037037,2.5,2.0,0.6,1662.755,29.0,0.2413793103448276,0.20689655172413793,0.5517241379310345,0.9310344827586207,1.0,1.206896551724138,-0.20689655172413793,0.75,1.0,1.3076923076923077,1.4615384615384615,1.1,1.3,1.0,1423.476,30.0,0.9333722969023962,0.9018118059614261,1.4,239.279,2.0,1.0,0.0,1.5,0.0,1.0,1.0,CONCACAF/Gold Cup,quarterfinals,602696,2021-07-25T02:00:00+00:00,2021-07-25,Mexico,Honduras,3,0,H,15.0,6.0,6.0,2.0,espn
43.0,0.37209302325581395,0.23255813953488372,0.3953488372093023,1.3488372093023255,1.255813953488372,1.2093023255813953,0.046511627906976744,1.5714285714285714,0.9047619047619048,0.9545454545454546,1.5,1.6,1.6,1.1,1535.102,20.0,0.3,0.3,0.4,1.2,1.5,1.05,0.45,2.125,0.375,1.0833333333333333,1.5,1.4,2.4,1.2,1497.721,23.0,0.14883720930232558,-0.40348837209302324,0.20000000000000018,37.381000000000085,2.0,0.0,1.0,0.0,0.0,1.0,1.0,CONCACAF/Gold Cup,quarterfinals,602695,2021-07-25T23:00:00+00:00,2021-07-25,Costa Rica,Canada,0,2,A,4.0,15.0,0.0,5.0,espn
54.0,0.6111111111111112,0.14814814814814814,0.24074074074074073,1.9814814814814814,1.8888888888888888,0.9444444444444444,0.9444444444444444,1.8857142857142857,1.0,1.894736842105263,0.8421052631578947,2.7,2.5,0.4,1689.492,30.0,0.4666666666666667,0.16666666666666666,0.36666666666666664,1.5666666666666667,1.0666666666666667,0.9666666666666667,0.1,1.4285714285714286,1.0,0.75,0.9375,1.7,1.2,1.0,1544.442,24.0,0.41481481481481475,0.8444444444444444,1.0000000000000002,145.04999999999995,4.0,0.75,0.0,1.0,0.0,1.0,1.0,CONCACAF/Gold Cup,quarterfinals,602694,2021-07-26T01:30:00+00:00,2021-07-26,United States,Jamaica,1,0,H,11.0,9.0,5.0,5.0,espn
7.0,0.42857142857142855,0.2857142857142857,0.2857142857142857,1.5714285714285714,2.0,1.4285714285714286,0.5714285714285714,2.0,2.3333333333333335,2.0,0.75,1.1,2.0,1.4285714285714286,1522.243,55.0,0.6181818181818182,0.14545454545454545,0.23636363636363636,2.0,1.8727272727272728,0.9272727272727272,0.9454545454545454,1.8611111111111112,0.9722222222222222,1.894736842105263,0.8421052631578947,2.7,2.4,0.3,1698.439,-48.0,-0.4285714285714286,-0.37402597402597404,-1.6,-176.19600000000014,0.0,0.0,0.0,0.0,0.0,1.0,1.0,CONCACAF/Gold Cup,semifinals,602693,2021-07-29T23:30:00+00:00,2021-07-29,Qatar,United States,0,1,A,18.0,6.0,2.0,4.0,espn
60.0,0.5666666666666667,0.18333333333333332,0.25,1.8833333333333333,1.7166666666666666,0.9833333333333333,0.7333333333333333,1.7272727272727273,0.9393939393939394,1.7037037037037037,1.037037037037037,2.8,2.3,0.4,1669.987,21.0,0.3333333333333333,0.2857142857142857,0.38095238095238093,1.2857142857142858,1.5238095238095237,1.0,0.5238095238095238,2.125,0.375,1.1538461538461537,1.3846153846153846,1.6,2.5,1.1,1515.843,39.0,0.5976190476190475,0.20952380952380945,1.1999999999999997,154.144,2.0,1.0,0.0,2.0,0.0,1.0,1.0,CONCACAF/Gold Cup,semifinals,602692,2021-07-30T02:00:00+00:00,2021-07-30,Mexico,Canada,2,1,H,14.0,9.0,7.0,3.0,espn
56.0,0.625,0.14285714285714285,0.23214285714285715,2.017857142857143,1.8571428571428572,0.9107142857142857,0.9464285714285714,1.8611111111111112,0.9722222222222222,1.85,0.8,2.7,2.1,0.3,1706.308,61.0,0.5737704918032787,0.18032786885245902,0.2459016393442623,1.901639344262295,1.721311475409836,0.9836065573770492,0.7377049180327869,1.7352941176470589,0.9411764705882353,1.7037037037037037,1.037037037037037,2.8,1.8,0.5,1678.611,-5.0,0.11621779859484782,0.20872365339578447,-0.09999999999999964,27.69699999999989,3.0,0.3333333333333333,0.0,-0.3333333333333333,0.0,1.0,1.0,CONCACAF/Gold Cup,final,602722,2021-08-02T01:00:00+00:00,2021-08-02,United States,Mexico,1,0,H,14.0,22.0,5.0,5.0,espn
42.0,0.5476190476190477,0.23809523809523808,0.21428571428571427,1.880952380952381,1.2857142857142858,0.8095238095238095,0.47619047619047616,1.2916666666666667,0.6666666666666666,1.2777777777777777,1.0,2.4,1.6,0.6,1677.677,47.0,0.6170212765957447,0.1702127659574468,0.2127659574468085,2.021276595744681,1.6808510638297873,0.8297872340425532,0.851063829787234,1.6666666666666667,0.875,1.6956521739130435,0.782608695652174,1.4,2.0,1.2,1622.598,-5.0,-0.14032421479230006,-0.3748733535967579,1.0,55.07899999999995,5.0,0.4,0.4,-0.4,0.0,1.0,1.0,UEFA/Nations League,semifinals,589987,2021-10-06T18:45:00+00:00,2021-10-06,Italy,Spain,1,2,A,8.0,13.0,5.0,4.0,espn
25.0,0.68,0.08,0.24,2.12,1.72,0.88,0.84,2.1666666666666665,0.8333333333333334,1.3076923076923077,0.9230769230769231,2.4,1.7,0.7,1658.413,46.0,0.45652173913043476,0.2608695652173913,0.2826086956521739,1.6304347826086956,1.391304347826087,1.0,0.391304347826087,1.5416666666666667,1.0416666666666667,1.2272727272727273,0.9545454545454546,2.1,1.9,1.1,1661.233,-21.0,0.48956521739130454,0.448695652173913,0.2999999999999998,-2.8199999999999363,1.0,0.0,0.0,-1.0,0.0,1.0,1.0,UEFA/Nations League,semifinals,589986,2021-10-07T18:45:00+00:00,2021-10-07,Belgium,France,2,3,A,11.0,16.0,6.0,6.0,espn
43.0,0.5348837209302325,0.23255813953488372,0.23255813953488372,1.8372093023255813,1.2790697674418605,0.8372093023255814,0.4418604651162791,1.28,0.72,1.2777777777777777,1.0,2.4,1.7,0.7,1660.569,26.0,0.6538461538461539,0.07692307692307693,0.2692307692307692,2.0384615384615383,1.7307692307692308,0.9615384615384616,0.7692307692307693,2.1538461538461537,1.0,1.3076923076923077,0.9230769230769231,2.1,1.8,1.0,1643.749,17.0,-0.201252236135957,-0.3273703041144902,0.2999999999999998,16.819999999999936,2.0,1.0,0.0,1.5,0.0,0.0,1.0,UEFA/Nations League,3rd-place-match,589984,2021-10-10T13:00:00+00:00,2021-10-10,Italy,Belgium,2,1,H,12.0,13.0,5.0,4.0,espn
48.0,0.625,0.16666666666666666,0.20833333333333334,2.0416666666666665,1.6875,0.8333333333333334,0.8541666666666666,1.6666666666666667,0.875,1.7083333333333333,0.7916666666666666,1.6,1.9,1.0,1639.706,47.0,0.46808510638297873,0.2553191489361702,0.2765957446808511,1.6595744680851063,1.425531914893617,1.0212765957446808,0.40425531914893614,1.5416666666666667,1.0416666666666667,1.3043478260869565,1.0,2.1,2.1,1.3,1675.897,1.0,0.3820921985815602,0.4499113475177305,-0.5,-36.19100000000003,2.0,0.5,0.0,0.0,0.0,1.0,1.0,UEFA/Nations League,final,589985,2021-10-10T18:45:00+00:00,2021-10-10,Spain,France,1,2,A,12.0,12.0,4.0,5.0,espn
22.0,0.2727272727272727,0.3181818181818182,0.4090909090909091,1.1363636363636365,0.8181818181818182,1.1818181818181819,-0.36363636363636365,0.8461538461538461,1.3076923076923077,0.7777777777777778,1.0,1.9,1.1,0.6,1489.623,18.0,0.2777777777777778,0.3333333333333333,0.3888888888888889,1.1666666666666667,1.0,0.8888888888888888,0.1111111111111111,1.2,0.7,0.75,1.125,1.2,0.9,0.8,1497.599,4.0,-0.030303030303030276,-0.47474747474747475,0.7,-7.975999999999885,1.0,0.0,1.0,0.0,0.0,0.0,1.0,CAF/Africa Cup of Nations,group-stage,618267,2022-01-09T16:00:00+00:00,2022-01-09,Cameroon,Burkina Faso,2,1,H,14.0,11.0,4.0,6.0,espn
3.0,0.0,0.3333333333333333,0.6666666666666666,0.3333333333333333,0.3333333333333333,2.3333333333333335,-2.0,0.0,2.0,0.5,2.5,0.1,0.3333333333333333,2.3333333333333335,1463.088,7.0,0.14285714285714285,0.7142857142857143,0.14285714285714285,1.1428571428571428,0.5714285714285714,0.7142857142857143,-0.14285714285714285,0.6666666666666666,0.3333333333333333,0.5,1.0,0.8,0.5714285714285714,0.7142857142857143,1498.198,-4.0,-0.8095238095238095,-1.8571428571428572,-0.7000000000000001,-35.11000000000013,0.0,0.0,0.0,0.0,0.0,0.0,1.0,CAF/Africa Cup of Nations,group-stage,618266,2022-01-09T19:00:00+00:00,2022-01-09,Ethiopia,Cape Verde,0,1,A,7.0,11.0,1.0,3.0,espn
25.0,0.44,0.2,0.36,1.52,1.24,0.96,0.28,0.9230769230769231,1.0,1.5833333333333333,0.9166666666666666,1.9,1.2,0.6,1532.397,6.0,0.0,0.3333333333333333,0.6666666666666666,0.3333333333333333,0.8333333333333334,2.3333333333333335,-1.5,1.0,4.0,0.75,1.5,0.2,0.8333333333333334,2.3333333333333335,1434.373,19.0,1.1866666666666668,1.78,1.7,98.02399999999989,1.0,1.0,0.0,2.0,0.0,0.0,1.0,CAF/Africa Cup of Nations,group-stage,618232,2022-01-10T13:00:00+00:00,2022-01-10,Senegal,Zimbabwe,1,0,H,16.0,11.0,3.0,2.0,espn
11.0,0.18181818181818182,0.45454545454545453,0.36363636363636365,1.0,1.2727272727272727,1.3636363636363635,-0.09090909090909091,1.5,1.5,1.2222222222222223,1.3333333333333333,1.1,1.4,1.4,1472.014,0.0,0.0,0.0,0.0,0.0,0.0,0.0,0.0,0.0,0.0,0.0,0.0,0.0,0.0,0.0,1500.0,11.0,1.0,-0.09090909090909091,1.1,-27.986000000000104,0.0,0.0,0.0,0.0,0.0,0.0,1.0,CAF/Africa Cup of Nations,group-stage,618265,2022-01-10T16:00:00+00:00,2022-01-10,Guinea,Malawi,1,0,H,13.0,10.0,4.0,6.0,espn
17.0,0.35294117647058826,0.23529411764705882,0.4117647058823529,1.2941176470588236,1.0,0.9411764705882353,0.058823529411764705,1.2222222222222223,0.8888888888888888,0.75,1.0,1.6,1.0,0.7,1504.384,39.0,0.46153846153846156,0.15384615384615385,0.38461538461538464,1.5384615384615385,1.1794871794871795,0.9230769230769231,0.2564102564102564,1.4,0.8,0.9473684210526315,1.0526315789473684,1.4,0.9,0.8,1517.992,-22.0,-0.24434389140271495,-0.19758672699849167,0.20000000000000018,-13.607999999999947,0.0,0.0,0.0,0.0,0.0,0.0,1.0,CAF/Africa Cup of Nations,group-stage,618264,2022-01-10T16:00:00+00:00,2022-01-10,Morocco,Ghana,1,0,H,12.0,5.0,3.0,2.0,espn
0.0,0.0,0.0,0.0,0.0,0.0,0.0,0.0,0.0,0.0,0.0,0.0,0.0,0.0,0.0,1500.0,10.0,0.4,0.4,0.2,1.6,1.1,0.8,0.3,1.125,1.0,1.0,0.0,1.6,1.1,0.8,1512.248,-10.0,-1.6,-0.3,-1.6,-12.248000000000047,0.0,0.0,0.0,0.0,0.0,0.0,1.0,CAF/Africa Cup of Nations,group-stage,618263,2022-01-10T19:00:00+00:00,2022-01-10,Comoros,Gabon,0,1,A,9.0,4.0,1.0,2.0,espn
24.0,0.4166666666666667,0.20833333333333334,0.375,1.4583333333333333,1.375,1.125,0.25,1.6,1.2,1.2142857142857142,1.0714285714285714,2.3,1.8,0.8,1561.62,0.0,0.0,0.0,0.0,0.0,0.0,0.0,0.0,0.0,0.0,0.0,0.0,0.0,0.0,0.0,1500.0,24.0,1.4583333333333333,0.25,2.3,61.61999999999989,0.0,0.0,0.0,0.0,0.0,0.0,1.0,CAF/Africa Cup of Nations,group-stage,618233,2022-01-11T13:00:00+00:00,2022-01-11,Algeria,Sierra Leone,0,0,D,19.0,10.0,8.0,1.0,espn
24.0,0.4166666666666667,0.20833333333333334,0.375,1.4583333333333333,1.1666666666666667,1.0833333333333333,0.08333333333333333,1.4545454545454546,1.0,0.9230769230769231,1.1538461538461537,1.8,1.2,1.1,1527.882,13.0,0.5384615384615384,0.07692307692307693,0.38461538461538464,1.6923076923076923,0.9230769230769231,0.7692307692307693,0.15384615384615385,0.875,0.5,1.0,1.2,1.5,1.0,1.0,1505.608,11.0,-0.23397435897435903,-0.07051282051282053,0.30000000000000004,22.274000000000115,0.0,0.0,0.0,0.0,0.0,0.0,1.0,CAF/Africa Cup of Nations,group-stage,618262,2022-01-11T16:00:00+00:00,2022-01-11,Nigeria,Egypt,1,0,H,15.0,4.0,5.0,2.0,espn
4.0,0.25,0.25,0.5,1.0,1.0,1.75,-0.75,2.0,1.5,0.0,2.0,0.4,1.0,1.75,1483.941,6.0,0.0,0.3333333333333333,0.6666666666666666,0.3333333333333333,0.3333333333333333,1.5,-1.1666666666666667,0.0,2.0,0.5,1.25,0.2,0.3333333333333333,1.5,1438.618,-2.0,0.6666666666666667,0.41666666666666674,0.2,45.32300000000009,0.0,0.0,0.0,0.0,0.0,0.0,1.0,CAF/Africa Cup of Nations,group-stage,618261,2022-01-11T19:00:00+00:00,2022-01-11,Sudan,Guinea-Bissau,0,0,D,10.0,9.0,4.0,4.0,espn
30.0,0.3,0.26666666666666666,0.43333333333333335,1.1666666666666667,1.1,1.4333333333333333,-0.3333333333333333,0.9,1.3,1.2,1.5,1.2,1.1,1.3,1471.796,22.0,0.3181818181818182,0.4090909090909091,0.2727272727272727,1.3636363636363635,1.0454545454545454,0.9545454545454546,0.09090909090909091,1.2222222222222223,1.0,0.9230769230769231,0.9230769230769231,1.2,1.0,0.8,1512.191,8.0,-0.1969696969696968,-0.4242424242424242,0.0,-40.39499999999998,1.0,0.0,1.0,0.0,0.0,0.0,1.0,CAF/Africa Cup of Nations,group-stage,618234,2022-01-12T13:00:00+00:00,2022-01-12,Tunisia,Mali,0,1,A,8.0,10.0,3.0,1.0,espn
3.0,0.0,0.6666666666666666,0.3333333333333333,0.6666666666666666,0.3333333333333333,1.3333333333333333,-1.0,0.0,0.0,1.0,4.0,0.2,0.3333333333333333,1.3333333333333333,1480.225,0.0,0.0,0.0,0.0,0.0,0.0,0.0,0.0,0.0,0.0,0.0,0.0,0.0,0.0,0.0,1500.0,3.0,0.6666666666666666,-1.0,0.2,-19.77500000000009,0.0,0.0,0.0,0.0,0.0,0.0,1.0,CAF/Africa Cup of Nations,group-stage,618260,2022-01-12T16:45:00+00:00,2022-01-12,Mauritania,Gambia,0,1,A,20.0,8.0,2.0,3.0,espn
10.0,0.4,0.2,0.4,1.4,0.8,1.0,-0.2,0.8,0.6,0.8,1.4,1.4,0.8,1.0,1495.044,32.0,0.53125,0.1875,0.28125,1.78125,1.5,0.90625,0.59375,1.6470588235294117,0.7058823529411765,1.3333333333333333,1.1333333333333333,1.7,1.2,0.7,1562.859,-22.0,-0.3812500000000001,-0.79375,-0.30000000000000004,-67.81499999999983,1.0,0.0,0.0,-3.0,0.0,0.0,1.0,CAF/Africa Cup of Nations,group-stage,618259,2022-01-12T19:00:00+00:00,2022-01-12,Equatorial Guinea,Ivory Coast,0,1,A,12.0,12.0,2.0,2.0,espn
23.0,0.30434782608695654,0.30434782608695654,0.391304347826087,1.2173913043478262,0.8695652173913043,1.173913043478261,-0.30434782608695654,0.9285714285714286,1.2857142857142858,0.7777777777777778,1.0,2.1,1.2,0.6,1504.746,4.0,0.0,0.25,0.75,0.25,0.25,2.0,-1.75,0.0,1.5,0.5,2.5,0.1,0.25,2.0,1449.793,19.0,0.9673913043478262,1.4456521739130435,2.0,54.9530000000002,0.0,0.0,0.0,0.0,0.0,0.0,1.0,CAF/Africa Cup of Nations,group-stage,618258,2022-01-13T16:00:00+00:00,2022-01-13,Cameroon,Ethiopia,4,1,H,17.0,12.0,7.0,5.0,espn
8.0,0.25,0.625,0.125,1.375,0.625,0.625,0.0,0.6666666666666666,0.3333333333333333,0.6,0.8,1.1,0.625,0.625,1511.493,19.0,0.2631578947368421,0.3157894736842105,0.42105263157894735,1.105263157894737,1.0,0.9473684210526315,0.05263157894736842,1.2,0.7,0.7777777777777778,1.2222222222222223,1.2,1.0,0.9,1482.476,-11.0,0.26973684210526305,-0.05263157894736842,-0.09999999999999987,29.016999999999825,0.0,0.0,0.0,0.0,0.0,0.0,1.0,CAF/Africa Cup of Nations,group-stage,618257,2022-01-13T19:00:00+00:00,2022-01-13,Cape Verde,Burkina Faso,0,1,A,7.0,11.0,2.0,4.0,espn
26.0,0.46153846153846156,0.19230769230769232,0.34615384615384615,1.5769230769230769,1.2307692307692308,0.9230769230769231,0.3076923076923077,0.9285714285714286,0.9285714285714286,1.5833333333333333,0.9166666666666666,1.9,1.1,0.5,1543.117,12.0,0.25,0.4166666666666667,0.3333333333333333,1.1666666666666667,1.25,1.25,0.0,1.3333333333333333,1.0,1.2222222222222223,1.3333333333333333,1.1,0.9,1.3,1487.986,14.0,0.41025641025641013,0.3076923076923077,0.7999999999999998,55.13099999999986,0.0,0.0,0.0,0.0,0.0,0.0,1.0,CAF/Africa Cup of Nations,group-stage,618235,2022-01-14T13:00:00+00:00,2022-01-14,Senegal,Guinea,0,0,D,10.0,5.0,2.0,1.0,espn
1.0,0.0,0.0,1.0,0.0,0.0,1.0,-1.0,0.0,0.0,0.0,1.0,0.0,0.0,1.0,1484.028,7.0,0.0,0.2857142857142857,0.7142857142857143,0.2857142857142857,0.7142857142857143,2.142857142857143,-1.4285714285714286,1.0,4.0,0.6,1.4,0.2,0.7142857142857143,2.142857142857143,1423.653,-6.0,-0.2857142857142857,0.4285714285714286,-0.2,60.375,0.0,0.0,0.0,0.0,0.0,0.0,1.0,CAF/Africa Cup of Nations,group-stage,618256,2022-01-14T16:00:00+00:00,2022-01-14,Malawi,Zimbabwe,2,1,H,9.0,12.0,2.0,5.0,espn
18.0,0.3888888888888889,0.2222222222222222,0.3888888888888889,1.3888888888888888,1.0,0.8888888888888888,0.1111111111111111,1.2,0.8,0.75,1.0,1.6,0.8,0.6,1519.747,1.0,0.0,0.0,1.0,0.0,0.0,1.0,-1.0,0.0,1.0,0.0,0.0,0.0,0.0,1.0,1485.737,17.0,1.3888888888888888,1.1111111111111112,1.6,34.00999999999999,0.0,0.0,0.0,0.0,0.0,0.0,1.0,CAF/Africa Cup of Nations,group-stage,618255,2022-01-14T16:00:00+00:00,2022-01-14,Morocco,Comoros,2,0,H,19.0,7.0,9.0,0.0,espn
11.0,0.45454545454545453,0.36363636363636365,0.18181818181818182,1.7272727272727273,1.0909090909090908,0.7272727272727273,0.36363636363636365,1.125,1.0,1.0,0.0,1.6,1.0,0.8,1526.511,40.0,0.45,0.15,0.4,1.5,1.15,0.925,0.225,1.4,0.8,0.9,1.05,1.1,0.8,0.9,1502.629,-29.0,0.2272727272727273,0.13863636363636364,0.5,23.882000000000062,0.0,0.0,0.0,0.0,0.0,0.0,1.0,CAF/Africa Cup of Nations,group-stage,618254,2022-01-14T19:00:00+00:00,2022-01-14,Gabon,Ghana,1,1,D,14.0,6.0,3.0,1.0,espn
25.0,0.44,0.2,0.36,1.52,1.16,1.04,0.12,1.4166666666666667,0.9166666666666666,0.9230769230769231,1.1538461538461537,2.1,1.3,0.9,1541.719,5.0,0.2,0.4,0.4,1.0,0.8,1.4,-0.6,1.3333333333333333,1.0,0.0,2.0,0.5,0.8,1.4,1482.023,20.0,0.52,0.72,1.6,59.69600000000014,0.0,0.0,0.0,0.0,0.0,0.0,1.0,CAF/Africa Cup of Nations,group-stage,618253,2022-01-15T16:00:00+00:00,2022-01-15,Nigeria,Sudan,3,1,H,17.0,5.0,8.0,2.0,espn
7.0,0.0,0.42857142857142855,0.5714285714285714,0.42857142857142855,0.2857142857142857,1.2857142857142858,-1.0,0.0,2.0,0.4,1.0,0.3,0.2857142857142857,1.2857142857142858,1440.536,14.0,0.5,0.07142857142857142,0.42857142857142855,1.5714285714285714,0.8571428571428571,0.7857142857142857,0.07142857142857142,0.875,0.5,0.8333333333333334,1.1666666666666667,1.2,0.9,1.1,1491.771,-7.0,-1.1428571428571428,-1.0714285714285714,-0.8999999999999999,-51.2349999999999,0.0,0.0,0.0,0.0,0.0,0.0,1.0,CAF/Africa Cup of Nations,group-stage,618252,2022-01-15T19:00:00+00:00,2022-01-15,Guinea-Bissau,Egypt,0,1,A,7.0,18.0,3.0,4.0,espn
1.0,1.0,0.0,0.0,3.0,1.0,0.0,1.0,0.0,0.0,1.0,0.0,0.3,1.0,0.0,1513.943,23.0,0.34782608695652173,0.391304347826087,0.2608695652173913,1.434782608695652,1.0434782608695652,0.9130434782608695,0.13043478260869565,1.2222222222222223,1.0,0.9285714285714286,0.8571428571428571,1.4,1.0,0.7,1525.264,-22.0,1.565217391304348,0.8695652173913043,-1.0999999999999999,-11.320999999999913,0.0,0.0,0.0,0.0,0.0,0.0,1.0,CAF/Africa Cup of Nations,group-stage,618236,2022-01-16T13:00:00+00:00,2022-01-16,Gambia,Mali,1,1,D,6.0,19.0,1.0,5.0,espn
33.0,0.5454545454545454,0.18181818181818182,0.2727272727272727,1.8181818181818181,1.4848484848484849,0.8787878787878788,0.6060606060606061,1.6470588235294117,0.7058823529411765,1.3125,1.0625,1.7,1.0,0.6,1574.793,1.0,0.0,1.0,0.0,1.0,0.0,0.0,0.0,0.0,0.0,0.0,0.0,0.1,0.0,0.0,1502.595,32.0,0.8181818181818181,0.6060606060606061,1.5999999999999999,72.19799999999987,0.0,0.0,0.0,0.0,0.0,0.0,1.0,CAF/Africa Cup of Nations,group-stage,618251,2022-01-16T16:00:00+00:00,2022-01-16,Ivory Coast,Sierra Leone,2,2,D,18.0,7.0,8.0,4.0,espn
31.0,0.2903225806451613,0.25806451612903225,0.45161290322580644,1.1290322580645162,1.064516129032258,1.4193548387096775,-0.3548387096774194,0.8181818181818182,1.2727272727272727,1.2,1.5,1.2,1.0,1.2,1458.723,4.0,0.0,0.5,0.5,0.5,0.25,1.25,-1.0,0.0,0.3333333333333333,1.0,4.0,0.2,0.25,1.25,1466.282,27.0,0.6290322580645162,0.6451612903225806,1.0,-7.558999999999969,1.0,0.0,1.0,0.0,0.0,0.0,1.0,CAF/Africa Cup of Nations,group-stage,618250,2022-01-16T16:00:00+00:00,2022-01-16,Tunisia,Mauritania,4,0,H,13.0,11.0,8.0,1.0,espn
25.0,0.4,0.24,0.36,1.44,1.32,1.08,0.24,1.4545454545454546,1.0909090909090908,1.2142857142857142,1.0714285714285714,2.3,1.6,0.6,1559.025,11.0,0.36363636363636365,0.18181818181818182,0.45454545454545453,1.2727272727272727,0.7272727272727273,1.0,-0.2727272727272727,0.6666666666666666,0.6666666666666666,0.8,1.4,1.1,0.7,1.1,1483.11,14.0,0.16727272727272724,0.5127272727272727,1.1999999999999997,75.91500000000019,0.0,0.0,0.0,0.0,0.0,0.0,1.0,CAF/Africa Cup of Nations,group-stage,618249,2022-01-16T19:00:00+00:00,2022-01-16,Algeria,Equatorial Guinea,0,1,A,13.0,8.0,3.0,4.0,espn
20.0,0.3,0.3,0.4,1.2,1.0,0.9,0.1,1.2,0.7,0.8,1.1,1.5,1.1,0.7,1498.492,5.0,0.0,0.2,0.8,0.2,0.4,2.4,-2.0,0.0,1.5,0.6666666666666666,3.0,0.1,0.4,2.4,1434.657,15.0,1.0,2.1,1.4,63.835000000000036,1.0,1.0,0.0,4.0,0.0,0.0,1.0,CAF/Africa Cup of Nations,group-stage,618248,2022-01-17T16:00:00+00:00,2022-01-17,Burkina Faso,Ethiopia,1,1,D,6.0,11.0,2.0,6.0,espn
9.0,0.2222222222222222,0.5555555555555556,0.2222222222222222,1.2222222222222223,0.5555555555555556,0.6666666666666666,-0.1111111111111111,0.5,0.5,0.6,0.8,1.1,0.5555555555555556,0.6666666666666666,1495.477,24.0,0.3333333333333333,0.2916666666666667,0.375,1.2916666666666667,1.0,1.1666666666666667,-0.16666666666666666,1.1333333333333333,1.2666666666666666,0.7777777777777778,1.0,2.1,1.4,0.6,1519.882,-15.0,-0.06944444444444442,0.05555555555555555,-1.0,-24.404999999999973,0.0,0.0,0.0,0.0,0.0,0.0,1.0,CAF/Africa Cup of Nations,group-stage,618247,2022-01-17T16:00:00+00:00,2022-01-17,Cape Verde,Cameroon,1,1,D,4.0,14.0,2.0,3.0,espn
2.0,0.5,0.0,0.5,1.5,1.0,1.0,0.0,2.0,1.0,0.0,1.0,0.3,1.0,1.0,1496.268,27.0,0.4444444444444444,0.2222222222222222,0.3333333333333333,1.5555555555555556,1.1851851851851851,0.8888888888888888,0.2962962962962963,0.8666666666666667,0.8666666666666667,1.5833333333333333,0.9166666666666666,1.9,0.9,0.3,1540.791,-25.0,-0.05555555555555558,-0.2962962962962963,-1.5999999999999999,-44.52299999999991,0.0,0.0,0.0,0.0,0.0,0.0,1.0,CAF/Africa Cup of Nations,group-stage,618246,2022-01-18T16:00:00+00:00,2022-01-18,Malawi,Senegal,0,0,D,10.0,10.0,0.0,3.0,espn
8.0,0.0,0.25,0.75,0.25,0.75,2.125,-1.375,1.0,4.0,0.6666666666666666,1.5,0.2,0.75,2.125,1411.413,13.0,0.23076923076923078,0.46153846153846156,0.3076923076923077,1.1538461538461537,1.1538461538461537,1.1538461538461537,0.0,1.3333333333333333,1.0,1.1,1.2,1.1,0.8,1.2,1490.312,-5.0,-0.9038461538461537,-1.375,-0.9000000000000001,-78.89899999999989,0.0,0.0,0.0,0.0,0.0,0.0,1.0,CAF/Africa Cup of Nations,group-stage,618245,2022-01-18T16:00:00+00:00,2022-01-18,Zimbabwe,Guinea,2,1,H,11.0,16.0,4.0,4.0,espn
12.0,0.4166666666666667,0.4166666666666667,0.16666666666666666,1.6666666666666667,1.0833333333333333,0.75,0.3333333333333333,1.1111111111111112,1.0,1.0,0.0,1.4,0.8,0.7,1525.496,19.0,0.42105263157894735,0.21052631578947367,0.3684210526315789,1.4736842105263157,1.0526315789473684,0.8421052631578947,0.21052631578947367,1.2727272727272727,0.7272727272727273,0.75,1.0,1.6,0.9,0.6,1534.518,-7.0,0.19298245614035103,0.12280701754385964,-0.20000000000000018,-9.021999999999935,1.0,1.0,0.0,1.0,0.0,0.0,1.0,CAF/Africa Cup of Nations,group-stage,618244,2022-01-18T19:00:00+00:00,2022-01-18,Gabon,Morocco,2,2,D,11.0,9.0,3.0,3.0,espn
41.0,0.43902439024390244,0.17073170731707318,0.3902439024390244,1.4878048780487805,1.146341463414634,0.926829268292683,0.21951219512195122,1.4,0.8,0.9047619047619048,1.0476190476190477,0.9,0.8,1.0,1503.644,2.0,0.0,0.0,1.0,0.0,0.0,1.5,-1.5,0.0,1.0,0.0,2.0,0.0,0.0,1.5,1470.966,39.0,1.4878048780487805,1.7195121951219512,0.9,32.67800000000011,0.0,0.0,0.0,0.0,0.0,0.0,1.0,CAF/Africa Cup of Nations,group-stage,618243,2022-01-18T19:00:00+00:00,2022-01-18,Ghana,Comoros,2,3,A,21.0,12.0,8.0,3.0,espn
15.0,0.5333333333333333,0.06666666666666667,0.4,1.6666666666666667,0.8666666666666667,0.7333333333333333,0.13333333333333333,0.875,0.5,0.8571428571428571,1.0,1.2,0.9,1.0,1504.391,6.0,0.16666666666666666,0.3333333333333333,0.5,0.8333333333333334,0.8333333333333334,1.6666666666666667,-0.8333333333333334,1.3333333333333333,1.0,0.3333333333333333,2.3333333333333335,0.5,0.8333333333333334,1.6666666666666667,1468.44,9.0,0.8333333333333334,0.9666666666666667,0.7,35.95100000000002,0.0,0.0,0.0,0.0,0.0,0.0,1.0,CAF/Africa Cup of Nations,group-stage,618242,2022-01-19T19:00:00+00:00,2022-01-19,Egypt,Sudan,1,0,H,12.0,8.0,4.0,1.0,espn
8.0,0.0,0.375,0.625,0.375,0.25,1.25,-1.0,0.0,1.6666666666666667,0.4,1.0,0.3,0.25,1.25,1427.916,26.0,0.46153846153846156,0.19230769230769232,0.34615384615384615,1.5769230769230769,1.2307692307692308,1.0384615384615385,0.19230769230769232,1.5384615384615385,0.9230769230769231,0.9230769230769231,1.1538461538461537,2.1,1.4,1.0,1555.302,-18.0,-1.2019230769230769,-1.1923076923076923,-1.8,-127.38599999999997,0.0,0.0,0.0,0.0,0.0,0.0,1.0,CAF/Africa Cup of Nations,group-stage,618241,2022-01-19T19:00:00+00:00,2022-01-19,Guinea-Bissau,Nigeria,0,2,A,10.0,16.0,2.0,4.0,espn
34.0,0.5294117647058824,0.20588235294117646,0.2647058823529412,1.7941176470588236,1.5,0.9117647058823529,0.5882352941176471,1.6666666666666667,0.7777777777777778,1.3125,1.0625,1.5,1.2,0.8,1571.764,26.0,0.38461538461538464,0.23076923076923078,0.38461538461538464,1.3846153846153846,1.2692307692307692,1.0769230769230769,0.19230769230769232,1.3333333333333333,1.0833333333333333,1.2142857142857142,1.0714285714285714,2.3,1.5,0.5,1541.061,8.0,0.409502262443439,0.3959276018099548,-0.7999999999999998,30.702999999999975,3.0,0.3333333333333333,0.3333333333333333,0.6666666666666666,0.0,0.0,1.0,CAF/Africa Cup of Nations,group-stage,618239,2022-01-20T16:00:00+00:00,2022-01-20,Ivory Coast,Algeria,3,1,H,12.0,14.0,7.0,4.0,espn
2.0,0.0,1.0,0.0,1.0,1.0,1.0,0.0,0.0,0.0,1.0,1.0,0.2,1.0,1.0,1505.624,12.0,0.4166666666666667,0.16666666666666666,0.4166666666666667,1.4166666666666667,0.75,0.9166666666666666,-0.16666666666666666,0.6666666666666666,0.6666666666666666,0.8333333333333334,1.1666666666666667,1.1,0.6,1.0,1501.074,-10.0,-0.41666666666666674,0.16666666666666666,-0.9000000000000001,4.5499999999999545,0.0,0.0,0.0,0.0,0.0,0.0,1.0,CAF/Africa Cup of Nations,group-stage,618240,2022-01-20T16:00:00+00:00,2022-01-20,Sierra Leone,Equatorial Guinea,0,1,A,7.0,17.0,3.0,6.0,espn
2.0,0.5,0.5,0.0,2.0,1.0,0.5,0.5,1.0,1.0,1.0,0.0,0.4,1.0,0.5,1514.425,32.0,0.3125,0.25,0.4375,1.1875,1.15625,1.375,-0.21875,1.0833333333333333,1.1666666666666667,1.2,1.5,1.5,1.2,0.7,1478.684,-30.0,0.8125,0.71875,-1.1,35.740999999999985,0.0,0.0,0.0,0.0,0.0,0.0,1.0,CAF/Africa Cup of Nations,group-stage,618238,2022-01-20T19:00:00+00:00,2022-01-20,Gambia,Tunisia,1,0,H,10.0,19.0,3.0,3.0,espn
24.0,0.3333333333333333,0.4166666666666667,0.25,1.4166666666666667,1.0416666666666667,0.9166666666666666,0.125,1.2222222222222223,1.0,0.9333333333333333,0.8666666666666667,1.4,1.0,0.7,1524.782,5.0,0.0,0.4,0.6,0.4,0.2,1.8,-1.6,0.0,0.3333333333333333,0.5,4.0,0.2,0.2,1.8,1446.321,19.0,1.0166666666666666,1.725,1.2,78.46100000000001,1.0,1.0,0.0,3.0,0.0,0.0,1.0,CAF/Africa Cup of Nations,group-stage,618237,2022-01-20T19:00:00+00:00,2022-01-20,Mali,Mauritania,2,0,H,18.0,7.0,5.0,3.0,espn
21.0,0.2857142857142857,0.3333333333333333,0.38095238095238093,1.1904761904761905,1.0,0.9047619047619048,0.09523809523809523,1.1818181818181819,0.7272727272727273,0.8,1.1,1.5,1.2,0.8,1495.806,13.0,0.38461538461538464,0.46153846153846156,0.15384615384615385,1.6153846153846154,1.1538461538461537,0.8461538461538461,0.3076923076923077,1.2,1.1,1.0,0.0,1.2,0.9,0.9,1525.88,8.0,-0.42490842490842495,-0.21245421245421248,0.30000000000000004,-30.07400000000007,2.0,0.0,0.5,-1.0,0.0,1.0,1.0,CAF/Africa Cup of Nations,round-of-16,629168,2022-01-23T16:00:00+00:00,2022-01-23,Burkina Faso,Gabon,1,1,H,16.0,18.0,7.0,3.0,espn
27.0,0.48148148148148145,0.18518518518518517,0.3333333333333333,1.6296296296296295,1.2592592592592593,1.0,0.25925925925925924,1.5384615384615385,0.9230769230769231,1.0,1.0714285714285714,2.4,1.5,0.8,1565.924,33.0,0.30303030303030304,0.24242424242424243,0.45454545454545453,1.1515151515151516,1.121212121212121,1.3636363636363635,-0.24242424242424243,1.0833333333333333,1.1666666666666667,1.1428571428571428,1.4761904761904763,1.2,1.0,0.7,1465.416,-6.0,0.47811447811447794,0.5016835016835017,1.2,100.50800000000004,1.0,1.0,0.0,1.0,0.0,1.0,1.0,CAF/Africa Cup of Nations,round-of-16,629167,2022-01-23T19:00:00+00:00,2022-01-23,Nigeria,Tunisia,0,1,A,13.0,7.0,1.0,3.0,espn
14.0,0.21428571428571427,0.42857142857142855,0.35714285714285715,1.0714285714285714,1.1428571428571428,1.2142857142857142,-0.07142857142857142,1.3333333333333333,1.0,1.0909090909090908,1.2727272727272727,1.0,0.8,1.3,1472.227,3.0,0.6666666666666666,0.3333333333333333,0.0,2.3333333333333335,1.0,0.3333333333333333,0.6666666666666666,1.0,0.5,1.0,0.0,0.7,1.0,0.3333333333333333,1527.693,11.0,-1.261904761904762,-0.738095238095238,0.30000000000000004,-55.465999999999894,0.0,0.0,0.0,0.0,0.0,1.0,1.0,CAF/Africa Cup of Nations,round-of-16,629166,2022-01-24T16:00:00+00:00,2022-01-24,Guinea,Gambia,0,1,A,19.0,12.0,2.0,3.0,espn
25.0,0.32,0.32,0.36,1.28,1.0,1.16,-0.16,1.1333333333333333,1.2666666666666666,0.8,1.0,2.1,1.5,0.7,1518.845,3.0,0.3333333333333333,0.0,0.6666666666666666,1.0,1.0,1.6666666666666667,-0.6666666666666666,0.0,1.0,1.5,2.0,0.3,1.0,1.6666666666666667,1487.136,22.0,0.28,0.5066666666666666,1.8,31.70900000000006,0.0,0.0,0.0,0.0,0.0,1.0,1.0,CAF/Africa Cup of Nations,round-of-16,629165,2022-01-24T19:00:00+00:00,2022-01-24,Cameroon,Comoros,2,1,H,19.0,13.0,6.0,7.0,espn
28.0,0.42857142857142855,0.25,0.32142857142857145,1.5357142857142858,1.1428571428571428,0.8571428571428571,0.2857142857142857,0.8666666666666667,0.8666666666666667,1.4615384615384615,0.8461538461538461,2.0,0.9,0.2,1538.907,10.0,0.2,0.6,0.2,1.2,0.6,0.7,-0.1,0.6,0.6,0.6,0.8,1.2,0.6,0.7,1496.514,18.0,0.33571428571428585,0.3857142857142857,0.8,42.39300000000003,0.0,0.0,0.0,0.0,0.0,1.0,1.0,CAF/Africa Cup of Nations,round-of-16,629164,2022-01-25T16:00:00+00:00,2022-01-25,Senegal,Cape Verde,2,0,H,16.0,2.0,4.0,1.0,espn
20.0,0.4,0.25,0.35,1.45,1.1,0.9,0.2,1.2727272727272727,0.7272727272727273,0.8888888888888888,1.1111111111111112,1.7,1.1,0.7,1534.134,3.0,0.3333333333333333,0.3333333333333333,0.3333333333333333,1.3333333333333333,0.6666666666666666,0.6666666666666666,0.0,1.0,0.5,0.0,1.0,0.4,0.6666666666666666,0.6666666666666666,1498.152,17.0,0.1166666666666667,0.2,1.2999999999999998,35.98199999999997,0.0,0.0,0.0,0.0,0.0,1.0,1.0,CAF/Africa Cup of Nations,round-of-16,629163,2022-01-25T19:00:00+00:00,2022-01-25,Morocco,Malawi,2,1,H,24.0,4.0,10.0,2.0,espn
35.0,0.5428571428571428,0.2,0.2571428571428571,1.8285714285714285,1.542857142857143,0.9142857142857143,0.6285714285714286,1.736842105263158,0.7894736842105263,1.3125,1.0625,1.7,1.5,0.9,1586.689,16.0,0.5625,0.0625,0.375,1.75,0.875,0.6875,0.1875,0.8888888888888888,0.4444444444444444,0.8571428571428571,1.0,1.5,0.9,0.8,1517.651,19.0,0.07857142857142851,0.44107142857142856,0.19999999999999996,69.03800000000001,0.0,0.0,0.0,0.0,0.0,1.0,1.0,CAF/Africa Cup of Nations,round-of-16,629162,2022-01-26T16:00:00+00:00,2022-01-26,Ivory Coast,Egypt,0,0,A,13.0,21.0,8.0,5.0,espn
25.0,0.36,0.4,0.24,1.48,1.08,0.88,0.2,1.3,0.9,0.9333333333333333,0.8666666666666667,1.6,1.1,0.6,1537.515,13.0,0.46153846153846156,0.15384615384615385,0.38461538461538464,1.5384615384615385,0.7692307692307693,0.8461538461538461,-0.07692307692307693,0.6666666666666666,0.6666666666666666,0.8571428571428571,1.0,1.4,0.7,0.9,1516.052,12.0,-0.058461538461538565,0.27692307692307694,0.20000000000000018,21.463000000000193,0.0,0.0,0.0,0.0,0.0,1.0,1.0,CAF/Africa Cup of Nations,round-of-16,629161,2022-01-26T19:00:00+00:00,2022-01-26,Mali,Equatorial Guinea,0,0,A,14.0,9.0,1.0,1.0,espn
4.0,0.75,0.25,0.0,2.5,1.0,0.25,0.75,1.0,0.5,1.0,0.0,1.0,1.0,0.25,1540.137,26.0,0.34615384615384615,0.3076923076923077,0.34615384615384615,1.3461538461538463,1.0384615384615385,1.1538461538461537,-0.11538461538461539,1.1875,1.25,0.8,1.0,2.1,1.7,0.8,1532.283,-22.0,1.1538461538461537,0.8653846153846154,-1.1,7.854000000000042,0.0,0.0,0.0,0.0,0.0,1.0,1.0,CAF/Africa Cup of Nations,quarterfinals,629160,2022-01-29T16:00:00+00:00,2022-01-29,Gambia,Cameroon,0,2,A,2.0,18.0,1.0,7.0,espn
22.0,0.3181818181818182,0.3181818181818182,0.36363636363636365,1.2727272727272727,1.0,0.9090909090909091,0.09090909090909091,1.1666666666666667,0.75,0.8,1.1,1.8,1.2,0.7,1511.867,34.0,0.3235294117647059,0.23529411764705882,0.4411764705882353,1.2058823529411764,1.1176470588235294,1.3235294117647058,-0.20588235294117646,1.0833333333333333,1.1666666666666667,1.1363636363636365,1.4090909090909092,1.4,1.0,0.6,1484.361,-12.0,0.0668449197860963,0.29679144385026734,0.40000000000000013,27.505999999999858,1.0,1.0,0.0,2.0,0.0,1.0,1.0,CAF/Africa Cup of Nations,quarterfinals,629159,2022-01-29T19:00:00+00:00,2022-01-29,Burkina Faso,Tunisia,1,0,H,10.0,10.0,5.0,3.0,espn
17.0,0.5882352941176471,0.058823529411764705,0.35294117647058826,1.8235294117647058,0.8235294117647058,0.6470588235294118,0.17647058823529413,0.8888888888888888,0.4444444444444444,0.75,0.875,1.8,0.9,0.7,1535.335,21.0,0.42857142857142855,0.23809523809523808,0.3333333333333333,1.5238095238095237,1.1428571428571428,0.9047619047619048,0.23809523809523808,1.3333333333333333,0.75,0.8888888888888888,1.1111111111111112,2.0,1.3,0.7,1547.392,-4.0,0.2997198879551821,-0.06162464985994395,-0.19999999999999996,-12.057000000000016,1.0,1.0,0.0,1.0,0.0,1.0,1.0,CAF/Africa Cup of Nations,quarterfinals,629158,2022-01-30T15:00:00+00:00,2022-01-30,Egypt,Morocco,2,1,H,14.0,16.0,5.0,4.0,espn
29.0,0.4482758620689655,0.2413793103448276,0.3103448275862069,1.5862068965517242,1.1724137931034482,0.8275862068965517,0.3448275862068966,0.9375,0.8125,1.4615384615384615,0.8461538461538461,2.0,0.9,0.2,1553.288,14.0,0.5,0.14285714285714285,0.35714285714285715,1.6428571428571428,0.7142857142857143,0.7857142857142857,-0.07142857142857142,0.6666666666666666,0.6666666666666666,0.75,0.875,1.7,0.7,0.6,1531.748,15.0,-0.056650246305418595,0.41625615763546797,0.30000000000000004,21.539999999999964,1.0,0.0,0.0,-1.0,0.0,1.0,1.0,CAF/Africa Cup of Nations,quarterfinals,629157,2022-01-30T19:00:00+00:00,2022-01-30,Senegal,Equatorial Guinea,3,1,H,11.0,7.0,5.0,2.0,espn
23.0,0.34782608695652173,0.30434782608695654,0.34782608695652173,1.3478260869565217,1.0,0.8695652173913043,0.13043478260869565,1.1538461538461537,0.6923076923076923,0.8,1.1,2.0,1.2,0.6,1525.483,30.0,0.4666666666666667,0.23333333333333334,0.3,1.6333333333333333,1.2333333333333334,0.8333333333333334,0.4,1.0588235294117647,0.8235294117647058,1.4615384615384615,0.8461538461538461,2.3,1.2,0.2,1568.643,-7.0,-0.2855072463768116,-0.26956521739130435,-0.2999999999999998,-43.16000000000008,0.0,0.0,0.0,0.0,0.0,1.0,1.0,CAF/Africa Cup of Nations,semifinals,629156,2022-02-02T19:00:00+00:00,2022-02-02,Burkina Faso,Senegal,1,3,A,10.0,18.0,3.0,7.0,espn
27.0,0.37037037037037035,0.2962962962962963,0.3333333333333333,1.4074074074074074,1.0740740740740742,1.1111111111111112,-0.037037037037037035,1.1875,1.25,0.9090909090909091,0.9090909090909091,2.1,1.7,0.8,1549.021,18.0,0.6111111111111112,0.05555555555555555,0.3333333333333333,1.8888888888888888,0.8888888888888888,0.6666666666666666,0.2222222222222222,1.0,0.5,0.75,0.875,2.1,1.0,0.5,1550.632,9.0,-0.4814814814814814,-0.25925925925925924,0.0,-1.6110000000001037,1.0,1.0,0.0,1.0,0.0,1.0,1.0,CAF/Africa Cup of Nations,semifinals,629155,2022-02-03T19:00:00+00:00,2022-02-03,Cameroon,Egypt,0,0,A,9.0,7.0,3.0,1.0,espn
24.0,0.3333333333333333,0.2916666666666667,0.375,1.2916666666666667,1.0,0.9583333333333334,0.041666666666666664,1.1428571428571428,0.8571428571428571,0.8,1.1,1.9,1.2,0.8,1511.138,28.0,0.35714285714285715,0.2857142857142857,0.35714285714285715,1.3571428571428572,1.0357142857142858,1.0714285714285714,-0.03571428571428571,1.1176470588235294,1.1764705882352942,0.9090909090909091,0.9090909090909091,1.8,1.5,0.7,1534.306,-4.0,-0.06547619047619047,0.07738095238095238,0.09999999999999987,-23.16800000000012,2.0,0.0,0.5,-0.5,0.0,0.0,1.0,CAF/Africa Cup of Nations,3rd-place-match,629154,2022-02-05T19:00:00+00:00,2022-02-05,Burkina Faso,Cameroon,3,3,A,9.0,17.0,3.0,6.0,espn
31.0,0.4838709677419355,0.22580645161290322,0.2903225806451613,1.6774193548387097,1.2903225806451613,0.8387096774193549,0.45161290322580644,1.0588235294117647,0.8235294117647058,1.5714285714285714,0.8571428571428571,2.3,1.2,0.3,1582.988,19.0,0.631578947368421,0.05263157894736842,0.3157894736842105,1.9473684210526316,0.8421052631578947,0.631578947368421,0.21052631578947367,1.0,0.5,0.6666666666666666,0.7777777777777778,2.4,0.9,0.3,1565.347,12.0,-0.2699490662139219,0.24108658743633277,-0.10000000000000009,17.641000000000076,0.0,0.0,0.0,0.0,0.0,1.0,1.0,CAF/Africa Cup of Nations,final,629153,2022-02-06T19:00:00+00:00,2022-02-06,Senegal,Egypt,0,0,H,13.0,7.0,8.0,3.0,espn
8.0,0.375,0.25,0.375,1.375,1.75,1.375,0.375,1.5,2.0,2.0,0.75,1.1,1.75,1.375,1514.374,28.0,0.21428571428571427,0.2857142857142857,0.5,0.9285714285714286,1.0714285714285714,1.5,-0.42857142857142855,1.6,1.3,0.7777777777777778,1.6111111111111112,0.7,1.2,1.8,1460.402,-20.0,0.4464285714285714,0.8035714285714286,0.40000000000000013,53.97199999999998,0.0,0.0,0.0,0.0,1.0,0.0,1.0,FIFA/World Cup,group-stage,633790,2022-11-20T16:00:00+00:00,2022-11-20,Qatar,Ecuador,0,2,A,5.0,6.0,0.0,3.0,espn
42.0,0.42857142857142855,0.2619047619047619,0.30952380952380953,1.5476190476190477,1.3095238095238095,0.9761904761904762,0.3333333333333333,1.3888888888888888,0.6111111111111112,1.25,1.25,1.9,1.2,0.7,1596.067,7.0,0.14285714285714285,0.42857142857142855,0.42857142857142855,0.8571428571428571,0.5714285714285714,1.1428571428571428,-0.5714285714285714,0.5,0.75,0.6666666666666666,1.6666666666666667,0.6,0.5714285714285714,1.1428571428571428,1482.025,35.0,0.6904761904761906,0.9047619047619047,1.2999999999999998,114.04199999999992,0.0,0.0,0.0,0.0,1.0,0.0,1.0,FIFA/World Cup,group-stage,633789,2022-11-21T13:00:00+00:00,2022-11-21,England,Iran,6,2,H,13.0,8.0,7.0,3.0,espn
32.0,0.5,0.21875,0.28125,1.71875,1.25,0.8125,0.4375,1.0,0.7777777777777778,1.5714285714285714,0.8571428571428571,2.3,1.1,0.3,1597.022,34.0,0.5882352941176471,0.08823529411764706,0.3235294117647059,1.8529411764705883,1.6764705882352942,0.9411764705882353,0.7352941176470589,1.5909090909090908,0.8636363636363636,1.8333333333333333,1.0833333333333333,2.1,1.6,0.6,1645.083,-2.0,-0.1341911764705883,-0.2977941176470589,0.19999999999999973,-48.06100000000015,0.0,0.0,0.0,0.0,1.0,0.0,1.0,FIFA/World Cup,group-stage,633788,2022-11-21T16:00:00+00:00,2022-11-21,Senegal,Netherlands,0,2,A,15.0,10.0,4.0,3.0,espn
57.0,0.631578947368421,0.14035087719298245,0.22807017543859648,2.0350877192982457,1.8421052631578947,0.8947368421052632,0.9473684210526315,1.837837837837838,0.9459459459459459,1.85,0.8,2.7,1.6,0.3,1719.916,10.0,0.5,0.1,0.4,1.6,1.3,1.2,0.1,1.4,1.4,1.2,1.0,1.6,1.3,1.2,1512.207,47.0,0.43508771929824563,0.8473684210526315,1.1,207.70899999999983,0.0,0.0,0.0,0.0,1.0,0.0,1.0,FIFA/World Cup,group-stage,633787,2022-11-21T19:00:00+00:00,2022-11-21,United States,Wales,1,1,D,6.0,7.0,1.0,3.0,espn
51.0,0.6470588235294118,0.17647058823529413,0.17647058823529413,2.1176470588235294,1.7254901960784315,0.7647058823529411,0.9607843137254902,1.7777777777777777,0.7222222222222222,1.6,0.8666666666666667,2.5,1.6,0.6,1713.412,9.0,0.1111111111111111,0.1111111111111111,0.7777777777777778,0.4444444444444444,0.4444444444444444,2.888888888888889,-2.4444444444444446,0.5,2.25,0.4,3.4,0.4,0.4444444444444444,2.888888888888889,1404.019,42.0,1.673202614379085,3.405228758169935,2.1,309.39300000000003,0.0,0.0,0.0,0.0,1.0,0.0,1.0,FIFA/World Cup,group-stage,633794,2022-11-22T10:00:00+00:00,2022-11-22,Argentina,Saudi Arabia,1,2,A,15.0,3.0,6.0,2.0,espn
23.0,0.391304347826087,0.21739130434782608,0.391304347826087,1.391304347826087,1.3478260869565217,1.173913043478261,0.17391304347826086,1.0,1.3636363636363635,1.6666666666666667,1.0,1.4,1.5,0.9,1523.962,35.0,0.3142857142857143,0.22857142857142856,0.45714285714285713,1.1714285714285715,1.0857142857142856,1.3142857142857143,-0.22857142857142856,1.0833333333333333,1.1666666666666667,1.0869565217391304,1.391304347826087,1.3,0.9,0.6,1470.745,-12.0,0.21987577639751543,0.4024844720496894,0.09999999999999987,53.2170000000001,0.0,0.0,0.0,0.0,1.0,0.0,1.0,FIFA/World Cup,group-stage,633791,2022-11-22T13:00:00+00:00,2022-11-22,Denmark,Tunisia,0,0,D,11.0,13.0,5.0,1.0,espn
62.0,0.5645161290322581,0.1774193548387097,0.25806451612903225,1.8709677419354838,1.6935483870967742,0.9838709677419355,0.7096774193548387,1.7352941176470589,0.9411764705882353,1.6428571428571428,1.0357142857142858,2.5,1.5,0.5,1665.003,22.0,0.2727272727272727,0.22727272727272727,0.5,1.0454545454545454,0.7272727272727273,1.3181818181818181,-0.5909090909090909,0.7,1.3,0.75,1.3333333333333333,1.1,0.9,1.3,1460.899,40.0,0.8255131964809383,1.3005865102639298,1.4,204.10400000000004,0.0,0.0,0.0,0.0,1.0,0.0,1.0,FIFA/World Cup,group-stage,633793,2022-11-22T16:00:00+00:00,2022-11-22,Mexico,Poland,0,0,D,11.0,6.0,4.0,2.0,espn
48.0,0.4791666666666667,0.25,0.2708333333333333,1.6875,1.4375,1.0208333333333333,0.4166666666666667,1.5416666666666667,1.0416666666666667,1.3333333333333333,1.0,2.3,2.3,1.4,1689.147,13.0,0.15384615384615385,0.23076923076923078,0.6153846153846154,0.6923076923076923,1.0,2.0,-1.0,1.4,2.0,0.75,2.0,0.5,0.8,2.1,1431.76,35.0,0.9951923076923077,1.4166666666666667,1.7999999999999998,257.38699999999994,1.0,1.0,0.0,1.0,1.0,0.0,1.0,FIFA/World Cup,group-stage,633792,2022-11-22T19:00:00+00:00,2022-11-22,France,Australia,4,1,H,23.0,4.0,7.0,1.0,espn
22.0,0.4090909090909091,0.22727272727272727,0.36363636363636365,1.4545454545454546,1.1363636363636365,0.9545454545454546,0.18181818181818182,1.3333333333333333,0.75,0.9,1.2,2.0,1.4,0.8,1532.095,34.0,0.4411764705882353,0.23529411764705882,0.3235294117647059,1.5588235294117647,1.4411764705882353,1.2941176470588236,0.14705882352941177,1.5,1.625,1.3888888888888888,1.0,1.9,1.9,1.7,1588.069,-12.0,-0.10427807486631013,0.034759358288770054,0.10000000000000009,-55.97399999999993,0.0,0.0,0.0,0.0,1.0,0.0,1.0,FIFA/World Cup,group-stage,633795,2022-11-23T10:00:00+00:00,2022-11-23,Morocco,Croatia,0,0,D,8.0,5.0,2.0,2.0,espn
53.0,0.660377358490566,0.09433962264150944,0.24528301886792453,2.0754716981132075,1.8113207547169812,0.8679245283018868,0.9433962264150944,1.7878787878787878,0.9090909090909091,1.85,0.8,1.3,1.2,1.4,1666.819,20.0,0.25,0.3,0.45,1.05,1.0,1.6,-0.6,0.7272727272727273,1.6363636363636365,1.3333333333333333,1.5555555555555556,0.7,1.1,2.0,1466.415,33.0,1.0254716981132075,1.5433962264150942,0.6000000000000001,200.404,0.0,0.0,0.0,0.0,1.0,0.0,1.0,FIFA/World Cup,group-stage,633797,2022-11-23T13:00:00+00:00,2022-11-23,Germany,Japan,1,2,A,26.0,12.0,9.0,4.0,espn
49.0,0.6122448979591837,0.16326530612244897,0.22448979591836735,2.0,1.6734693877551021,0.8571428571428571,0.8163265306122449,1.64,0.92,1.7083333333333333,0.7916666666666666,1.3,1.9,1.2,1626.456,44.0,0.36363636363636365,0.22727272727272727,0.4090909090909091,1.3181818181818181,1.2272727272727273,1.2272727272727273,0.0,1.5,0.9545454545454546,0.9545454545454546,1.5,1.6,1.6,1.2,1516.98,5.0,0.6818181818181819,0.8163265306122449,-0.30000000000000004,109.47599999999989,0.0,0.0,0.0,0.0,1.0,0.0,1.0,FIFA/World Cup,group-stage,633798,2022-11-23T16:00:00+00:00,2022-11-23,Spain,Costa Rica,7,0,H,17.0,0.0,8.0,0.0,espn
27.0,0.6296296296296297,0.07407407407407407,0.2962962962962963,1.962962962962963,1.7037037037037037,1.0,0.7037037037037037,2.1538461538461537,1.0,1.2857142857142858,1.0,1.8,1.6,1.0,1629.68,22.0,0.3181818181818182,0.2727272727272727,0.4090909090909091,1.2272727272727273,1.5,1.0454545454545454,0.45454545454545453,2.125,0.375,1.1428571428571428,1.4285714285714286,1.5,2.6,1.3,1507.219,5.0,0.7356902356902357,0.2491582491582492,0.30000000000000004,122.46100000000001,0.0,0.0,0.0,0.0,1.0,0.0,1.0,FIFA/World Cup,group-stage,633796,2022-11-23T19:00:00+00:00,2022-11-23,Belgium,Canada,1,0,H,9.0,22.0,3.0,3.0,espn
32.0,0.3125,0.28125,0.40625,1.21875,1.03125,1.125,-0.09375,1.0625,1.0625,1.0,1.1875,1.2,1.3,1.6,1507.89,29.0,0.3793103448275862,0.27586206896551724,0.3448275862068966,1.4137931034482758,1.103448275862069,1.1379310344827587,-0.034482758620689655,1.1176470588235294,1.1764705882352942,1.0833333333333333,1.0833333333333333,1.8,1.6,1.0,1548.106,3.0,-0.1950431034482758,-0.059267241379310345,-0.6000000000000001,-40.215999999999894,0.0,0.0,0.0,0.0,1.0,0.0,1.0,FIFA/World Cup,group-stage,633801,2022-11-24T10:00:00+00:00,2022-11-24,Switzerland,Cameroon,1,0,H,7.0,8.0,3.0,5.0,espn
41.0,0.4634146341463415,0.21951219512195122,0.3170731707317073,1.6097560975609757,1.2682926829268293,0.8780487804878049,0.3902439024390244,1.3846153846153846,0.9230769230769231,1.0666666666666667,0.8,1.4,1.1,0.6,1587.478,18.0,0.3333333333333333,0.2222222222222222,0.4444444444444444,1.2222222222222223,1.1111111111111112,1.3333333333333333,-0.2222222222222222,1.2727272727272727,1.0,0.8571428571428571,1.8571428571428572,0.8,1.2,1.7,1469.432,23.0,0.3875338753387534,0.6124661246612466,0.5999999999999999,118.04600000000005,1.0,1.0,0.0,1.0,1.0,0.0,1.0,FIFA/World Cup,group-stage,633799,2022-11-24T13:00:00+00:00,2022-11-24,Uruguay,South Korea,0,0,D,10.0,7.0,1.0,0.0,espn
45.0,0.4888888888888889,0.2,0.3111111111111111,1.6666666666666667,1.5555555555555556,1.1333333333333333,0.4222222222222222,1.7307692307692308,0.9230769230769231,1.3157894736842106,1.4210526315789473,1.5,1.7,1.4,1616.455,42.0,0.42857142857142855,0.16666666666666666,0.40476190476190477,1.4523809523809523,1.1666666666666667,0.9761904761904762,0.19047619047619047,1.4285714285714286,0.9047619047619048,0.9047619047619048,1.0476190476190477,0.9,1.0,1.2,1487.474,3.0,0.2142857142857144,0.23174603174603176,0.6,128.981,1.0,1.0,0.0,1.0,1.0,0.0,1.0,FIFA/World Cup,group-stage,633800,2022-11-24T16:00:00+00:00,2022-11-24,Portugal,Ghana,3,2,H,11.0,9.0,5.0,3.0,espn
51.0,0.6666666666666666,0.17647058823529413,0.1568627450980392,2.176470588235294,1.9019607843137254,0.7647058823529411,1.1372549019607843,1.7619047619047619,0.7619047619047619,2.5555555555555554,0.7777777777777778,2.5,1.7,0.4,1716.349,6.0,0.3333333333333333,0.0,0.6666666666666666,1.0,0.6666666666666666,1.1666666666666667,-0.5,0.3333333333333333,1.6666666666666667,1.0,0.6666666666666666,0.6,0.6666666666666666,1.1666666666666667,1476.693,45.0,1.176470588235294,1.6372549019607843,1.9,239.65599999999995,1.0,1.0,0.0,2.0,1.0,0.0,1.0,FIFA/World Cup,group-stage,633802,2022-11-24T19:00:00+00:00,2022-11-24,Brazil,Serbia,2,0,H,23.0,5.0,9.0,0.0,espn
11.0,0.45454545454545453,0.18181818181818182,0.36363636363636365,1.5454545454545454,1.2727272727272727,1.1818181818181819,0.09090909090909091,1.4,1.4,1.1666666666666667,1.0,1.4,1.2,1.2,1521.773,8.0,0.125,0.375,0.5,0.75,0.75,1.75,-1.0,0.5,0.75,1.0,2.75,0.6,0.75,1.75,1465.901,3.0,0.7954545454545454,1.0909090909090908,0.7999999999999999,55.871999999999844,0.0,0.0,0.0,0.0,1.0,0.0,1.0,FIFA/World Cup,group-stage,633806,2022-11-25T10:00:00+00:00,2022-11-25,Wales,Iran,0,2,A,10.0,21.0,3.0,6.0,espn
9.0,0.3333333333333333,0.2222222222222222,0.4444444444444444,1.2222222222222223,1.5555555555555556,1.4444444444444444,0.1111111111111111,1.2,2.0,2.0,0.75,1.1,1.5555555555555556,1.4444444444444444,1491.548,33.0,0.48484848484848486,0.21212121212121213,0.30303030303030304,1.6666666666666667,1.2121212121212122,0.8484848484848485,0.36363636363636365,0.9473684210526315,0.8421052631578947,1.5714285714285714,0.8571428571428571,2.0,1.0,0.5,1579.963,-24.0,-0.4444444444444444,-0.25252525252525254,-0.8999999999999999,-88.41499999999996,0.0,0.0,0.0,0.0,1.0,0.0,1.0,FIFA/World Cup,group-stage,633803,2022-11-25T13:00:00+00:00,2022-11-25,Qatar,Senegal,1,3,A,10.0,13.0,3.0,5.0,espn
35.0,0.6,0.08571428571428572,0.3142857142857143,1.8857142857142857,1.6857142857142857,0.9142857142857143,0.7714285714285715,1.5909090909090908,0.8636363636363636,1.8461538461538463,1.0,2.1,1.6,0.6,1662.142,29.0,0.2413793103448276,0.27586206896551724,0.4827586206896552,1.0,1.103448275862069,1.4482758620689655,-0.3448275862068966,1.6,1.3,0.8421052631578947,1.5263157894736843,0.7,1.0,1.8,1483.228,6.0,0.8857142857142857,1.1162561576354681,1.4000000000000001,178.914,0.0,0.0,0.0,0.0,1.0,0.0,1.0,FIFA/World Cup,group-stage,633805,2022-11-25T16:00:00+00:00,2022-11-25,Netherlands,Ecuador,1,1,D,2.0,15.0,1.0,4.0,espn
43.0,0.4418604651162791,0.2558139534883721,0.3023255813953488,1.5813953488372092,1.4186046511627908,1.0,0.4186046511627907,1.631578947368421,0.6842105263157895,1.25,1.25,2.2,1.8,0.7,1612.191,58.0,0.6206896551724138,0.15517241379310345,0.22413793103448276,2.0172413793103448,1.8275862068965518,0.896551724137931,0.9310344827586207,1.8157894736842106,0.9473684210526315,1.85,0.8,2.5,1.6,0.4,1710.35,-15.0,-0.4358460304731355,-0.51242983159583,-0.2999999999999998,-98.15899999999988,1.0,0.0,1.0,0.0,1.0,0.0,1.0,FIFA/World Cup,group-stage,633804,2022-11-25T19:00:00+00:00,2022-11-25,England,United States,0,0,D,8.0,10.0,3.0,1.0,espn
36.0,0.3055555555555556,0.25,0.4444444444444444,1.1666666666666667,1.0555555555555556,1.2777777777777777,-0.2222222222222222,1.0833333333333333,1.1666666666666667,1.0416666666666667,1.3333333333333333,1.3,0.9,0.6,1473.46,14.0,0.14285714285714285,0.21428571428571427,0.6428571428571429,0.6428571428571429,1.0,2.142857142857143,-1.1428571428571428,1.4,2.0,0.7777777777777778,2.2222222222222223,0.5,0.9,2.4,1423.726,22.0,0.5238095238095238,0.9206349206349206,0.8,49.733999999999924,0.0,0.0,0.0,0.0,1.0,0.0,1.0,FIFA/World Cup,group-stage,633808,2022-11-26T10:00:00+00:00,2022-11-26,Tunisia,Australia,0,1,A,14.0,9.0,4.0,2.0,espn
23.0,0.2608695652173913,0.2608695652173913,0.4782608695652174,1.0434782608695652,0.6956521739130435,1.2608695652173914,-0.5652173913043478,0.7,1.3,0.6923076923076923,1.2307692307692308,1.1,0.9,1.3,1470.332,10.0,0.2,0.1,0.7,0.7,0.6,2.7,-2.1,0.5,2.25,0.6666666666666666,3.0,0.7,0.6,2.7,1434.596,13.0,0.34347826086956523,1.5347826086956524,0.40000000000000013,35.736000000000104,0.0,0.0,0.0,0.0,1.0,0.0,1.0,FIFA/World Cup,group-stage,633809,2022-11-26T13:00:00+00:00,2022-11-26,Poland,Saudi Arabia,2,0,H,9.0,16.0,3.0,5.0,espn
49.0,0.4897959183673469,0.24489795918367346,0.2653061224489796,1.7142857142857142,1.489795918367347,1.0204081632653061,0.46938775510204084,1.64,1.04,1.3333333333333333,1.0,2.3,2.3,1.2,1697.181,24.0,0.375,0.25,0.375,1.375,1.2916666666666667,1.125,0.16666666666666666,0.9166666666666666,1.25,1.6666666666666667,1.0,1.2,1.4,0.9,1521.247,25.0,0.3392857142857142,0.30272108843537415,1.0999999999999999,175.93399999999997,2.0,0.0,0.5,-1.0,1.0,0.0,1.0,FIFA/World Cup,group-stage,633810,2022-11-26T16:00:00+00:00,2022-11-26,France,Denmark,2,1,H,21.0,10.0,7.0,2.0,espn
52.0,0.6346153846153846,0.17307692307692307,0.19230769230769232,2.076923076923077,1.7115384615384615,0.7884615384615384,0.9230769230769231,1.7567567567567568,0.7567567567567568,1.6,0.8666666666666667,2.2,1.5,0.8,1682.835,63.0,0.5555555555555556,0.19047619047619047,0.25396825396825395,1.8571428571428572,1.6666666666666667,0.9682539682539683,0.6984126984126984,1.6857142857142857,0.9142857142857143,1.6428571428571428,1.0357142857142858,2.3,1.2,0.3,1655.57,-11.0,0.2197802197802199,0.22466422466422475,-0.09999999999999964,27.2650000000001,2.0,1.0,0.0,1.5,1.0,0.0,1.0,FIFA/World Cup,group-stage,633807,2022-11-26T19:00:00+00:00,2022-11-26,Argentina,Mexico,2,0,H,5.0,4.0,2.0,1.0,espn
21.0,0.2857142857142857,0.2857142857142857,0.42857142857142855,1.1428571428571428,1.0476190476190477,1.5714285714285714,-0.5238095238095238,0.7272727272727273,1.6363636363636365,1.4,1.5,1.0,1.2,1.9,1493.574,45.0,0.35555555555555557,0.2222222222222222,0.4222222222222222,1.288888888888889,1.2,1.3555555555555556,-0.15555555555555556,1.5,0.9545454545454546,0.9130434782608695,1.7391304347826086,1.6,1.6,1.7,1500.575,-24.0,-0.14603174603174618,-0.3682539682539683,-0.6000000000000001,-7.000999999999976,0.0,0.0,0.0,0.0,1.0,0.0,1.0,FIFA/World Cup,group-stage,633813,2022-11-27T10:00:00+00:00,2022-11-27,Japan,Costa Rica,0,1,A,13.0,4.0,3.0,1.0,espn
28.0,0.6428571428571429,0.07142857142857142,0.2857142857142857,2.0,1.6785714285714286,0.9642857142857143,0.7142857142857143,2.0714285714285716,0.9285714285714286,1.2857142857142858,1.0,1.8,1.5,0.9,1641.496,23.0,0.391304347826087,0.2608695652173913,0.34782608695652173,1.434782608695652,1.0869565217391304,0.9130434782608695,0.17391304347826086,1.2307692307692308,0.6923076923076923,0.9,1.2,2.0,1.2,0.6,1534.948,5.0,0.5652173913043479,0.5403726708074534,-0.19999999999999996,106.548,0.0,0.0,0.0,0.0,1.0,0.0,1.0,FIFA/World Cup,group-stage,633814,2022-11-27T13:00:00+00:00,2022-11-27,Belgium,Morocco,0,2,A,10.0,10.0,3.0,4.0,espn
35.0,0.42857142857142855,0.2571428571428571,0.3142857142857143,1.542857142857143,1.4,1.2571428571428571,0.14285714285714285,1.5,1.625,1.3157894736842106,0.9473684210526315,1.7,1.6,1.7,1585.216,23.0,0.30434782608695654,0.2608695652173913,0.43478260869565216,1.173913043478261,1.434782608695652,1.0434782608695652,0.391304347826087,2.125,0.375,1.0666666666666667,1.4,1.5,2.5,1.2,1495.403,12.0,0.36894409937888195,-0.24844720496894412,0.19999999999999996,89.81299999999987,0.0,0.0,0.0,0.0,1.0,0.0,1.0,FIFA/World Cup,group-stage,633811,2022-11-27T16:00:00+00:00,2022-11-27,Croatia,Canada,4,1,H,13.0,8.0,10.0,2.0,espn
50.0,0.62,0.16,0.22,2.02,1.78,0.84,0.94,1.8461538461538463,0.8846153846153846,1.7083333333333333,0.7916666666666666,1.5,2.4,1.0,1642.861,54.0,0.6481481481481481,0.09259259259259259,0.25925925925925924,2.037037037037037,1.7962962962962963,0.8888888888888888,0.9074074074074074,1.7647058823529411,0.9411764705882353,1.85,0.8,1.0,1.0,1.6,1639.66,-4.0,-0.017037037037037184,0.032592592592592506,0.5,3.201000000000022,2.0,1.0,0.0,1.0,1.0,0.0,1.0,FIFA/World Cup,group-stage,633812,2022-11-27T19:00:00+00:00,2022-11-27,Spain,Germany,1,1,D,7.0,11.0,3.0,4.0,espn
30.0,0.36666666666666664,0.26666666666666666,0.36666666666666664,1.3666666666666667,1.0666666666666667,1.1333333333333333,-0.06666666666666667,1.1176470588235294,1.1764705882352942,1.0,1.0769230769230769,1.7,1.6,1.1,1528.183,7.0,0.2857142857142857,0.0,0.7142857142857143,0.8571428571428571,0.5714285714285714,1.2857142857142858,-0.7142857142857143,0.3333333333333333,1.6666666666666667,0.75,1.0,0.6,0.5714285714285714,1.2857142857142858,1468.739,23.0,0.5095238095238096,0.6476190476190476,1.1,59.44399999999996,0.0,0.0,0.0,0.0,1.0,0.0,1.0,FIFA/World Cup,group-stage,633816,2022-11-28T10:00:00+00:00,2022-11-28,Cameroon,Serbia,3,3,D,13.0,15.0,8.0,5.0,espn
19.0,0.3157894736842105,0.2631578947368421,0.42105263157894735,1.2105263157894737,1.0526315789473684,1.263157894736842,-0.21052631578947367,1.2727272727272727,1.0,0.75,1.625,0.6,1.0,1.7,1475.278,43.0,0.4186046511627907,0.16279069767441862,0.4186046511627907,1.4186046511627908,1.186046511627907,1.0232558139534884,0.16279069767441862,1.4285714285714286,0.9047619047619048,0.9545454545454546,1.1363636363636365,0.6,1.0,1.4,1475.953,-24.0,-0.2080783353733171,-0.3733170134638923,0.0,-0.6749999999999545,0.0,0.0,0.0,0.0,1.0,0.0,1.0,FIFA/World Cup,group-stage,633818,2022-11-28T13:00:00+00:00,2022-11-28,South Korea,Ghana,2,3,A,22.0,7.0,7.0,3.0,espn
52.0,0.6730769230769231,0.17307692307692307,0.15384615384615385,2.1923076923076925,1.9038461538461537,0.75,1.1538461538461537,1.7674418604651163,0.7441860465116279,2.5555555555555554,0.7777777777777778,2.5,1.9,0.4,1724.303,33.0,0.3333333333333333,0.2727272727272727,0.3939393939393939,1.2727272727272727,1.0303030303030303,1.0909090909090908,-0.06060606060606061,1.0588235294117647,1.0,1.0,1.1875,1.2,1.2,1.5,1527.813,19.0,0.9195804195804198,1.2144522144522143,1.3,196.49,1.0,0.0,1.0,0.0,1.0,0.0,1.0,FIFA/World Cup,group-stage,633815,2022-11-28T16:00:00+00:00,2022-11-28,Brazil,Switzerland,1,0,H,13.0,6.0,5.0,0.0,espn
46.0,0.5,0.1956521739130435,0.30434782608695654,1.6956521739130435,1.5869565217391304,1.1521739130434783,0.43478260869565216,1.7777777777777777,0.9629629629629629,1.3157894736842106,1.4210526315789473,1.7,1.7,1.3,1627.976,42.0,0.4523809523809524,0.23809523809523808,0.30952380952380953,1.5952380952380953,1.2380952380952381,0.8571428571428571,0.38095238095238093,1.3333333333333333,0.8888888888888888,1.0666666666666667,0.8,1.5,1.1,0.4,1581.632,4.0,0.10041407867494812,0.05383022774327123,0.19999999999999996,46.34400000000005,1.0,0.0,0.0,-1.0,1.0,0.0,1.0,FIFA/World Cup,group-stage,633817,2022-11-28T19:00:00+00:00,2022-11-28,Portugal,Uruguay,2,0,H,15.0,11.0,3.0,3.0,espn
30.0,0.23333333333333334,0.3,0.4666666666666667,1.0,1.1,1.4333333333333333,-0.3333333333333333,1.6,1.3,0.85,1.5,0.8,1.0,1.7,1491.692,34.0,0.5,0.20588235294117646,0.29411764705882354,1.7058823529411764,1.2647058823529411,0.8529411764705882,0.4117647058823529,0.9473684210526315,0.8421052631578947,1.6666666666666667,0.8666666666666667,2.0,1.2,0.6,1594.814,-4.0,-0.7058823529411764,-0.7450980392156863,-1.2,-103.12200000000007,0.0,0.0,0.0,0.0,1.0,0.0,1.0,FIFA/World Cup,group-stage,633819,2022-11-29T15:00:00+00:00,2022-11-29,Ecuador,Senegal,1,2,A,9.0,14.0,4.0,3.0,espn
36.0,0.5833333333333334,0.1111111111111111,0.3055555555555556,1.8611111111111112,1.6666666666666667,0.9166666666666666,0.75,1.565217391304348,0.8695652173913043,1.8461538461538463,1.0,1.9,1.7,0.7,1653.678,10.0,0.3,0.2,0.5,1.1,1.5,1.6,-0.1,1.1666666666666667,2.1666666666666665,2.0,0.75,1.1,1.5,1.6,1476.697,26.0,0.7611111111111111,0.85,0.7999999999999998,176.98100000000022,0.0,0.0,0.0,0.0,1.0,0.0,1.0,FIFA/World Cup,group-stage,633821,2022-11-29T15:00:00+00:00,2022-11-29,Netherlands,Qatar,2,0,H,13.0,5.0,4.0,3.0,espn
9.0,0.2222222222222222,0.3333333333333333,0.4444444444444444,1.0,0.8888888888888888,1.5555555555555556,-0.6666666666666666,0.5,0.75,1.2,2.2,0.9,0.8888888888888888,1.5555555555555556,1488.832,59.0,0.6101694915254238,0.1694915254237288,0.22033898305084745,2.0,1.7966101694915255,0.8813559322033898,0.9152542372881356,1.8157894736842106,0.9473684210526315,1.7619047619047619,0.7619047619047619,2.3,1.5,0.4,1705.433,-50.0,-1.0,-1.5819209039548023,-1.4,-216.60099999999989,0.0,0.0,0.0,0.0,1.0,0.0,1.0,FIFA/World Cup,group-stage,633822,2022-11-29T19:00:00+00:00,2022-11-29,Iran,United States,0,1,A,4.0,12.0,1.0,5.0,espn
12.0,0.4166666666666667,0.16666666666666666,0.4166666666666667,1.4166666666666667,1.1666666666666667,1.25,-0.08333333333333333,1.1666666666666667,1.5,1.1666666666666667,1.0,1.4,1.1,1.2,1498.842,44.0,0.4318181818181818,0.2727272727272727,0.29545454545454547,1.5681818181818181,1.3863636363636365,0.9772727272727273,0.4090909090909091,1.55,0.65,1.25,1.25,2.3,1.7,0.4,1617.108,-32.0,-0.15151515151515138,-0.49242424242424243,-0.8999999999999999,-118.26599999999985,1.0,0.0,0.0,-1.0,1.0,0.0,1.0,FIFA/World Cup,group-stage,633820,2022-11-29T19:00:00+00:00,2022-11-29,Wales,England,0,3,A,7.0,18.0,1.0,7.0,espn
15.0,0.2,0.2,0.6,0.8,1.0,2.0,-1.0,1.4,2.0,0.8,2.0,0.8,1.0,2.0,1444.13,25.0,0.36,0.24,0.4,1.32,1.28,1.16,0.12,0.9166666666666666,1.25,1.6153846153846154,1.0769230769230769,1.1,1.4,1.0,1511.728,-10.0,-0.52,-1.12,-0.30000000000000004,-67.59799999999996,1.0,0.0,1.0,0.0,1.0,0.0,1.0,FIFA/World Cup,group-stage,633826,2022-11-30T15:00:00+00:00,2022-11-30,Australia,Denmark,1,0,H,8.0,13.0,4.0,3.0,espn
37.0,0.2972972972972973,0.24324324324324326,0.4594594594594595,1.135135135135135,1.027027027027027,1.2702702702702702,-0.24324324324324326,1.0,1.1538461538461537,1.0416666666666667,1.3333333333333333,1.0,0.8,0.6,1453.056,50.0,0.5,0.24,0.26,1.74,1.5,1.02,0.48,1.6538461538461537,1.0384615384615385,1.3333333333333333,1.0,2.3,2.3,1.3,1706.7,-13.0,-0.6048648648648649,-0.7232432432432432,-1.2999999999999998,-253.644,0.0,0.0,0.0,0.0,1.0,0.0,1.0,FIFA/World Cup,group-stage,633825,2022-11-30T15:00:00+00:00,2022-11-30,Tunisia,France,1,0,H,5.0,10.0,3.0,3.0,espn
24.0,0.2916666666666667,0.25,0.4583333333333333,1.125,0.75,1.2083333333333333,-0.4583333333333333,0.8181818181818182,1.1818181818181819,0.6923076923076923,1.2307692307692308,1.1,1.0,1.3,1488.083,53.0,0.6415094339622641,0.16981132075471697,0.18867924528301888,2.0943396226415096,1.7169811320754718,0.7735849056603774,0.9433962264150944,1.763157894736842,0.7368421052631579,1.6,0.8666666666666667,2.5,1.7,0.6,1701.064,-29.0,-0.9693396226415096,-1.4017295597484276,-1.4,-212.981,0.0,0.0,0.0,0.0,1.0,0.0,1.0,FIFA/World Cup,group-stage,633824,2022-11-30T19:00:00+00:00,2022-11-30,Poland,Argentina,0,2,A,4.0,23.0,0.0,12.0,espn
11.0,0.18181818181818182,0.09090909090909091,0.7272727272727273,0.6363636363636364,0.5454545454545454,2.6363636363636362,-2.090909090909091,0.5,2.25,0.5714285714285714,2.857142857142857,0.7,0.6,2.1,1416.845,64.0,0.546875,0.1875,0.265625,1.828125,1.640625,0.984375,0.65625,1.6857142857142857,0.9142857142857143,1.5862068965517242,1.0689655172413792,2.0,1.1,0.4,1637.341,-53.0,-1.1917613636363638,-2.747159090909091,-1.3,-220.49599999999987,0.0,0.0,0.0,0.0,1.0,0.0,1.0,FIFA/World Cup,group-stage,633823,2022-11-30T19:00:00+00:00,2022-11-30,Saudi Arabia,Mexico,1,2,A,10.0,26.0,2.0,11.0,espn
24.0,0.2916666666666667,0.25,0.4583333333333333,1.125,1.4166666666666667,1.1666666666666667,0.25,2.125,0.375,1.0625,1.5625,1.2,2.2,1.6,1479.197,24.0,0.4166666666666667,0.25,0.3333333333333333,1.5,1.125,0.875,0.25,1.2307692307692308,0.6923076923076923,1.0,1.0909090909090908,2.0,1.3,0.6,1560.608,0.0,-0.375,0.0,-0.8,-81.41100000000006,0.0,0.0,0.0,0.0,1.0,0.0,1.0,FIFA/World Cup,group-stage,633829,2022-12-01T15:00:00+00:00,2022-12-01,Canada,Morocco,1,2,A,5.0,6.0,0.0,2.0,espn
36.0,0.4444444444444444,0.25,0.3055555555555556,1.5833333333333333,1.4722222222222223,1.25,0.2222222222222222,1.6470588235294117,1.588235294117647,1.3157894736842106,0.9473684210526315,1.7,1.8,1.7,1601.422,29.0,0.6206896551724138,0.06896551724137931,0.3103448275862069,1.9310344827586208,1.6206896551724137,1.0,0.6206896551724138,1.9333333333333333,1.0,1.2857142857142858,1.0,1.8,1.5,1.0,1615.836,7.0,-0.3477011494252875,-0.3984674329501916,-0.10000000000000009,-14.413999999999987,0.0,0.0,0.0,0.0,1.0,0.0,1.0,FIFA/World Cup,group-stage,633830,2022-12-01T15:00:00+00:00,2022-12-01,Croatia,Belgium,0,0,D,11.0,16.0,4.0,3.0,espn
46.0,0.3695652173913043,0.21739130434782608,0.41304347826086957,1.326086956521739,1.1956521739130435,1.326086956521739,-0.13043478260869565,1.5,0.9545454545454546,0.9166666666666666,1.6666666666666667,1.8,1.5,1.5,1518.079,55.0,0.6363636363636364,0.10909090909090909,0.2545454545454545,2.018181818181818,1.7818181818181817,0.8909090909090909,0.8909090909090909,1.7647058823529411,0.9411764705882353,1.8095238095238095,0.8095238095238095,0.8,1.0,1.6,1639.825,-9.0,-0.692094861660079,-1.0213438735177864,1.0,-121.7460000000001,1.0,0.0,0.0,-2.0,1.0,0.0,1.0,FIFA/World Cup,group-stage,633827,2022-12-01T19:00:00+00:00,2022-12-01,Costa Rica,Germany,2,4,A,8.0,32.0,6.0,11.0,espn
22.0,0.2727272727272727,0.2727272727272727,0.45454545454545453,1.0909090909090908,1.0,1.5454545454545454,-0.5454545454545454,0.6666666666666666,1.5833333333333333,1.4,1.5,0.9,1.2,2.0,1476.07,51.0,0.6078431372549019,0.17647058823529413,0.21568627450980393,2.0,1.7647058823529411,0.8431372549019608,0.9215686274509803,1.8148148148148149,0.8888888888888888,1.7083333333333333,0.7916666666666666,1.6,2.4,1.0,1642.696,-29.0,-0.9090909090909092,-1.4670231729055256,-0.7000000000000001,-166.62599999999998,0.0,0.0,0.0,0.0,1.0,0.0,1.0,FIFA/World Cup,group-stage,633828,2022-12-01T19:00:00+00:00,2022-12-01,Japan,Spain,2,1,H,6.0,12.0,3.0,5.0,espn
44.0,0.4318181818181818,0.1590909090909091,0.4090909090909091,1.4545454545454546,1.2272727272727273,1.0454545454545454,0.18181818181818182,1.4285714285714286,0.9047619047619048,1.0434782608695652,1.173913043478261,0.9,1.3,1.4,1493.782,43.0,0.4418604651162791,0.23255813953488372,0.32558139534883723,1.558139534883721,1.2093023255813953,0.8837209302325582,0.32558139534883723,1.3333333333333333,0.8888888888888888,1.0,0.875,1.2,0.7,0.6,1564.477,1.0,-0.10359408033826645,-0.1437632135306554,-0.29999999999999993,-70.69500000000016,1.0,0.0,0.0,0.0,1.0,0.0,1.0,FIFA/World Cup,group-stage,633834,2022-12-02T15:00:00+00:00,2022-12-02,Ghana,Uruguay,0,2,A,10.0,12.0,4.0,7.0,espn
20.0,0.3,0.25,0.45,1.15,1.1,1.35,-0.25,1.3333333333333333,1.1666666666666667,0.75,1.625,0.6,1.1,1.6,1457.449,47.0,0.5106382978723404,0.19148936170212766,0.2978723404255319,1.7234042553191489,1.5957446808510638,1.127659574468085,0.46808510638297873,1.7857142857142858,0.9285714285714286,1.3157894736842106,1.4210526315789473,1.7,1.8,1.3,1645.131,-27.0,-0.573404255319149,-0.7180851063829787,-1.1,-187.68200000000002,0.0,0.0,0.0,0.0,1.0,0.0,1.0,FIFA/World Cup,group-stage,633832,2022-12-02T15:00:00+00:00,2022-12-02,South Korea,Portugal,2,1,H,13.0,13.0,6.0,6.0,espn
31.0,0.3548387096774194,0.2903225806451613,0.3548387096774194,1.3548387096774193,1.1290322580645162,1.1935483870967742,-0.06451612903225806,1.2222222222222223,1.2777777777777777,1.0,1.0769230769230769,1.7,1.9,1.4,1525.156,53.0,0.6792452830188679,0.16981132075471697,0.1509433962264151,2.207547169811321,1.8867924528301887,0.7358490566037735,1.150943396226415,1.75,0.7272727272727273,2.5555555555555554,0.7777777777777778,2.5,1.8,0.4,1733.019,-22.0,-0.8527084601339017,-1.215459525258673,-0.8,-207.86300000000006,1.0,0.0,0.0,-3.0,1.0,0.0,1.0,FIFA/World Cup,group-stage,633831,2022-12-02T19:00:00+00:00,2022-12-02,Cameroon,Brazil,1,0,H,7.0,21.0,3.0,7.0,espn
8.0,0.25,0.125,0.625,0.875,0.875,1.5,-0.625,0.3333333333333333,1.6666666666666667,1.2,1.4,0.7,0.875,1.5,1471.766,34.0,0.3235294117647059,0.2647058823529412,0.4117647058823529,1.2352941176470589,1.0,1.088235294117647,-0.08823529411764706,1.0588235294117647,1.0,0.9411764705882353,1.1764705882352942,1.1,1.0,1.4,1519.097,-26.0,-0.3602941176470589,-0.5367647058823529,-0.40000000000000013,-47.330999999999904,1.0,0.0,0.0,-1.0,1.0,0.0,1.0,FIFA/World Cup,group-stage,633833,2022-12-02T19:00:00+00:00,2022-12-02,Serbia,Switzerland,2,3,A,12.0,14.0,4.0,7.0,espn
37.0,0.5945945945945946,0.10810810810810811,0.2972972972972973,1.8918918918918919,1.6756756756756757,0.8918918918918919,0.7837837837837838,1.5833333333333333,0.8333333333333334,1.8461538461538463,1.0,2.2,1.9,0.7,1664.171,60.0,0.6166666666666667,0.16666666666666666,0.21666666666666667,2.0166666666666666,1.7833333333333334,0.8666666666666667,0.9166666666666666,1.8157894736842106,0.9473684210526315,1.7272727272727273,0.7272727272727273,2.3,1.3,0.3,1713.409,-23.0,-0.12477477477477472,-0.13288288288288286,-0.09999999999999964,-49.238000000000056,0.0,0.0,0.0,0.0,1.0,1.0,1.0,FIFA/World Cup,round-of-16,633835,2022-12-03T15:00:00+00:00,2022-12-03,Netherlands,United States,3,1,H,11.0,17.0,6.0,8.0,espn
54.0,0.6481481481481481,0.16666666666666666,0.18518518518518517,2.111111111111111,1.7222222222222223,0.7592592592592593,0.9629629629629629,1.763157894736842,0.7368421052631579,1.625,0.8125,2.5,1.7,0.5,1710.038,16.0,0.25,0.1875,0.5625,0.9375,1.0,1.875,-0.875,1.3333333333333333,1.6666666666666667,0.8,2.0,1.0,1.0,1.9,1465.426,38.0,1.1736111111111112,1.8379629629629628,1.5,244.61200000000008,0.0,0.0,0.0,0.0,1.0,1.0,1.0,FIFA/World Cup,round-of-16,633836,2022-12-03T19:00:00+00:00,2022-12-03,Argentina,Australia,2,1,H,14.0,5.0,5.0,1.0,espn
51.0,0.49019607843137253,0.23529411764705882,0.27450980392156865,1.7058823529411764,1.4705882352941178,1.0196078431372548,0.45098039215686275,1.6538461538461537,1.0384615384615385,1.28,1.0,2.0,2.2,1.4,1677.705,25.0,0.28,0.24,0.48,1.08,0.72,1.24,-0.52,0.75,1.25,0.6923076923076923,1.2307692307692308,0.8,0.9,1.4,1479.109,26.0,0.6258823529411763,0.9709803921568627,1.2,198.596,0.0,0.0,0.0,0.0,1.0,1.0,1.0,FIFA/World Cup,round-of-16,633837,2022-12-04T15:00:00+00:00,2022-12-04,France,Poland,3,1,H,16.0,12.0,8.0,3.0,espn
45.0,0.4444444444444444,0.26666666666666666,0.28888888888888886,1.6,1.4222222222222223,0.9555555555555556,0.4666666666666667,1.55,0.65,1.32,1.2,2.3,2.0,0.4,1631.689,35.0,0.5142857142857142,0.2,0.2857142857142857,1.7428571428571429,1.2857142857142858,0.8571428571428571,0.42857142857142855,0.9473684210526315,0.8421052631578947,1.6875,0.875,2.3,1.4,0.6,1607.526,10.0,-0.1428571428571428,0.038095238095238126,0.0,24.16300000000001,0.0,0.0,0.0,0.0,1.0,1.0,1.0,FIFA/World Cup,round-of-16,633838,2022-12-04T19:00:00+00:00,2022-12-04,England,Senegal,3,0,H,8.0,10.0,4.0,1.0,espn
23.0,0.30434782608695654,0.2608695652173913,0.43478260869565216,1.173913043478261,1.0434782608695652,1.5217391304347827,-0.4782608695652174,0.7692307692307693,1.5384615384615385,1.4,1.5,1.2,1.3,1.7,1501.9,37.0,0.43243243243243246,0.2702702702702703,0.2972972972972973,1.5675675675675675,1.4324324324324325,1.2162162162162162,0.21621621621621623,1.5555555555555556,1.5,1.3157894736842106,0.9473684210526315,1.5,1.7,1.6,1602.163,-14.0,-0.39365452408930657,-0.6944770857814336,-0.30000000000000004,-100.26299999999992,1.0,0.0,1.0,0.0,1.0,1.0,1.0,FIFA/World Cup,round-of-16,633839,2022-12-05T15:00:00+00:00,2022-12-05,Japan,Croatia,1,1,A,13.0,17.0,4.0,4.0,espn
54.0,0.6666666666666666,0.16666666666666666,0.16666666666666666,2.1666666666666665,1.8518518518518519,0.7407407407407407,1.1111111111111112,1.75,0.7272727272727273,2.3,0.8,2.2,1.5,0.4,1705.583,21.0,0.3333333333333333,0.23809523809523808,0.42857142857142855,1.2380952380952381,1.1428571428571428,1.3333333333333333,-0.19047619047619047,1.3846153846153846,1.1538461538461537,0.75,1.625,0.8,1.1,1.5,1484.122,33.0,0.9285714285714284,1.3015873015873016,1.4000000000000001,221.461,0.0,0.0,0.0,0.0,1.0,1.0,1.0,FIFA/World Cup,round-of-16,633840,2022-12-05T19:00:00+00:00,2022-12-05,Brazil,South Korea,4,1,H,18.0,8.0,9.0,6.0,espn
25.0,0.44,0.24,0.32,1.56,1.16,0.88,0.28,1.2307692307692308,0.6923076923076923,1.0833333333333333,1.0833333333333333,2.0,1.4,0.7,1574.361,52.0,0.5961538461538461,0.17307692307692307,0.23076923076923078,1.9615384615384615,1.75,0.8653846153846154,0.8846153846153846,1.8148148148148149,0.8888888888888888,1.68,0.84,1.5,2.5,1.2,1616.866,-27.0,-0.4015384615384614,-0.6046153846153846,0.5,-42.50499999999988,1.0,0.0,1.0,0.0,1.0,1.0,1.0,FIFA/World Cup,round-of-16,633841,2022-12-06T15:00:00+00:00,2022-12-06,Morocco,Spain,0,0,H,6.0,13.0,2.0,1.0,espn
48.0,0.5,0.1875,0.3125,1.6875,1.5833333333333333,1.1458333333333333,0.4375,1.7857142857142858,0.9285714285714286,1.3,1.45,1.6,1.8,1.4,1618.458,35.0,0.34285714285714286,0.2571428571428571,0.4,1.2857142857142858,1.0571428571428572,1.1142857142857143,-0.05714285714285714,1.0588235294117647,1.0,1.0555555555555556,1.2222222222222223,1.4,1.3,1.5,1534.542,13.0,0.4017857142857142,0.49464285714285716,0.20000000000000018,83.91600000000017,2.0,0.5,0.0,0.0,1.0,1.0,1.0,FIFA/World Cup,round-of-16,633842,2022-12-06T19:00:00+00:00,2022-12-06,Portugal,Switzerland,6,1,H,15.0,10.0,9.0,3.0,espn
38.0,0.4473684210526316,0.2631578947368421,0.2894736842105263,1.605263157894737,1.4210526315789473,1.2105263157894737,0.21052631578947367,1.5555555555555556,1.5,1.3,0.95,1.5,1.6,1.5,1615.01,55.0,0.6727272727272727,0.16363636363636364,0.16363636363636364,2.1818181818181817,1.8909090909090909,0.7454545454545455,1.1454545454545455,1.8,0.7333333333333333,2.3,0.8,2.2,1.6,0.5,1715.059,-17.0,-0.5765550239234447,-0.9349282296650718,-0.7000000000000002,-100.04899999999998,2.0,0.0,0.0,-1.5,1.0,1.0,1.0,FIFA/World Cup,quarterfinals,633843,2022-12-09T15:00:00+00:00,2022-12-09,Croatia,Brazil,1,1,H,9.0,21.0,1.0,11.0,espn
38.0,0.6052631578947368,0.10526315789473684,0.2894736842105263,1.9210526315789473,1.7105263157894737,0.8947368421052632,0.8157894736842105,1.64,0.84,1.8461538461538463,1.0,2.2,1.9,0.8,1686.733,55.0,0.6545454545454545,0.16363636363636364,0.18181818181818182,2.1272727272727274,1.7272727272727273,0.7636363636363637,0.9636363636363636,1.7692307692307692,0.7435897435897436,1.625,0.8125,2.7,1.8,0.5,1717.06,-17.0,-0.20622009569378008,-0.14784688995215312,-0.5,-30.326999999999998,2.0,0.0,0.5,0.0,1.0,1.0,1.0,FIFA/World Cup,quarterfinals,633844,2022-12-09T19:00:00+00:00,2022-12-09,Netherlands,Argentina,2,2,A,6.0,14.0,2.0,5.0,espn
26.0,0.46153846153846156,0.23076923076923078,0.3076923076923077,1.6153846153846154,1.1153846153846154,0.8461538461538461,0.2692307692307692,1.1428571428571428,0.6428571428571429,1.0833333333333333,1.0833333333333333,2.0,1.3,0.7,1594.4,49.0,0.5102040816326531,0.1836734693877551,0.30612244897959184,1.7142857142857142,1.6734693877551021,1.1428571428571428,0.5306122448979592,1.9310344827586208,0.9310344827586207,1.3,1.45,1.9,2.3,1.3,1636.471,-23.0,-0.09890109890109877,-0.26138147566719,0.10000000000000009,-42.07099999999991,1.0,0.0,0.0,-1.0,1.0,1.0,1.0,FIFA/World Cup,quarterfinals,633845,2022-12-10T15:00:00+00:00,2022-12-10,Morocco,Portugal,1,0,H,9.0,12.0,3.0,3.0,espn
46.0,0.45652173913043476,0.2608695652173913,0.2826086956521739,1.6304347826086956,1.4565217391304348,0.9347826086956522,0.5217391304347826,1.619047619047619,0.6190476190476191,1.32,1.2,2.3,2.2,0.4,1651.875,52.0,0.5,0.23076923076923078,0.2692307692307692,1.7307692307692308,1.5,1.0192307692307692,0.4807692307692308,1.7037037037037037,1.037037037037037,1.28,1.0,2.0,2.1,1.3,1687.267,-6.0,-0.10033444816053527,0.04096989966555181,0.2999999999999998,-35.39200000000005,2.0,0.0,0.5,-0.5,1.0,1.0,1.0,FIFA/World Cup,quarterfinals,633846,2022-12-10T19:00:00+00:00,2022-12-10,England,France,1,2,A,16.0,8.0,8.0,5.0,espn
56.0,0.6607142857142857,0.16071428571428573,0.17857142857142858,2.142857142857143,1.7321428571428572,0.7857142857142857,0.9464285714285714,1.7692307692307692,0.7435897435897436,1.6470588235294117,0.8823529411764706,2.7,1.9,0.7,1733.369,39.0,0.46153846153846156,0.2564102564102564,0.28205128205128205,1.641025641025641,1.4102564102564104,1.205128205128205,0.20512820512820512,1.5263157894736843,1.4736842105263157,1.3,0.95,1.5,1.5,1.5,1637.881,17.0,0.5018315018315018,0.7413003663003663,1.2000000000000002,95.48799999999983,1.0,0.0,0.0,-3.0,1.0,1.0,1.0,FIFA/World Cup,semifinals,633847,2022-12-13T19:00:00+00:00,2022-12-13,Argentina,Croatia,3,0,H,9.0,12.0,7.0,2.0,espn
53.0,0.5094339622641509,0.22641509433962265,0.2641509433962264,1.7547169811320755,1.509433962264151,1.0188679245283019,0.49056603773584906,1.7037037037037037,1.037037037037037,1.3076923076923077,1.0,2.0,2.2,1.4,1703.318,27.0,0.48148148148148145,0.2222222222222222,0.2962962962962963,1.6666666666666667,1.1111111111111112,0.8148148148148148,0.2962962962962963,1.1333333333333333,0.6,1.0833333333333333,1.0833333333333333,2.3,1.3,0.6,1614.417,26.0,0.08805031446540879,0.19426974143955278,-0.2999999999999998,88.90100000000007,0.0,0.0,0.0,0.0,1.0,1.0,1.0,FIFA/World Cup,semifinals,633848,2022-12-14T19:00:00+00:00,2022-12-14,France,Morocco,2,0,H,14.0,13.0,3.0,3.0,espn
40.0,0.45,0.25,0.3,1.6,1.375,1.25,0.125,1.5263157894736843,1.4736842105263157,1.2380952380952381,1.0476190476190477,1.5,1.3,1.4,1622.005,28.0,0.4642857142857143,0.21428571428571427,0.32142857142857145,1.6071428571428572,1.0714285714285714,0.8571428571428571,0.21428571428571427,1.1333333333333333,0.6,1.0,1.1538461538461537,2.0,1.2,0.8,1599.592,12.0,-0.0071428571428571175,-0.08928571428571427,-0.5,22.41300000000001,1.0,0.0,1.0,0.0,1.0,0.0,1.0,FIFA/World Cup,3rd-place,633849,2022-12-17T15:00:00+00:00,2022-12-17,Croatia,Morocco,2,1,H,12.0,9.0,4.0,2.0,espn
57.0,0.6666666666666666,0.15789473684210525,0.17543859649122806,2.1578947368421053,1.7543859649122806,0.7719298245614035,0.9824561403508771,1.8,0.725,1.6470588235294117,0.8823529411764706,2.7,2.1,0.7,1749.245,54.0,0.5185185185185185,0.2222222222222222,0.25925925925925924,1.7777777777777777,1.5185185185185186,1.0,0.5185185185185185,1.7142857142857142,1.0,1.3076923076923077,1.0,2.2,2.3,1.3,1718.143,3.0,0.38011695906432763,0.46393762183235865,0.5,31.10199999999986,1.0,0.0,0.0,-1.0,1.0,1.0,1.0,FIFA/World Cup,final,633850,2022-12-18T15:00:00+00:00,2022-12-18,Argentina,France,3,3,H,20.0,10.0,10.0,5.0,espn
39.0,0.5897435897435898,0.10256410256410256,0.3076923076923077,1.8717948717948718,1.7179487179487178,0.9230769230769231,0.7948717948717948,1.6538461538461537,0.8846153846153846,1.8461538461538463,1.0,1.9,1.8,0.9,1670.424,41.0,0.4634146341463415,0.24390243902439024,0.2926829268292683,1.6341463414634145,1.3902439024390243,1.2439024390243902,0.14634146341463414,1.55,1.45,1.2380952380952381,1.0476190476190477,1.8,1.5,1.4,1638.718,-2.0,0.23764853033145728,0.6485303314571607,0.09999999999999987,31.705999999999904,0.0,0.0,0.0,0.0,0.0,1.0,1.0,UEFA/Nations League,semifinals,654360,2023-06-14T18:45:00+00:00,2023-06-14,Netherlands,Croatia,2,4,A,14.0,14.0,6.0,5.0,espn
53.0,0.5849056603773585,0.16981132075471697,0.24528301886792453,1.9245283018867925,1.7169811320754718,0.8490566037735849,0.8679245283018868,1.8148148148148149,0.8888888888888888,1.6153846153846154,0.8076923076923077,1.4,2.4,1.1,1596.827,44.0,0.5454545454545454,0.22727272727272727,0.22727272727272727,1.8636363636363635,1.2954545454545454,0.8409090909090909,0.45454545454545453,1.3076923076923077,0.7307692307692307,1.2777777777777777,1.0,2.4,1.7,0.8,1674.638,9.0,0.060891938250428934,0.4133790737564323,-1.0,-77.81099999999992,6.0,0.3333333333333333,0.3333333333333333,0.5,0.0,1.0,1.0,UEFA/Nations League,semifinals,663883,2023-06-15T18:45:00+00:00,2023-06-15,Spain,Italy,2,1,H,19.0,8.0,7.0,3.0,espn
40.0,0.575,0.1,0.325,1.825,1.725,1.0,0.725,1.6666666666666667,1.0,1.8461538461538463,1.0,1.9,2.0,1.2,1652.566,45.0,0.5333333333333333,0.2222222222222222,0.24444444444444444,1.8222222222222222,1.288888888888889,0.8666666666666667,0.4222222222222222,1.3076923076923077,0.7307692307692307,1.263157894736842,1.0526315789473684,2.4,1.7,0.9,1656.597,-5.0,0.002777777777777768,0.30277777777777776,-0.5,-4.030999999999949,1.0,1.0,0.0,3.0,0.0,0.0,1.0,UEFA/Nations League,3rd-place-match,654362,2023-06-18T13:00:00+00:00,2023-06-18,Netherlands,Italy,2,3,A,19.0,13.0,6.0,3.0,espn
42.0,0.47619047619047616,0.23809523809523808,0.2857142857142857,1.6666666666666667,1.4523809523809523,1.2619047619047619,0.19047619047619047,1.55,1.45,1.3636363636363635,1.0909090909090908,2.0,1.8,1.5,1656.576,54.0,0.5925925925925926,0.16666666666666666,0.24074074074074073,1.9444444444444444,1.7222222222222223,0.8518518518518519,0.8703703703703703,1.8214285714285714,0.8928571428571429,1.6153846153846154,0.8076923076923077,1.4,2.1,1.2,1614.868,-12.0,-0.2777777777777777,-0.6798941798941799,0.6000000000000001,41.708000000000084,3.0,0.3333333333333333,0.0,-0.6666666666666666,0.0,1.0,1.0,UEFA/Nations League,final,654361,2023-06-18T18:45:00+00:00,2023-06-18,Croatia,Spain,0,0,A,12.0,21.0,5.0,2.0,espn
61.0,0.6065573770491803,0.16393442622950818,0.22950819672131148,1.9836065573770492,1.7704918032786885,0.9016393442622951,0.8688524590163934,1.8157894736842106,0.9473684210526315,1.6956521739130435,0.8260869565217391,2.3,1.4,0.5,1690.847,31.0,0.45161290322580644,0.16129032258064516,0.3870967741935484,1.5161290322580645,1.032258064516129,0.967741935483871,0.06451612903225806,1.4285714285714286,1.0,0.7058823529411765,0.9411764705882353,1.4,1.1,1.1,1535.495,30.0,0.46747752511898466,0.8043363299841353,0.8999999999999999,155.3520000000001,5.0,0.8,0.0,1.0,0.0,0.0,1.0,CONCACAF/Gold Cup,group-stage,668477,2023-06-25T02:00:00+00:00,2023-06-25,United States,Jamaica,1,1,D,13.0,6.0,4.0,3.0,espn
17.0,0.17647058823529413,0.4117647058823529,0.4117647058823529,0.9411764705882353,0.9411764705882353,1.588235294117647,-0.6470588235294118,1.0,1.0,0.9,2.0,1.1,1.2,1.8,1453.732,0.0,0.0,0.0,0.0,0.0,0.0,0.0,0.0,0.0,0.0,0.0,0.0,0.0,0.0,0.0,1500.0,17.0,0.9411764705882353,-0.6470588235294118,1.1,-46.26800000000003,0.0,0.0,0.0,0.0,0.0,0.0,1.0,CONCACAF/Gold Cup,group-stage,668478,2023-06-25T20:00:00+00:00,2023-06-25,Trinidad and Tobago,St. Kitts and Nevis,3,0,H,14.0,10.0,4.0,1.0,espn
18.0,0.3888888888888889,0.05555555555555555,0.5555555555555556,1.2222222222222223,0.9444444444444444,1.6111111111111112,-0.6666666666666666,1.0,1.4444444444444444,0.8888888888888888,1.7777777777777777,1.5,1.3,2.2,1476.449,11.0,0.2727272727272727,0.18181818181818182,0.5454545454545454,1.0,1.3636363636363635,1.6363636363636365,-0.2727272727272727,1.1666666666666667,2.1666666666666665,1.6,1.0,1.0,1.3,1.6,1466.204,7.0,0.22222222222222232,-0.3939393939393939,0.5,10.245000000000118,0.0,0.0,0.0,0.0,0.0,0.0,1.0,CONCACAF/Gold Cup,group-stage,668479,2023-06-25T22:00:00+00:00,2023-06-25,Haiti,Qatar,2,1,H,15.0,10.0,3.0,2.0,espn
65.0,0.5538461538461539,0.18461538461538463,0.26153846153846155,1.8461538461538463,1.646153846153846,0.9846153846153847,0.6615384615384615,1.6857142857142857,0.9142857142857143,1.6,1.0666666666666667,2.0,1.2,0.5,1645.179,30.0,0.23333333333333334,0.2,0.5666666666666667,0.9,0.9666666666666667,1.2666666666666666,-0.3,0.75,1.0,1.2142857142857142,1.5714285714285714,1.1,1.3,1.2,1416.244,35.0,0.9461538461538462,0.9615384615384615,0.8999999999999999,228.93500000000017,3.0,1.0,0.0,2.0,0.0,0.0,1.0,CONCACAF/Gold Cup,group-stage,668480,2023-06-26T00:30:00+00:00,2023-06-26,Mexico,Honduras,4,0,H,17.0,6.0,6.0,1.0,espn
22.0,0.2727272727272727,0.3181818181818182,0.4090909090909091,1.1363636363636365,1.0909090909090908,1.4545454545454546,-0.36363636363636365,1.8571428571428572,0.42857142857142855,0.7333333333333333,1.9333333333333333,1.4,1.0,1.1,1467.122,12.0,0.25,0.0,0.75,0.75,1.1666666666666667,2.4166666666666665,-1.25,1.4,2.8,1.0,2.142857142857143,0.6,1.3,2.8,1420.834,10.0,0.38636363636363646,0.8863636363636364,0.7999999999999999,46.28800000000001,0.0,0.0,0.0,0.0,0.0,0.0,1.0,CONCACAF/Gold Cup,group-stage,668481,2023-06-26T22:30:00+00:00,2023-06-26,El Salvador,Martinique,1,2,A,22.0,7.0,10.0,4.0,espn
47.0,0.3617021276595745,0.2127659574468085,0.425531914893617,1.297872340425532,1.2127659574468086,1.3829787234042554,-0.1702127659574468,1.5217391304347827,1.0869565217391304,0.9166666666666666,1.6666666666666667,1.5,1.3,1.9,1504.961,34.0,0.35294117647058826,0.29411764705882354,0.35294117647058826,1.3529411764705883,1.4705882352941178,1.5294117647058822,-0.058823529411764705,1.8235294117647058,1.0588235294117647,1.1176470588235294,2.0,1.0,1.6,2.2,1477.344,13.0,-0.05506883604505641,-0.1113892365456821,0.5,27.616999999999962,1.0,1.0,0.0,1.0,0.0,0.0,1.0,CONCACAF/Gold Cup,group-stage,668482,2023-06-27T01:00:00+00:00,2023-06-27,Costa Rica,Panama,1,2,A,6.0,15.0,4.0,10.0,espn
25.0,0.28,0.24,0.48,1.08,1.4,1.2,0.2,2.0,0.5555555555555556,1.0625,1.5625,1.2,2.2,1.5,1465.444,6.0,0.0,0.0,1.0,0.0,0.8333333333333334,2.0,-1.1666666666666667,0.5,1.5,1.0,2.25,0.0,0.8333333333333334,2.0,1418.196,19.0,1.08,1.3666666666666667,1.2,47.24800000000005,1.0,1.0,0.0,1.0,0.0,0.0,1.0,CONCACAF/Gold Cup,group-stage,668483,2023-06-27T23:00:00+00:00,2023-06-27,Canada,Guadeloupe,2,2,D,18.0,9.0,6.0,4.0,espn
10.0,0.1,0.3,0.6,0.6,0.7,1.4,-0.7,1.25,1.0,0.3333333333333333,1.6666666666666667,0.6,0.7,1.4,1431.799,14.0,0.14285714285714285,0.0,0.8571428571428571,0.42857142857142855,0.5714285714285714,4.285714285714286,-3.7142857142857144,1.25,2.0,0.3,5.2,0.6,0.7,4.1,1362.191,-4.0,0.17142857142857143,3.0142857142857142,0.0,69.60799999999995,1.0,0.0,0.0,-1.0,0.0,0.0,1.0,CONCACAF/Gold Cup,group-stage,668484,2023-06-28T00:45:00+00:00,2023-06-28,Guatemala,Cuba,1,0,H,17.0,6.0,7.0,1.0,espn
32.0,0.4375,0.1875,0.375,1.5,1.03125,0.96875,0.0625,1.4285714285714286,1.0,0.7222222222222222,0.9444444444444444,1.5,1.1,1.0,1541.698,18.0,0.2222222222222222,0.3888888888888889,0.3888888888888889,1.0555555555555556,1.0555555555555556,1.5,-0.4444444444444444,1.25,0.875,0.9,2.0,1.1,1.2,1.7,1474.061,14.0,0.4444444444444444,0.5069444444444444,0.3999999999999999,67.63700000000017,0.0,0.0,0.0,0.0,0.0,0.0,1.0,CONCACAF/Gold Cup,group-stage,668485,2023-06-28T23:30:00+00:00,2023-06-28,Jamaica,Trinidad and Tobago,4,1,H,13.0,3.0,6.0,1.0,espn
1.0,0.0,0.0,1.0,0.0,0.0,3.0,-3.0,0.0,0.0,0.0,3.0,0.0,0.0,3.0,1479.671,62.0,0.5967741935483871,0.1774193548387097,0.22580645161290322,1.967741935483871,1.7580645161290323,0.9032258064516129,0.8548387096774194,1.794871794871795,0.9487179487179487,1.6956521739130435,0.8260869565217391,2.1,1.4,0.6,1684.644,-61.0,-1.967741935483871,-3.8548387096774195,-2.1,-204.97299999999996,0.0,0.0,0.0,0.0,0.0,0.0,1.0,CONCACAF/Gold Cup,group-stage,668486,2023-06-29T01:30:00+00:00,2023-06-29,St. Kitts and Nevis,United States,0,6,A,2.0,34.0,0.0,15.0,espn
12.0,0.25,0.16666666666666666,0.5833333333333334,0.9166666666666666,1.3333333333333333,1.6666666666666667,-0.3333333333333333,1.1666666666666667,2.1666666666666665,1.5,1.1666666666666667,1.0,1.4,1.7,1451.856,31.0,0.22580645161290322,0.1935483870967742,0.5806451612903226,0.8709677419354839,0.9354838709677419,1.3548387096774193,-0.41935483870967744,0.75,1.0,1.1333333333333333,1.7333333333333334,1.0,1.3,1.6,1407.993,-19.0,0.045698924731182755,0.08602150537634412,0.0,43.863000000000056,1.0,1.0,0.0,2.0,0.0,0.0,1.0,CONCACAF/Gold Cup,group-stage,668487,2023-06-29T23:45:00+00:00,2023-06-29,Qatar,Honduras,1,1,D,5.0,17.0,3.0,4.0,espn
19.0,0.42105263157894735,0.05263157894736842,0.5263157894736842,1.3157894736842106,1.0,1.5789473684210527,-0.5789473684210527,1.1,1.4,0.8888888888888888,1.7777777777777777,1.8,1.4,1.6,1490.797,66.0,0.5606060606060606,0.18181818181818182,0.25757575757575757,1.8636363636363635,1.6818181818181819,0.9696969696969697,0.7121212121212122,1.75,0.8888888888888888,1.6,1.0666666666666667,2.0,1.5,0.5,1653.43,-47.0,-0.5478468899521529,-1.2910685805422648,-0.19999999999999996,-162.63300000000004,1.0,0.0,0.0,-1.0,0.0,0.0,1.0,CONCACAF/Gold Cup,group-stage,668488,2023-06-30T02:00:00+00:00,2023-06-30,Haiti,Mexico,1,3,A,6.0,32.0,2.0,10.0,espn
13.0,0.3076923076923077,0.0,0.6923076923076923,0.9230769230769231,1.2307692307692308,2.3076923076923075,-1.0769230769230769,1.4,2.8,1.125,2.0,0.9,1.4,2.6,1437.576,35.0,0.37142857142857144,0.2857142857142857,0.34285714285714286,1.4,1.4857142857142858,1.5142857142857142,-0.02857142857142857,1.8235294117647058,1.0588235294117647,1.1666666666666667,1.9444444444444444,1.3,1.8,2.0,1493.301,-22.0,-0.4769230769230768,-1.0483516483516484,-0.4,-55.72499999999991,2.0,0.0,0.0,-2.0,0.0,0.0,1.0,CONCACAF/Gold Cup,group-stage,668489,2023-06-30T22:30:00+00:00,2023-06-30,Martinique,Panama,1,2,A,7.0,16.0,3.0,5.0,espn
23.0,0.2608695652173913,0.30434782608695654,0.43478260869565216,1.0869565217391304,1.0869565217391304,1.4782608695652173,-0.391304347826087,1.75,0.625,0.7333333333333333,1.9333333333333333,1.1,0.9,1.3,1450.38,48.0,0.3541666666666667,0.20833333333333334,0.4375,1.2708333333333333,1.2083333333333333,1.3958333333333333,-0.1875,1.5,1.125,0.9166666666666666,1.6666666666666667,1.2,1.2,2.0,1489.004,-25.0,-0.18387681159420288,-0.20380434782608697,-0.09999999999999987,-38.623999999999796,2.0,0.0,1.0,0.0,0.0,0.0,1.0,CONCACAF/Gold Cup,group-stage,668490,2023-07-01T01:06:00+00:00,2023-07-01,El Salvador,Costa Rica,0,0,D,9.0,12.0,2.0,3.0,espn
15.0,0.13333333333333333,0.0,0.8666666666666667,0.4,0.5333333333333333,4.066666666666666,-3.533333333333333,1.25,2.0,0.2727272727272727,4.818181818181818,0.6,0.6,3.8,1350.33,7.0,0.0,0.14285714285714285,0.8571428571428571,0.14285714285714285,1.0,2.0,-1.0,0.5,1.5,1.2,2.2,0.1,1.0,2.0,1420.194,8.0,0.2571428571428572,-2.533333333333333,0.5,-69.86400000000003,0.0,0.0,0.0,0.0,0.0,0.0,1.0,CONCACAF/Gold Cup,group-stage,668491,2023-07-01T23:30:00+00:00,2023-07-01,Cuba,Guadeloupe,1,4,A,13.0,17.0,2.0,8.0,espn
11.0,0.18181818181818182,0.2727272727272727,0.5454545454545454,0.8181818181818182,0.7272727272727273,1.2727272727272727,-0.5454545454545454,1.2,0.8,0.3333333333333333,1.6666666666666667,0.8,0.8,1.4,1443.66,26.0,0.2692307692307692,0.2692307692307692,0.46153846153846156,1.0769230769230769,1.4230769230769231,1.2307692307692308,0.19230769230769232,2.0,0.7,1.0625,1.5625,1.0,1.7,1.7,1463.446,-15.0,-0.25874125874125864,-0.7377622377622377,-0.19999999999999996,-19.78599999999983,0.0,0.0,0.0,0.0,0.0,0.0,1.0,CONCACAF/Gold Cup,group-stage,668492,2023-07-02T01:30:00+00:00,2023-07-02,Guatemala,Canada,0,0,D,11.0,9.0,2.0,3.0,espn
33.0,0.45454545454545453,0.18181818181818182,0.36363636363636365,1.5454545454545454,1.121212121212121,0.9696969696969697,0.15151515151515152,1.6,1.0,0.7222222222222222,0.9444444444444444,1.5,1.2,0.9,1556.199,2.0,0.0,0.0,1.0,0.0,0.0,4.5,-4.5,0.0,6.0,0.0,3.0,0.0,0.0,4.5,1470.486,31.0,1.5454545454545454,4.651515151515151,1.5,85.71299999999997,0.0,0.0,0.0,0.0,0.0,0.0,1.0,CONCACAF/Gold Cup,group-stage,668493,2023-07-02T23:00:00+00:00,2023-07-02,Jamaica,St. Kitts and Nevis,5,0,H,18.0,9.0,6.0,2.0,espn
63.0,0.6031746031746031,0.1746031746031746,0.2222222222222222,1.9841269841269842,1.8253968253968254,0.8888888888888888,0.9365079365079365,1.794871794871795,0.9487179487179487,1.875,0.7916666666666666,2.1,1.4,0.5,1693.829,19.0,0.21052631578947367,0.3684210526315789,0.42105263157894735,1.0,1.0526315789473684,1.631578947368421,-0.5789473684210527,1.25,0.875,0.9090909090909091,2.1818181818181817,0.8,1.1,2.1,1459.56,44.0,0.9841269841269842,1.5154553049289892,1.3,234.269,1.0,1.0,0.0,6.0,0.0,0.0,1.0,CONCACAF/Gold Cup,group-stage,668494,2023-07-02T23:00:00+00:00,2023-07-02,United States,Trinidad and Tobago,6,0,H,23.0,9.0,8.0,3.0,espn
32.0,0.21875,0.21875,0.5625,0.875,0.9375,1.34375,-0.40625,0.75,1.0,1.125,1.6875,1.0,1.4,1.7,1409.85,20.0,0.4,0.05,0.55,1.25,1.0,1.65,-0.65,1.0909090909090908,1.5454545454545454,0.8888888888888888,1.7777777777777777,1.8,1.5,1.5,1481.576,12.0,-0.375,0.24375000000000002,-0.8,-71.72600000000011,2.0,0.5,0.0,0.5,0.0,0.0,1.0,CONCACAF/Gold Cup,group-stage,668496,2023-07-03T01:00:00+00:00,2023-07-03,Honduras,Haiti,2,1,H,20.0,18.0,7.0,7.0,espn
67.0,0.5671641791044776,0.1791044776119403,0.2537313432835821,1.8805970149253732,1.7014925373134329,0.9701492537313433,0.7313432835820896,1.75,0.8888888888888888,1.6451612903225807,1.064516129032258,2.2,1.8,0.6,1662.651,13.0,0.23076923076923078,0.23076923076923078,0.5384615384615384,0.9230769230769231,1.3076923076923077,1.6153846153846154,-0.3076923076923077,1.1428571428571428,2.0,1.5,1.1666666666666667,1.1,1.5,1.6,1449.999,54.0,0.9575200918484501,1.0390355912743972,1.1,212.65200000000004,0.0,0.0,0.0,0.0,0.0,0.0,1.0,CONCACAF/Gold Cup,group-stage,668495,2023-07-03T01:00:00+00:00,2023-07-03,Mexico,Qatar,0,1,A,25.0,1.0,6.0,1.0,espn
27.0,0.25925925925925924,0.2962962962962963,0.4444444444444444,1.0740740740740742,1.3703703703703705,1.1851851851851851,0.18518518518518517,2.0,0.7,1.0,1.4705882352941178,1.1,1.5,1.4,1462.605,16.0,0.125,0.0,0.875,0.375,0.5625,4.0625,-3.5,1.2,2.4,0.2727272727272727,4.818181818181818,0.3,0.3,4.2,1335.94,11.0,0.6990740740740742,3.685185185185185,0.8,126.66499999999996,1.0,1.0,0.0,7.0,0.0,0.0,1.0,CONCACAF/Gold Cup,group-stage,668497,2023-07-04T22:30:00+00:00,2023-07-04,Canada,Cuba,4,2,H,14.0,9.0,9.0,2.0,espn
8.0,0.125,0.125,0.75,0.5,1.375,1.875,-0.5,0.5,1.5,1.6666666666666667,2.0,0.4,1.375,1.875,1434.584,12.0,0.16666666666666666,0.3333333333333333,0.5,0.8333333333333334,0.6666666666666666,1.1666666666666667,-0.5,1.0,0.6666666666666666,0.3333333333333333,1.6666666666666667,0.9,0.8,1.2,1444.501,-4.0,-0.33333333333333337,0.0,-0.5,-9.916999999999916,0.0,0.0,0.0,0.0,0.0,0.0,1.0,CONCACAF/Gold Cup,group-stage,668498,2023-07-04T22:30:00+00:00,2023-07-04,Guadeloupe,Guatemala,2,3,A,17.0,10.0,8.0,4.0,espn
49.0,0.3469387755102041,0.22448979591836735,0.42857142857142855,1.2653061224489797,1.183673469387755,1.3673469387755102,-0.1836734693877551,1.5,1.125,0.88,1.6,1.3,1.1,1.8,1487.367,14.0,0.2857142857142857,0.0,0.7142857142857143,0.8571428571428571,1.2142857142857142,2.2857142857142856,-1.0714285714285714,1.3333333333333333,2.6666666666666665,1.125,2.0,0.6,1.3,2.8,1425.143,35.0,0.40816326530612257,0.8877551020408163,0.7000000000000001,62.22399999999993,0.0,0.0,0.0,0.0,0.0,0.0,1.0,CONCACAF/Gold Cup,group-stage,668499,2023-07-05T01:00:00+00:00,2023-07-05,Costa Rica,Martinique,6,4,H,14.0,14.0,8.0,6.0,espn
36.0,0.3888888888888889,0.2777777777777778,0.3333333333333333,1.4444444444444444,1.5,1.5,0.0,1.8235294117647058,1.0588235294117647,1.2105263157894737,1.894736842105263,1.6,1.9,1.5,1505.734,24.0,0.25,0.3333333333333333,0.4166666666666667,1.0833333333333333,1.0416666666666667,1.4166666666666667,-0.375,1.5555555555555556,0.5555555555555556,0.7333333333333333,1.9333333333333333,1.1,0.8,1.2,1452.017,12.0,0.36111111111111116,0.375,0.5,53.71699999999987,1.0,0.0,1.0,0.0,0.0,0.0,1.0,CONCACAF/Gold Cup,group-stage,668500,2023-07-05T01:00:00+00:00,2023-07-05,Panama,El Salvador,2,2,D,14.0,8.0,2.0,3.0,espn
37.0,0.3783783783783784,0.2972972972972973,0.32432432432432434,1.4324324324324325,1.5135135135135136,1.5135135135135136,0.0,1.8333333333333333,1.1111111111111112,1.2105263157894737,1.894736842105263,1.7,2.0,1.5,1503.466,14.0,0.2857142857142857,0.21428571428571427,0.5,1.0714285714285714,1.2857142857142858,1.5,-0.21428571428571427,1.1428571428571428,2.0,1.4285714285714286,1.0,1.3,1.3,1.3,1472.849,23.0,0.36100386100386106,0.21428571428571427,0.3999999999999999,30.616999999999962,1.0,0.0,1.0,0.0,0.0,1.0,1.0,CONCACAF/Gold Cup,quarterfinals,678987,2023-07-08T23:00:00+00:00,2023-07-08,Panama,Qatar,4,0,H,17.0,4.0,6.0,1.0,espn
68.0,0.5588235294117647,0.17647058823529413,0.2647058823529412,1.8529411764705883,1.6764705882352942,0.9705882352941176,0.7058823529411765,1.7027027027027026,0.8918918918918919,1.6451612903225807,1.064516129032258,1.9,1.5,0.7,1639.801,50.0,0.36,0.22,0.42,1.3,1.28,1.42,-0.14,1.68,1.24,0.88,1.6,1.6,1.6,2.1,1500.835,18.0,0.5529411764705883,0.8458823529411765,0.2999999999999998,138.9659999999999,3.0,1.0,0.0,1.3333333333333333,0.0,1.0,1.0,CONCACAF/Gold Cup,quarterfinals,678988,2023-07-09T02:10:00+00:00,2023-07-09,Mexico,Costa Rica,2,0,H,14.0,9.0,8.0,1.0,espn
13.0,0.23076923076923078,0.3076923076923077,0.46153846153846156,1.0,0.8461538461538461,1.2307692307692308,-0.38461538461538464,1.0,0.6666666666666666,0.7142857142857143,1.7142857142857142,0.9,0.7,1.4,1458.863,34.0,0.47058823529411764,0.17647058823529413,0.35294117647058826,1.588235294117647,1.2352941176470589,0.9411764705882353,0.29411764705882354,1.8125,0.9375,0.7222222222222222,0.9444444444444444,1.7,1.7,0.9,1571.011,-21.0,-0.588235294117647,-0.6787330316742082,-0.7999999999999999,-112.14799999999991,1.0,0.0,0.0,-2.0,0.0,1.0,1.0,CONCACAF/Gold Cup,quarterfinals,678985,2023-07-09T21:00:00+00:00,2023-07-09,Guatemala,Jamaica,0,1,A,11.0,18.0,6.0,3.0,espn
64.0,0.609375,0.171875,0.21875,2.0,1.890625,0.875,1.015625,1.9,0.925,1.875,0.7916666666666666,2.1,1.9,0.5,1701.882,28.0,0.2857142857142857,0.2857142857142857,0.42857142857142855,1.1428571428571428,1.4642857142857142,1.2142857142857142,0.25,2.1818181818181817,0.8181818181818182,1.0,1.4705882352941178,1.1,1.5,1.5,1473.257,36.0,0.8571428571428572,0.765625,1.0,228.625,2.0,1.0,0.0,1.5,0.0,1.0,1.0,CONCACAF/Gold Cup,quarterfinals,678986,2023-07-09T23:30:00+00:00,2023-07-09,United States,Canada,2,2,H,21.0,5.0,8.0,2.0,espn
65.0,0.6153846153846154,0.16923076923076924,0.2153846153846154,2.0153846153846153,1.8923076923076922,0.8923076923076924,1.0,1.9024390243902438,0.9512195121951219,1.875,0.7916666666666666,2.1,2.0,0.7,1708.135,38.0,0.39473684210526316,0.2894736842105263,0.3157894736842105,1.4736842105263157,1.5789473684210527,1.4736842105263157,0.10526315789473684,1.9473684210526316,1.0526315789473684,1.2105263157894737,1.894736842105263,1.7,2.2,1.5,1521.285,27.0,0.5417004048582996,0.8947368421052632,0.40000000000000013,186.8499999999999,7.0,0.42857142857142855,0.42857142857142855,0.2857142857142857,0.0,1.0,1.0,CONCACAF/Gold Cup,semifinals,676879,2023-07-12T23:30:00+00:00,2023-07-12,United States,Panama,1,1,A,14.0,12.0,3.0,5.0,espn
35.0,0.4857142857142857,0.17142857142857143,0.34285714285714286,1.6285714285714286,1.2285714285714286,0.9142857142857143,0.3142857142857143,1.8125,0.9375,0.7368421052631579,0.8947368421052632,1.9,1.7,0.8,1581.182,69.0,0.5652173913043478,0.17391304347826086,0.2608695652173913,1.8695652173913044,1.681159420289855,0.9565217391304348,0.7246376811594203,1.7105263157894737,0.868421052631579,1.6451612903225807,1.064516129032258,1.9,1.6,0.7,1649.95,-34.0,-0.24099378881987588,-0.410351966873706,0.0,-68.76800000000003,4.0,0.25,0.25,-0.75,0.0,1.0,1.0,CONCACAF/Gold Cup,semifinals,676878,2023-07-13T02:36:00+00:00,2023-07-13,Jamaica,Mexico,0,3,A,8.0,13.0,3.0,5.0,espn
70.0,0.5714285714285714,0.17142857142857143,0.2571428571428571,1.8857142857142857,1.7,0.9428571428571428,0.7571428571428571,1.7105263157894737,0.868421052631579,1.6875,1.03125,1.9,1.6,0.7,1664.394,39.0,0.41025641025641024,0.28205128205128205,0.3076923076923077,1.5128205128205128,1.564102564102564,1.4615384615384615,0.10256410256410256,1.9473684210526316,1.0526315789473684,1.2,1.85,1.7,1.9,1.4,1543.333,31.0,0.3728937728937729,0.6545787545787546,0.19999999999999996,121.06099999999992,3.0,0.3333333333333333,0.0,-0.3333333333333333,0.0,1.0,1.0,CONCACAF/Gold Cup,final,678990,2023-07-16T23:30:00+00:00,2023-07-16,Mexico,Panama,1,0,H,23.0,14.0,7.0,2.0,espn
36.0,0.5277777777777778,0.19444444444444445,0.2777777777777778,1.7777777777777777,1.5,0.8888888888888888,0.6111111111111112,1.65,0.75,1.3125,1.0625,1.6,1.3,0.7,1569.005,9.0,0.0,0.3333333333333333,0.6666666666666666,0.3333333333333333,0.2222222222222222,1.3333333333333333,-1.1111111111111112,0.0,1.75,0.4,1.0,0.3,0.2222222222222222,1.3333333333333333,1417.294,27.0,1.4444444444444444,1.7222222222222223,1.3,151.711,0.0,0.0,0.0,0.0,0.0,0.0,1.0,CAF/Africa Cup of Nations,group-stage,689252,2024-01-13T20:00:00+00:00,2024-01-13,Ivory Coast,Guinea-Bissau,2,0,H,10.0,10.0,4.0,3.0,espn
28.0,0.4642857142857143,0.17857142857142858,0.35714285714285715,1.5714285714285714,1.2142857142857142,1.0,0.21428571428571427,1.4285714285714286,0.9285714285714286,1.0,1.0714285714285714,2.1,1.4,0.9,1546.979,15.0,0.4666666666666667,0.13333333333333333,0.4,1.5333333333333334,0.7333333333333333,0.9333333333333333,-0.2,0.6666666666666666,0.6666666666666666,0.7777777777777778,1.1111111111111112,1.6,0.7,0.8,1516.393,13.0,0.03809523809523796,0.41428571428571426,0.5,30.586000000000013,0.0,0.0,0.0,0.0,0.0,0.0,1.0,CAF/Africa Cup of Nations,group-stage,689253,2024-01-14T14:00:00+00:00,2024-01-14,Nigeria,Equatorial Guinea,1,1,D,19.0,7.0,7.0,1.0,espn
20.0,0.6,0.05,0.35,1.85,0.8,0.6,0.2,1.0,0.5,0.6,0.7,2.1,0.8,0.3,1551.313,0.0,0.0,0.0,0.0,0.0,0.0,0.0,0.0,0.0,0.0,0.0,0.0,0.0,0.0,0.0,1500.0,20.0,1.85,0.2,2.1,51.3130000000001,0.0,0.0,0.0,0.0,0.0,0.0,1.0,CAF/Africa Cup of Nations,group-stage,689254,2024-01-14T17:00:00+00:00,2024-01-14,Egypt,Mozambique,2,2,D,21.0,6.0,5.0,2.0,espn
45.0,0.4222222222222222,0.15555555555555556,0.4222222222222222,1.4222222222222223,1.2,1.0666666666666667,0.13333333333333333,1.3636363636363635,0.9545454545454546,1.0434782608695652,1.173913043478261,0.9,1.3,1.5,1477.974,11.0,0.18181818181818182,0.5454545454545454,0.2727272727272727,1.0909090909090908,0.5454545454545454,0.8181818181818182,-0.2727272727272727,0.6,0.6,0.5,1.0,1.1,0.6,0.9,1482.133,34.0,0.33131313131313145,0.406060606060606,-0.20000000000000007,-4.1590000000001055,1.0,1.0,0.0,2.0,0.0,0.0,1.0,CAF/Africa Cup of Nations,group-stage,689255,2024-01-14T20:00:00+00:00,2024-01-14,Ghana,Cape Verde,1,2,A,10.0,15.0,1.0,5.0,espn
36.0,0.5,0.19444444444444445,0.3055555555555556,1.6944444444444444,1.25,0.9166666666666666,0.3333333333333333,0.9473684210526315,0.8421052631578947,1.588235294117647,1.0,2.0,1.3,0.9,1587.34,5.0,0.6,0.2,0.2,2.0,0.8,0.6,0.2,0.6666666666666666,1.0,1.0,0.0,1.0,0.8,0.6,1523.399,31.0,-0.3055555555555556,0.1333333333333333,1.0,63.94100000000003,0.0,0.0,0.0,0.0,0.0,0.0,1.0,CAF/Africa Cup of Nations,group-stage,689256,2024-01-15T14:00:00+00:00,2024-01-15,Senegal,Gambia,3,0,H,14.0,12.0,6.0,2.0,espn
32.0,0.375,0.28125,0.34375,1.40625,1.125,1.15625,-0.03125,1.2105263157894737,1.2105263157894737,1.0,1.0769230769230769,2.0,1.8,1.1,1552.592,15.0,0.2,0.4,0.4,1.0,1.0666666666666667,1.2,-0.13333333333333333,1.0,1.0,1.0909090909090908,1.2727272727272727,0.9,0.7,1.3,1459.783,17.0,0.40625,0.10208333333333333,1.1,92.8090000000002,1.0,0.0,1.0,0.0,0.0,0.0,1.0,CAF/Africa Cup of Nations,group-stage,689257,2024-01-15T17:00:00+00:00,2024-01-15,Cameroon,Guinea,1,1,D,13.0,6.0,2.0,2.0,espn
27.0,0.37037037037037035,0.2222222222222222,0.4074074074074074,1.3333333333333333,1.2592592592592593,1.1481481481481481,0.1111111111111111,1.3333333333333333,1.0833333333333333,1.2,1.2,2.2,1.4,0.6,1526.136,11.0,0.09090909090909091,0.5454545454545454,0.36363636363636365,0.8181818181818182,0.6363636363636364,1.0909090909090908,-0.45454545454545453,0.0,0.5,0.7777777777777778,1.2222222222222223,0.8,0.7,1.2,1453.721,16.0,0.515151515151515,0.5656565656565656,1.4000000000000001,72.41499999999996,0.0,0.0,0.0,0.0,0.0,0.0,1.0,CAF/Africa Cup of Nations,group-stage,689258,2024-01-15T20:00:00+00:00,2024-01-15,Algeria,Angola,1,1,D,16.0,7.0,3.0,1.0,espn
25.0,0.32,0.28,0.4,1.24,1.08,1.04,0.04,1.2666666666666666,1.0,0.8,1.1,1.6,1.3,1.1,1497.338,6.0,0.0,0.3333333333333333,0.6666666666666666,0.3333333333333333,0.16666666666666666,1.8333333333333333,-1.6666666666666667,0.0,0.3333333333333333,0.3333333333333333,3.3333333333333335,0.2,0.16666666666666666,1.8333333333333333,1433.588,19.0,0.9066666666666667,1.7066666666666668,1.4000000000000001,63.75,0.0,0.0,0.0,0.0,0.0,0.0,1.0,CAF/Africa Cup of Nations,group-stage,689259,2024-01-16T14:00:00+00:00,2024-01-16,Burkina Faso,Mauritania,1,0,H,11.0,9.0,5.0,4.0,espn
38.0,0.3157894736842105,0.23684210526315788,0.4473684210526316,1.1842105263157894,1.0263157894736843,1.236842105263158,-0.21052631578947367,1.0,1.0714285714285714,1.0416666666666667,1.3333333333333333,1.0,0.6,0.6,1482.051,3.0,0.0,0.0,1.0,0.0,0.3333333333333333,2.0,-1.6666666666666667,1.0,4.0,0.0,1.0,0.0,0.3333333333333333,2.0,1454.794,35.0,1.1842105263157894,1.456140350877193,1.0,27.256999999999834,0.0,0.0,0.0,0.0,0.0,0.0,1.0,CAF/Africa Cup of Nations,group-stage,689260,2024-01-16T17:00:00+00:00,2024-01-16,Tunisia,Namibia,0,1,A,10.0,13.0,4.0,6.0,espn
26.0,0.34615384615384615,0.38461538461538464,0.2692307692307692,1.4230769230769231,1.0384615384615385,0.8461538461538461,0.19230769230769232,1.1818181818181819,0.8181818181818182,0.9333333333333333,0.8666666666666667,1.5,1.1,0.6,1521.819,18.0,0.2777777777777778,0.3333333333333333,0.3888888888888889,1.1666666666666667,1.0555555555555556,1.2777777777777777,-0.2222222222222222,0.9090909090909091,1.0909090909090908,1.2857142857142858,1.5714285714285714,0.9,0.9,1.3,1470.252,8.0,0.2564102564102564,0.4145299145299145,0.6,51.56700000000001,1.0,0.0,1.0,0.0,0.0,0.0,1.0,CAF/Africa Cup of Nations,group-stage,689261,2024-01-16T20:00:00+00:00,2024-01-16,Mali,South Africa,2,0,H,16.0,12.0,7.0,6.0,espn
29.0,0.4482758620689655,0.20689655172413793,0.3448275862068966,1.5517241379310345,1.0689655172413792,0.896551724137931,0.1724137931034483,1.1333333333333333,0.6,1.0,1.2142857142857142,1.7,1.1,1.0,1582.879,3.0,0.0,0.0,1.0,0.0,0.6666666666666666,2.6666666666666665,-2.0,0.0,3.0,1.0,2.5,0.0,0.6666666666666666,2.6666666666666665,1450.794,26.0,1.5517241379310345,2.1724137931034484,1.7,132.0849999999998,0.0,0.0,0.0,0.0,0.0,0.0,1.0,CAF/Africa Cup of Nations,group-stage,689262,2024-01-17T17:00:00+00:00,2024-01-17,Morocco,Tanzania,3,0,H,14.0,2.0,7.0,0.0,espn
17.0,0.29411764705882354,0.4117647058823529,0.29411764705882354,1.2941176470588236,1.3529411764705883,1.2352941176470589,0.11764705882352941,0.7142857142857143,1.2857142857142858,1.8,1.2,1.3,1.4,1.4,1497.629,12.0,0.3333333333333333,0.5833333333333334,0.08333333333333333,1.5833333333333333,1.0833333333333333,0.6666666666666666,0.4166666666666667,1.1428571428571428,0.7142857142857143,1.0,0.6,1.5,0.9,0.5,1529.202,5.0,-0.28921568627450966,-0.2990196078431373,-0.19999999999999996,-31.573000000000093,1.0,0.0,1.0,0.0,0.0,0.0,1.0,CAF/Africa Cup of Nations,group-stage,689263,2024-01-17T20:00:00+00:00,2024-01-17,Congo DR,Zambia,1,1,D,25.0,3.0,6.0,1.0,espn
16.0,0.4375,0.1875,0.375,1.5,0.75,0.9375,-0.1875,0.6666666666666666,0.6666666666666666,0.8,1.1,1.6,0.8,0.9,1517.691,10.0,0.0,0.3,0.7,0.3,0.2,1.4,-1.2,0.0,1.75,0.3333333333333333,1.1666666666666667,0.3,0.2,1.4,1407.651,6.0,1.2,1.0125,1.3,110.03999999999996,0.0,0.0,0.0,0.0,0.0,0.0,1.0,CAF/Africa Cup of Nations,group-stage,689264,2024-01-18T14:00:00+00:00,2024-01-18,Equatorial Guinea,Guinea-Bissau,4,2,H,8.0,13.0,6.0,2.0,espn
37.0,0.5405405405405406,0.1891891891891892,0.2702702702702703,1.8108108108108107,1.5135135135135136,0.8648648648648649,0.6486486486486487,1.6666666666666667,0.7142857142857143,1.3125,1.0625,1.9,1.5,0.6,1578.648,29.0,0.4482758620689655,0.20689655172413793,0.3448275862068966,1.5517241379310345,1.206896551724138,1.0,0.20689655172413793,1.4,0.9333333333333333,1.0,1.0714285714285714,1.9,1.4,1.0,1545.681,8.0,0.25908667287977627,0.4417520969245108,0.0,32.96699999999987,1.0,0.0,0.0,-1.0,0.0,0.0,1.0,CAF/Africa Cup of Nations,group-stage,689266,2024-01-18T17:00:00+00:00,2024-01-18,Ivory Coast,Nigeria,0,1,A,14.0,11.0,3.0,1.0,espn
21.0,0.5714285714285714,0.09523809523809523,0.3333333333333333,1.8095238095238095,0.8571428571428571,0.6666666666666666,0.19047619047619047,1.0909090909090908,0.6363636363636364,0.6,0.7,1.9,0.8,0.5,1549.145,46.0,0.41304347826086957,0.15217391304347827,0.43478260869565216,1.391304347826087,1.1956521739130435,1.0869565217391304,0.10869565217391304,1.3478260869565217,1.0,1.0434782608695652,1.173913043478261,0.8,1.2,1.5,1463.367,-25.0,0.4182194616977226,0.08178053830227743,1.0999999999999999,85.77800000000002,1.0,1.0,0.0,1.0,0.0,0.0,1.0,CAF/Africa Cup of Nations,group-stage,689268,2024-01-18T20:00:00+00:00,2024-01-18,Egypt,Ghana,2,2,D,11.0,6.0,5.0,3.0,espn
12.0,0.25,0.5,0.25,1.25,0.6666666666666666,0.8333333333333334,-0.16666666666666666,0.6,0.6,0.7142857142857143,1.0,1.3,0.7,0.9,1496.74,1.0,0.0,1.0,0.0,1.0,2.0,2.0,0.0,0.0,0.0,2.0,2.0,0.1,2.0,2.0,1502.168,11.0,0.25,-0.16666666666666666,1.2,-5.427999999999884,0.0,0.0,0.0,0.0,0.0,0.0,1.0,CAF/Africa Cup of Nations,group-stage,689269,2024-01-19T14:00:00+00:00,2024-01-19,Cape Verde,Mozambique,3,0,H,11.0,8.0,5.0,2.0,espn
37.0,0.5135135135135135,0.1891891891891892,0.2972972972972973,1.7297297297297298,1.2972972972972974,0.8918918918918919,0.40540540540540543,1.05,0.8,1.588235294117647,1.0,2.2,1.6,0.9,1602.025,33.0,0.36363636363636365,0.30303030303030304,0.3333333333333333,1.393939393939394,1.121212121212121,1.1515151515151516,-0.030303030303030304,1.2,1.2,1.0,1.0769230769230769,1.8,1.7,1.1,1548.734,4.0,0.3357903357903358,0.43570843570843576,0.40000000000000013,53.29100000000017,1.0,0.0,0.0,0.0,0.0,0.0,1.0,CAF/Africa Cup of Nations,group-stage,689265,2024-01-19T17:00:00+00:00,2024-01-19,Senegal,Cameroon,3,1,H,5.0,5.0,3.0,1.0,espn
16.0,0.1875,0.4375,0.375,1.0,1.0625,1.1875,-0.125,1.0,1.0,1.0833333333333333,1.25,0.9,0.7,1.3,1463.641,6.0,0.5,0.16666666666666666,0.3333333333333333,1.6666666666666667,0.6666666666666666,1.0,-0.3333333333333333,0.6666666666666666,1.0,0.6666666666666666,1.0,1.0,0.6666666666666666,1.0,1508.714,10.0,-0.6666666666666667,0.20833333333333331,-0.09999999999999998,-45.072999999999865,1.0,0.0,0.0,-1.0,0.0,0.0,1.0,CAF/Africa Cup of Nations,group-stage,689267,2024-01-19T20:00:00+00:00,2024-01-19,Guinea,Gambia,1,0,H,16.0,7.0,6.0,0.0,espn
28.0,0.35714285714285715,0.25,0.39285714285714285,1.3214285714285714,1.25,1.1428571428571428,0.10714285714285714,1.3076923076923077,1.0769230769230769,1.2,1.2,2.0,1.3,0.7,1523.098,26.0,0.34615384615384615,0.2692307692307692,0.38461538461538464,1.3076923076923077,1.0769230769230769,1.0,0.07692307692307693,1.25,0.9375,0.8,1.1,1.6,1.2,1.1,1509.439,2.0,0.013736263736263687,0.03021978021978021,0.3999999999999999,13.658999999999878,0.0,0.0,0.0,0.0,0.0,0.0,1.0,CAF/Africa Cup of Nations,group-stage,689270,2024-01-20T14:00:00+00:00,2024-01-20,Algeria,Burkina Faso,2,2,D,15.0,6.0,4.0,3.0,espn
7.0,0.0,0.2857142857142857,0.7142857142857143,0.2857142857142857,0.14285714285714285,1.7142857142857142,-1.5714285714285714,0.0,0.3333333333333333,0.25,2.75,0.2,0.14285714285714285,1.7142857142857142,1421.487,12.0,0.08333333333333333,0.5833333333333334,0.3333333333333333,0.8333333333333334,0.6666666666666666,1.0833333333333333,-0.4166666666666667,0.0,0.5,0.8,1.2,0.8,0.7,1.2,1456.759,-5.0,-0.5476190476190477,-1.1547619047619047,-0.6000000000000001,-35.271999999999935,1.0,0.0,1.0,0.0,0.0,0.0,1.0,CAF/Africa Cup of Nations,group-stage,689271,2024-01-20T17:00:00+00:00,2024-01-20,Mauritania,Angola,2,3,A,14.0,19.0,4.0,6.0,espn
39.0,0.3076923076923077,0.23076923076923078,0.46153846153846156,1.1538461538461537,1.0,1.2307692307692308,-0.23076923076923078,0.9333333333333333,1.0666666666666667,1.0416666666666667,1.3333333333333333,1.0,0.6,0.6,1466.11,27.0,0.37037037037037035,0.37037037037037035,0.25925925925925924,1.4814814814814814,1.0740740740740742,0.8148148148148148,0.25925925925925924,1.25,0.75,0.9333333333333333,0.8666666666666667,1.8,1.3,0.5,1535.775,12.0,-0.32763532763532766,-0.49002849002849,-0.8,-69.66500000000019,2.0,0.0,0.5,-0.5,0.0,0.0,1.0,CAF/Africa Cup of Nations,group-stage,689272,2024-01-20T20:00:00+00:00,2024-01-20,Tunisia,Mali,1,1,D,5.0,12.0,1.0,1.0,espn
30.0,0.4666666666666667,0.2,0.3333333333333333,1.6,1.1333333333333333,0.8666666666666667,0.26666666666666666,1.25,0.5625,1.0,1.2142857142857142,1.9,1.2,0.8,1594.317,18.0,0.2777777777777778,0.4444444444444444,0.2777777777777778,1.2777777777777777,1.3333333333333333,1.2222222222222223,0.1111111111111111,0.75,1.25,1.8,1.2,1.4,1.4,1.2,1498.969,12.0,0.3222222222222224,0.15555555555555556,0.5,95.34799999999996,1.0,0.0,0.0,-1.0,0.0,0.0,1.0,CAF/Africa Cup of Nations,group-stage,689273,2024-01-21T14:00:00+00:00,2024-01-21,Morocco,Congo DR,1,1,D,11.0,10.0,4.0,2.0,espn
13.0,0.3076923076923077,0.6153846153846154,0.07692307692307693,1.5384615384615385,1.0769230769230769,0.6923076923076923,0.38461538461538464,1.1428571428571428,0.7142857142857143,1.0,0.6666666666666666,1.3,0.9,0.6,1527.862,4.0,0.0,0.0,1.0,0.0,0.5,2.75,-2.25,0.0,3.0,0.6666666666666666,2.6666666666666665,0.0,0.5,2.75,1439.356,9.0,1.5384615384615385,2.6346153846153846,1.3,88.50600000000009,0.0,0.0,0.0,0.0,0.0,0.0,1.0,CAF/Africa Cup of Nations,group-stage,689274,2024-01-21T17:00:00+00:00,2024-01-21,Zambia,Tanzania,1,1,D,11.0,6.0,4.0,2.0,espn
19.0,0.2631578947368421,0.3157894736842105,0.42105263157894735,1.105263157894737,1.0,1.3157894736842106,-0.3157894736842105,0.9090909090909091,1.0909090909090908,1.125,1.625,0.8,0.7,1.3,1456.296,4.0,0.25,0.0,0.75,0.75,0.5,1.5,-1.0,1.0,4.0,0.3333333333333333,0.6666666666666666,0.3,0.5,1.5,1470.735,15.0,0.35526315789473695,0.6842105263157895,0.5,-14.43899999999985,1.0,1.0,0.0,1.0,0.0,0.0,1.0,CAF/Africa Cup of Nations,group-stage,689275,2024-01-21T20:00:00+00:00,2024-01-21,South Africa,Namibia,4,0,H,12.0,4.0,8.0,1.0,espn
17.0,0.47058823529411764,0.17647058823529413,0.35294117647058826,1.588235294117647,0.9411764705882353,1.0,-0.058823529411764705,1.1428571428571428,0.8571428571428571,0.8,1.1,1.6,1.0,1.1,1529.042,38.0,0.5263157894736842,0.18421052631578946,0.2894736842105263,1.763157894736842,1.4736842105263157,0.868421052631579,0.6052631578947368,1.5909090909090908,0.7272727272727273,1.3125,1.0625,1.6,1.4,0.7,1562.465,-21.0,-0.17492260061919507,-0.6640866873065016,0.0,-33.423,2.0,0.0,0.0,-2.0,0.0,0.0,1.0,CAF/Africa Cup of Nations,group-stage,689276,2024-01-22T17:00:00+00:00,2024-01-22,Equatorial Guinea,Ivory Coast,4,0,H,10.0,22.0,7.0,3.0,espn
11.0,0.0,0.2727272727272727,0.7272727272727273,0.2727272727272727,0.36363636363636365,1.6363636363636365,-1.2727272727272727,0.0,1.75,0.5714285714285714,1.5714285714285714,0.2,0.3,1.7,1396.3,30.0,0.4666666666666667,0.2,0.3333333333333333,1.6,1.2,0.9666666666666667,0.23333333333333334,1.4,0.9333333333333333,1.0,1.0,2.2,1.5,0.8,1561.864,-19.0,-1.3272727272727274,-1.506060606060606,-2.0,-165.56400000000008,1.0,0.0,0.0,-2.0,0.0,0.0,1.0,CAF/Africa Cup of Nations,group-stage,689277,2024-01-22T17:00:00+00:00,2024-01-22,Guinea-Bissau,Nigeria,0,1,A,12.0,11.0,5.0,1.0,espn
13.0,0.3076923076923077,0.46153846153846156,0.23076923076923078,1.3846153846153846,0.8461538461538461,0.7692307692307693,0.07692307692307693,1.0,0.5,0.7142857142857143,1.0,1.3,0.8,0.8,1514.972,22.0,0.5454545454545454,0.13636363636363635,0.3181818181818182,1.7727272727272727,0.9090909090909091,0.7272727272727273,0.18181818181818182,1.1666666666666667,0.75,0.6,0.7,1.7,0.8,0.7,1545.567,-9.0,-0.3881118881118881,-0.1048951048951049,-0.3999999999999999,-30.595000000000027,0.0,0.0,0.0,0.0,0.0,0.0,1.0,CAF/Africa Cup of Nations,group-stage,689279,2024-01-22T20:00:00+00:00,2024-01-22,Cape Verde,Egypt,2,2,D,6.0,27.0,3.0,7.0,espn
2.0,0.0,0.5,0.5,0.5,1.0,2.5,-1.5,0.0,0.0,1.0,2.5,0.1,1.0,2.5,1483.936,47.0,0.40425531914893614,0.1702127659574468,0.425531914893617,1.3829787234042554,1.2127659574468086,1.1063829787234043,0.10638297872340426,1.3478260869565217,1.0,1.0833333333333333,1.2083333333333333,0.8,1.4,1.7,1466.945,-45.0,-0.8829787234042554,-1.6063829787234043,-0.7000000000000001,16.990999999999985,0.0,0.0,0.0,0.0,0.0,0.0,1.0,CAF/Africa Cup of Nations,group-stage,689278,2024-01-22T20:00:00+00:00,2024-01-22,Mozambique,Ghana,2,2,D,11.0,8.0,4.0,4.0,espn
7.0,0.42857142857142855,0.14285714285714285,0.42857142857142855,1.4285714285714286,0.5714285714285714,1.0,-0.42857142857142855,0.6666666666666666,1.0,0.5,1.0,1.0,0.5714285714285714,1.0,1492.023,34.0,0.35294117647058826,0.29411764705882354,0.35294117647058826,1.3529411764705883,1.1176470588235294,1.2058823529411764,-0.08823529411764706,1.2,1.2,1.0,1.2142857142857142,1.5,1.4,1.3,1534.857,-27.0,0.07563025210084029,-0.34033613445378147,-0.5,-42.83400000000006,1.0,0.0,0.0,-2.0,0.0,0.0,1.0,CAF/Africa Cup of Nations,group-stage,689280,2024-01-23T17:00:00+00:00,2024-01-23,Gambia,Cameroon,2,3,A,15.0,13.0,7.0,3.0,espn
17.0,0.23529411764705882,0.4117647058823529,0.35294117647058826,1.1176470588235294,1.0588235294117647,1.1176470588235294,-0.058823529411764705,1.0,0.8,1.0833333333333333,1.25,1.2,0.8,1.0,1480.332,38.0,0.5263157894736842,0.18421052631578946,0.2894736842105263,1.763157894736842,1.3421052631578947,0.8947368421052632,0.4473684210526316,1.1428571428571428,0.8095238095238095,1.588235294117647,1.0,2.4,1.9,1.0,1615.902,-21.0,-0.6455108359133126,-0.5061919504643962,-1.2,-135.56999999999994,1.0,0.0,1.0,0.0,0.0,0.0,1.0,CAF/Africa Cup of Nations,group-stage,689281,2024-01-23T17:00:00+00:00,2024-01-23,Guinea,Senegal,0,2,A,4.0,12.0,1.0,2.0,espn
13.0,0.15384615384615385,0.5384615384615384,0.3076923076923077,1.0,0.8461538461538461,1.1538461538461537,-0.3076923076923077,0.0,0.5,1.0,1.2727272727272727,0.8,0.8,1.3,1470.047,27.0,0.3333333333333333,0.2962962962962963,0.37037037037037035,1.2962962962962963,1.1111111111111112,1.037037037037037,0.07407407407407407,1.25,0.9375,0.9090909090909091,1.1818181818181819,1.7,1.3,1.2,1510.02,-14.0,-0.2962962962962963,-0.3817663817663818,-0.8999999999999999,-39.972999999999956,1.0,1.0,0.0,1.0,0.0,0.0,1.0,CAF/Africa Cup of Nations,group-stage,689282,2024-01-23T20:00:00+00:00,2024-01-23,Angola,Burkina Faso,2,0,H,6.0,20.0,5.0,3.0,espn
8.0,0.0,0.25,0.75,0.25,0.375,1.875,-1.5,0.5,1.0,0.25,2.75,0.2,0.375,1.875,1408.199,29.0,0.3448275862068966,0.27586206896551724,0.3793103448275862,1.3103448275862069,1.2758620689655173,1.1724137931034482,0.10344827586206896,1.3571428571428572,1.1428571428571428,1.2,1.2,1.8,1.4,0.9,1522.517,-21.0,-1.0603448275862069,-1.603448275862069,-1.6,-114.31799999999998,0.0,0.0,0.0,0.0,0.0,0.0,1.0,CAF/Africa Cup of Nations,group-stage,689283,2024-01-23T20:00:00+00:00,2024-01-23,Mauritania,Algeria,1,0,H,17.0,16.0,7.0,6.0,espn
5.0,0.2,0.0,0.8,0.6,0.4,2.0,-1.6,1.0,4.0,0.25,1.5,0.3,0.4,2.0,1450.388,28.0,0.35714285714285715,0.39285714285714285,0.25,1.4642857142857142,1.0714285714285714,0.8214285714285714,0.25,1.25,0.75,0.9375,0.875,1.8,1.3,0.5,1532.85,-23.0,-0.8642857142857142,-1.85,-1.5,-82.46199999999999,0.0,0.0,0.0,0.0,0.0,0.0,1.0,CAF/Africa Cup of Nations,group-stage,689285,2024-01-24T17:00:00+00:00,2024-01-24,Namibia,Mali,0,0,D,5.0,10.0,1.0,2.0,espn
20.0,0.3,0.3,0.4,1.2,1.15,1.25,-0.1,1.1666666666666667,1.0,1.125,1.625,1.0,1.0,1.2,1476.643,40.0,0.3,0.25,0.45,1.15,1.0,1.225,-0.225,0.9375,1.0625,1.0416666666666667,1.3333333333333333,1.1,0.7,0.6,1469.035,-20.0,0.050000000000000044,0.125,-0.10000000000000009,7.607999999999947,0.0,0.0,0.0,0.0,0.0,0.0,1.0,CAF/Africa Cup of Nations,group-stage,689284,2024-01-24T17:00:00+00:00,2024-01-24,South Africa,Tunisia,0,0,D,11.0,11.0,2.0,2.0,espn
5.0,0.0,0.2,0.8,0.2,0.6,2.4,-1.8,0.0,3.0,0.75,2.25,0.1,0.6,2.4,1443.043,19.0,0.2631578947368421,0.47368421052631576,0.2631578947368421,1.263157894736842,1.3157894736842106,1.2105263157894737,0.10526315789473684,0.75,1.25,1.7272727272727273,1.1818181818181819,1.2,1.5,1.3,1502.927,-14.0,-1.063157894736842,-1.905263157894737,-1.0999999999999999,-59.884000000000015,0.0,0.0,0.0,0.0,0.0,0.0,1.0,CAF/Africa Cup of Nations,group-stage,689286,2024-01-24T20:00:00+00:00,2024-01-24,Tanzania,Congo DR,0,0,D,4.0,9.0,0.0,3.0,espn
14.0,0.2857142857142857,0.6428571428571429,0.07142857142857142,1.5,1.0714285714285714,0.7142857142857143,0.35714285714285715,1.125,0.75,1.0,0.6666666666666666,1.1,0.7,0.7,1524.175,31.0,0.45161290322580644,0.22580645161290322,0.3225806451612903,1.5806451612903225,1.1290322580645162,0.8709677419354839,0.25806451612903225,1.2352941176470589,0.5882352941176471,1.0,1.2142857142857142,1.7,1.1,0.8,1590.359,-17.0,-0.08064516129032251,0.0990783410138249,-0.5999999999999999,-66.18399999999997,0.0,0.0,0.0,0.0,0.0,0.0,1.0,CAF/Africa Cup of Nations,group-stage,689287,2024-01-24T20:00:00+00:00,2024-01-24,Zambia,Morocco,0,1,A,11.0,19.0,2.0,7.0,espn
14.0,0.21428571428571427,0.5,0.2857142857142857,1.1428571428571428,0.9285714285714286,1.0714285714285714,-0.14285714285714285,0.6666666666666666,0.3333333333333333,1.0,1.2727272727272727,1.0,0.8,1.1,1488.29,6.0,0.16666666666666666,0.16666666666666666,0.6666666666666666,0.6666666666666666,0.3333333333333333,1.6666666666666667,-1.3333333333333333,0.5,2.0,0.25,1.5,0.4,0.3333333333333333,1.6666666666666667,1453.832,8.0,0.47619047619047616,1.1904761904761905,0.6,34.457999999999856,0.0,0.0,0.0,0.0,0.0,1.0,1.0,CAF/Africa Cup of Nations,round-of-16,697521,2024-01-27T17:00:00+00:00,2024-01-27,Angola,Namibia,3,0,H,11.0,11.0,4.0,3.0,espn
31.0,0.4838709677419355,0.1935483870967742,0.3225806451612903,1.6451612903225807,1.1935483870967742,0.9354838709677419,0.25806451612903225,1.4,0.9333333333333333,1.0,0.9375,2.2,1.3,0.6,1570.092,35.0,0.37142857142857144,0.2857142857142857,0.34285714285714286,1.4,1.1714285714285715,1.2285714285714286,-0.05714285714285714,1.2,1.2,1.1333333333333333,1.2666666666666666,1.7,1.6,1.4,1547.828,-4.0,0.24516129032258083,0.3152073732718894,0.5000000000000002,22.264000000000124,1.0,1.0,0.0,1.0,0.0,1.0,1.0,CAF/Africa Cup of Nations,round-of-16,697522,2024-01-27T20:00:00+00:00,2024-01-27,Nigeria,Cameroon,2,0,H,8.0,6.0,4.0,0.0,espn
18.0,0.5,0.16666666666666666,0.3333333333333333,1.6666666666666667,1.1111111111111112,0.9444444444444444,0.16666666666666666,1.5,0.75,0.8,1.1,1.6,1.2,1.0,1550.452,18.0,0.2222222222222222,0.3888888888888889,0.3888888888888889,1.0555555555555556,1.0,1.1666666666666667,-0.16666666666666666,0.8333333333333334,1.0,1.0833333333333333,1.25,1.1,0.6,1.0,1470.045,0.0,0.6111111111111112,0.3333333333333333,0.5,80.40699999999993,0.0,0.0,0.0,0.0,0.0,1.0,1.0,CAF/Africa Cup of Nations,round-of-16,697523,2024-01-28T17:00:00+00:00,2024-01-28,Equatorial Guinea,Guinea,0,1,A,5.0,10.0,0.0,4.0,espn
23.0,0.5217391304347826,0.17391304347826086,0.30434782608695654,1.7391304347826086,0.9565217391304348,0.782608695652174,0.17391304347826086,1.1666666666666667,0.75,0.7272727272727273,0.8181818181818182,1.8,1.0,0.8,1544.268,20.0,0.25,0.5,0.25,1.25,1.25,1.15,0.1,0.75,1.25,1.5833333333333333,1.0833333333333333,1.0,1.4,1.3,1500.404,3.0,0.48913043478260865,0.07391304347826086,0.8,43.86400000000003,1.0,1.0,0.0,2.0,0.0,1.0,1.0,CAF/Africa Cup of Nations,round-of-16,697524,2024-01-28T20:00:00+00:00,2024-01-28,Egypt,Congo DR,1,1,A,10.0,12.0,3.0,1.0,espn
14.0,0.2857142857142857,0.5,0.21428571428571427,1.3571428571428572,0.9285714285714286,0.8571428571428571,0.07142857142857142,1.1428571428571428,0.7142857142857143,0.7142857142857143,1.0,1.4,1.0,0.8,1516.271,9.0,0.1111111111111111,0.2222222222222222,0.6666666666666666,0.5555555555555556,0.4444444444444444,1.6666666666666667,-1.2222222222222223,0.6,0.8,0.25,2.75,0.5,0.4444444444444444,1.6666666666666667,1427.679,5.0,0.8015873015873016,1.2936507936507937,0.8999999999999999,88.59199999999987,0.0,0.0,0.0,0.0,0.0,1.0,1.0,CAF/Africa Cup of Nations,round-of-16,697525,2024-01-29T17:00:00+00:00,2024-01-29,Cape Verde,Mauritania,1,0,H,18.0,11.0,4.0,0.0,espn
39.0,0.5384615384615384,0.1794871794871795,0.28205128205128205,1.794871794871795,1.358974358974359,0.8717948717948718,0.48717948717948717,1.1428571428571428,0.8095238095238095,1.6111111111111112,0.9444444444444444,2.4,1.9,1.0,1626.189,39.0,0.5128205128205128,0.1794871794871795,0.3076923076923077,1.7179487179487178,1.435897435897436,0.9487179487179487,0.48717948717948717,1.5909090909090908,0.7272727272727273,1.2352941176470589,1.2352941176470589,1.6,1.4,1.0,1541.055,0.0,0.0769230769230771,0.0,0.7999999999999998,85.13400000000001,0.0,0.0,0.0,0.0,0.0,1.0,1.0,CAF/Africa Cup of Nations,round-of-16,697526,2024-01-29T20:00:00+00:00,2024-01-29,Senegal,Ivory Coast,1,1,A,13.0,8.0,4.0,4.0,espn
29.0,0.3448275862068966,0.41379310344827586,0.2413793103448276,1.4482758620689655,1.0344827586206897,0.7931034482758621,0.2413793103448276,1.25,0.75,0.8823529411764706,0.8235294117647058,1.6,0.9,0.4,1529.406,28.0,0.32142857142857145,0.2857142857142857,0.39285714285714285,1.25,1.0714285714285714,1.0714285714285714,0.0,1.25,0.9375,0.8333333333333334,1.25,1.4,1.2,1.4,1491.777,1.0,0.19827586206896552,0.2413793103448276,0.20000000000000018,37.628999999999905,0.0,0.0,0.0,0.0,0.0,1.0,1.0,CAF/Africa Cup of Nations,round-of-16,697527,2024-01-30T17:00:00+00:00,2024-01-30,Mali,Burkina Faso,2,1,H,14.0,8.0,4.0,4.0,espn
32.0,0.46875,0.21875,0.3125,1.625,1.125,0.84375,0.28125,1.2352941176470589,0.5882352941176471,1.0,1.1333333333333333,2.0,1.1,0.6,1602.36,21.0,0.2857142857142857,0.3333333333333333,0.38095238095238093,1.1904761904761905,1.0952380952380953,1.1904761904761905,-0.09523809523809523,1.0769230769230769,0.9230769230769231,1.125,1.625,1.1,0.9,0.9,1476.319,11.0,0.43452380952380953,0.37648809523809523,0.8999999999999999,126.04099999999994,2.0,0.5,0.5,0.5,0.0,1.0,1.0,CAF/Africa Cup of Nations,round-of-16,697528,2024-01-30T20:00:00+00:00,2024-01-30,Morocco,South Africa,0,2,A,13.0,5.0,2.0,3.0,espn
32.0,0.5,0.1875,0.3125,1.6875,1.21875,0.90625,0.3125,1.4375,0.875,1.0,0.9375,2.2,1.3,0.5,1585.413,15.0,0.26666666666666666,0.4666666666666667,0.26666666666666666,1.2666666666666666,1.0666666666666667,1.0,0.06666666666666667,1.25,0.25,1.0,1.2727272727272727,1.3,1.1,0.9,1504.467,17.0,0.4208333333333334,0.24583333333333335,0.9000000000000001,80.94599999999991,0.0,0.0,0.0,0.0,0.0,1.0,1.0,CAF/Africa Cup of Nations,quarterfinals,698121,2024-02-02T17:00:00+00:00,2024-02-02,Nigeria,Angola,1,0,H,13.0,10.0,3.0,2.0,espn
21.0,0.2857142857142857,0.47619047619047616,0.23809523809523808,1.3333333333333333,1.2380952380952381,1.1428571428571428,0.09523809523809523,0.75,1.25,1.5384615384615385,1.0769230769230769,1.2,1.3,1.2,1517.045,19.0,0.2631578947368421,0.3684210526315789,0.3684210526315789,1.1578947368421053,1.0,1.105263157894737,-0.10526315789473684,0.8333333333333334,1.0,1.0769230769230769,1.1538461538461537,1.4,0.7,0.9,1488.191,2.0,0.17543859649122795,0.20050125313283207,-0.19999999999999996,28.854000000000042,0.0,0.0,0.0,0.0,0.0,1.0,1.0,CAF/Africa Cup of Nations,quarterfinals,698135,2024-02-02T20:00:00+00:00,2024-02-02,Congo DR,Guinea,3,1,H,12.0,7.0,3.0,3.0,espn
30.0,0.36666666666666664,0.4,0.23333333333333334,1.5,1.0666666666666667,0.8,0.26666666666666666,1.3076923076923077,0.7692307692307693,0.8823529411764706,0.8235294117647058,1.8,1.0,0.4,1542.595,40.0,0.525,0.175,0.3,1.75,1.425,0.95,0.475,1.5909090909090908,0.7272727272727273,1.2222222222222223,1.2222222222222223,1.6,1.1,1.0,1559.391,-10.0,-0.25,-0.20833333333333331,0.19999999999999996,-16.79600000000005,3.0,0.0,0.3333333333333333,-0.6666666666666666,0.0,1.0,1.0,CAF/Africa Cup of Nations,quarterfinals,698136,2024-02-03T17:00:00+00:00,2024-02-03,Mali,Ivory Coast,1,2,A,11.0,11.0,4.0,3.0,espn
15.0,0.3333333333333333,0.4666666666666667,0.2,1.4666666666666666,0.9333333333333333,0.8,0.13333333333333333,1.125,0.625,0.7142857142857143,1.0,1.6,1.0,0.7,1527.365,22.0,0.3181818181818182,0.3181818181818182,0.36363636363636365,1.2727272727272727,1.1363636363636365,1.1363636363636365,0.0,1.0769230769230769,0.9230769230769231,1.2222222222222223,1.4444444444444444,1.3,1.0,0.8,1498.377,-7.0,0.19393939393939386,0.13333333333333333,0.30000000000000004,28.988000000000056,1.0,0.0,1.0,0.0,0.0,1.0,1.0,CAF/Africa Cup of Nations,quarterfinals,698137,2024-02-03T20:00:00+00:00,2024-02-03,Cape Verde,South Africa,0,0,A,25.0,16.0,2.0,6.0,espn
33.0,0.5151515151515151,0.18181818181818182,0.30303030303030304,1.7272727272727273,1.2121212121212122,0.8787878787878788,0.3333333333333333,1.411764705882353,0.8235294117647058,1.0,0.9375,2.5,1.3,0.3,1596.814,23.0,0.34782608695652173,0.30434782608695654,0.34782608695652173,1.3478260869565217,1.0869565217391304,1.0869565217391304,0.0,1.0769230769230769,0.9230769230769231,1.1,1.3,1.6,0.9,0.6,1514.392,10.0,0.37944664031620556,0.3333333333333333,0.8999999999999999,82.42200000000003,1.0,1.0,0.0,1.0,0.0,1.0,1.0,CAF/Africa Cup of Nations,semifinals,698429,2024-02-07T17:00:00+00:00,2024-02-07,Nigeria,South Africa,1,1,H,14.0,14.0,6.0,5.0,espn
41.0,0.5365853658536586,0.17073170731707318,0.2926829268292683,1.7804878048780488,1.4390243902439024,0.9512195121951219,0.4878048780487805,1.5909090909090908,0.7272727272727273,1.263157894736842,1.2105263157894737,1.6,1.2,1.1,1573.461,22.0,0.3181818181818182,0.45454545454545453,0.22727272727272727,1.4090909090909092,1.3181818181818181,1.1363636363636365,0.18181818181818182,1.0,1.2222222222222223,1.5384615384615385,1.0769230769230769,1.2,1.3,1.2,1532.057,19.0,0.37139689578713964,0.30598669623059865,0.40000000000000013,41.403999999999996,2.0,0.5,0.5,1.0,0.0,1.0,1.0,CAF/Africa Cup of Nations,semifinals,698428,2024-02-07T20:00:00+00:00,2024-02-07,Ivory Coast,Congo DR,1,0,H,14.0,7.0,2.0,2.0,espn
24.0,0.3333333333333333,0.2916666666666667,0.375,1.2916666666666667,1.0833333333333333,1.0833333333333333,0.0,1.0769230769230769,0.9230769230769231,1.0909090909090908,1.2727272727272727,1.6,1.0,0.6,1503.051,23.0,0.30434782608695654,0.43478260869565216,0.2608695652173913,1.3478260869565217,1.2608695652173914,1.1304347826086956,0.13043478260869565,1.0,1.2222222222222223,1.4285714285714286,1.0714285714285714,1.2,1.2,1.1,1519.027,1.0,-0.05615942028985499,-0.13043478260869565,0.40000000000000013,-15.976000000000113,0.0,0.0,0.0,0.0,0.0,0.0,1.0,CAF/Africa Cup of Nations,3rd-place-match,698615,2024-02-10T20:00:00+00:00,2024-02-10,South Africa,Congo DR,0,0,H,6.0,13.0,3.0,3.0,espn
34.0,0.5294117647058824,0.17647058823529413,0.29411764705882354,1.7647058823529411,1.2058823529411764,0.8823529411764706,0.3235294117647059,1.3888888888888888,0.8333333333333334,1.0,0.9375,2.5,1.3,0.4,1608.155,42.0,0.5476190476190477,0.16666666666666666,0.2857142857142857,1.8095238095238095,1.4285714285714286,0.9285714285714286,0.5,1.565217391304348,0.6956521739130435,1.263157894736842,1.2105263157894737,1.9,1.2,1.0,1586.491,-8.0,-0.04481792717086841,-0.1764705882352941,0.6000000000000001,21.663999999999987,2.0,1.0,0.0,1.0,0.0,1.0,1.0,CAF/Africa Cup of Nations,final,698616,2024-02-11T20:00:00+00:00,2024-02-11,Nigeria,Ivory Coast,1,2,A,5.0,18.0,1.0,8.0,espn
56.0,0.6428571428571429,0.10714285714285714,0.25,2.0357142857142856,1.8214285714285714,0.9107142857142857,0.9107142857142857,1.7647058823529411,0.9411764705882353,1.9090909090909092,0.8636363636363636,1.1,1.4,1.6,1652.943,3.0,0.0,0.3333333333333333,0.6666666666666666,0.3333333333333333,0.3333333333333333,1.6666666666666667,-1.3333333333333333,0.0,2.0,0.5,1.5,0.1,0.3333333333333333,1.6666666666666667,1472.864,53.0,1.7023809523809523,2.244047619047619,1.0,180.07899999999995,0.0,0.0,0.0,0.0,0.0,0.0,1.0,UEFA/European Championship,group-stage,690573,2024-06-14T19:00:00+00:00,2024-06-14,Germany,Scotland,5,1,H,20.0,1.0,10.0,0.0,espn
7.0,0.14285714285714285,0.5714285714285714,0.2857142857142857,1.0,1.2857142857142858,2.0,-0.7142857142857143,1.0,2.75,1.6666666666666667,1.0,0.7,1.2857142857142858,2.0,1503.202,36.0,0.3333333333333333,0.25,0.4166666666666667,1.25,1.0555555555555556,1.25,-0.19444444444444445,1.0588235294117647,1.0,1.0526315789473684,1.4736842105263157,1.4,1.3,1.8,1516.529,-29.0,-0.25,-0.5198412698412699,-0.7,-13.326999999999998,0.0,0.0,0.0,0.0,0.0,0.0,1.0,UEFA/European Championship,group-stage,690574,2024-06-15T13:00:00+00:00,2024-06-15,Hungary,Switzerland,1,3,A,6.0,15.0,2.0,7.0,espn
55.0,0.6,0.16363636363636364,0.23636363636363636,1.9636363636363636,1.690909090909091,0.8363636363636363,0.8545454545454545,1.8214285714285714,0.8928571428571429,1.5555555555555556,0.7777777777777778,1.4,1.6,0.9,1631.418,43.0,0.46511627906976744,0.23255813953488372,0.3023255813953488,1.627906976744186,1.4186046511627908,1.2325581395348837,0.18604651162790697,1.4761904761904763,1.380952380952381,1.3636363636363635,1.0909090909090908,1.7,1.5,1.4,1640.026,12.0,0.3357293868921776,0.6684989429175475,-0.30000000000000004,-8.608000000000175,4.0,0.75,0.0,0.5,0.0,0.0,1.0,UEFA/European Championship,group-stage,690575,2024-06-15T16:00:00+00:00,2024-06-15,Spain,Croatia,3,0,H,11.0,16.0,5.0,5.0,espn
46.0,0.5434782608695652,0.21739130434782608,0.2391304347826087,1.8478260869565217,1.326086956521739,0.8913043478260869,0.43478260869565216,1.3076923076923077,0.7307692307692307,1.35,1.1,2.4,1.7,1.1,1671.209,3.0,0.3333333333333333,0.0,0.6666666666666666,1.0,0.3333333333333333,1.0,-0.6666666666666666,0.0,1.0,0.5,1.0,0.3,0.3333333333333333,1.0,1485.618,43.0,0.8478260869565217,1.1014492753623188,2.1,185.59100000000012,0.0,0.0,0.0,0.0,0.0,0.0,1.0,UEFA/European Championship,group-stage,690576,2024-06-15T19:00:00+00:00,2024-06-15,Italy,Albania,2,1,H,17.0,8.0,5.0,1.0,espn
26.0,0.2692307692307692,0.23076923076923078,0.5,1.0384615384615385,0.7307692307692307,1.3076923076923077,-0.5769230769230769,0.75,1.25,0.7142857142857143,1.3571428571428572,0.8,0.9,1.6,1469.547,41.0,0.5609756097560976,0.0975609756097561,0.34146341463414637,1.7804878048780488,1.7317073170731707,1.048780487804878,0.6829268292682927,1.6785714285714286,1.0714285714285714,1.8461538461538463,1.0,1.6,1.9,1.3,1637.954,-15.0,-0.7420262664165103,-1.2598499061913695,-0.8,-168.40699999999993,0.0,0.0,0.0,0.0,0.0,0.0,1.0,UEFA/European Championship,group-stage,690579,2024-06-16T13:00:00+00:00,2024-06-16,Poland,Netherlands,1,2,A,12.0,21.0,7.0,4.0,espn
6.0,0.16666666666666666,0.16666666666666666,0.6666666666666666,0.6666666666666666,0.8333333333333334,1.6666666666666667,-0.8333333333333334,1.0,2.0,0.6666666666666666,1.3333333333333333,0.4,0.8333333333333334,1.6666666666666667,1453.719,26.0,0.34615384615384615,0.23076923076923078,0.4230769230769231,1.2692307692307692,1.2307692307692308,1.1538461538461537,0.07692307692307693,0.9166666666666666,1.25,1.5,1.0714285714285714,1.0,1.4,1.1,1490.432,-20.0,-0.6025641025641025,-0.9102564102564104,-0.6,-36.712999999999965,0.0,0.0,0.0,0.0,0.0,0.0,1.0,UEFA/European Championship,group-stage,690577,2024-06-16T16:00:00+00:00,2024-06-16,Slovenia,Denmark,1,1,D,11.0,16.0,2.0,4.0,espn
9.0,0.2222222222222222,0.1111111111111111,0.6666666666666666,0.7777777777777778,1.0,1.6666666666666667,-0.6666666666666666,0.75,2.0,1.2,1.4,0.7,1.0,1.6666666666666667,1456.321,47.0,0.44680851063829785,0.2553191489361702,0.2978723404255319,1.5957446808510638,1.446808510638298,0.9574468085106383,0.48936170212765956,1.5909090909090908,0.6818181818181818,1.32,1.2,2.2,2.3,0.6,1635.824,-38.0,-0.817966903073286,-1.1560283687943262,-1.5000000000000002,-179.50300000000016,0.0,0.0,0.0,0.0,0.0,0.0,1.0,UEFA/European Championship,group-stage,690578,2024-06-16T19:00:00+00:00,2024-06-16,Serbia,England,0,1,A,6.0,5.0,1.0,3.0,espn
6.0,0.0,0.5,0.5,0.5,0.5,1.1666666666666667,-0.6666666666666666,0.3333333333333333,0.6666666666666666,0.6666666666666666,1.6666666666666667,0.3,0.5,1.1666666666666667,1462.723,16.0,0.4375,0.0,0.5625,1.3125,0.875,1.5625,-0.6875,0.6666666666666666,1.3333333333333333,1.1428571428571428,1.8571428571428572,0.9,0.7,1.7,1477.249,-10.0,-0.8125,0.02083333333333337,-0.6000000000000001,-14.526000000000067,0.0,0.0,0.0,0.0,0.0,0.0,1.0,UEFA/European Championship,group-stage,690582,2024-06-17T13:00:00+00:00,2024-06-17,Romania,Ukraine,3,0,H,9.0,13.0,5.0,2.0,espn
30.0,0.6,0.1,0.3,1.9,1.5666666666666667,0.9666666666666667,0.6,1.9333333333333333,1.0,1.2,0.9333333333333333,1.6,1.3,1.0,1615.095,10.0,0.3,0.1,0.6,1.0,0.9,1.9,-1.0,0.75,2.25,1.0,1.6666666666666667,1.0,0.9,1.9,1473.051,20.0,0.8999999999999999,1.6,0.6000000000000001,142.0440000000001,0.0,0.0,0.0,0.0,0.0,0.0,1.0,UEFA/European Championship,group-stage,690581,2024-06-17T16:00:00+00:00,2024-06-17,Belgium,Slovakia,0,1,A,16.0,10.0,5.0,4.0,espn
10.0,0.2,0.2,0.6,0.8,0.7,1.2,-0.5,0.8,1.2,0.6,1.2,0.8,0.7,1.2,1466.106,55.0,0.509090909090909,0.21818181818181817,0.2727272727272727,1.7454545454545454,1.5454545454545454,1.0363636363636364,0.509090909090909,1.7142857142857142,1.0,1.3703703703703705,1.0740740740740742,2.1,2.4,1.4,1701.874,-45.0,-0.9454545454545453,-1.009090909090909,-1.3,-235.76800000000003,0.0,0.0,0.0,0.0,0.0,0.0,1.0,UEFA/European Championship,group-stage,690580,2024-06-17T19:00:00+00:00,2024-06-17,Austria,France,0,1,A,6.0,14.0,3.0,3.0,espn
17.0,0.35294117647058826,0.11764705882352941,0.5294117647058824,1.1764705882352942,1.0588235294117647,1.4705882352941178,-0.4117647058823529,1.2,1.6,1.0,1.4166666666666667,1.0,1.1,1.9,1468.543,0.0,0.0,0.0,0.0,0.0,0.0,0.0,0.0,0.0,0.0,0.0,0.0,0.0,0.0,0.0,1500.0,17.0,1.1764705882352942,-0.4117647058823529,1.0,-31.457000000000107,0.0,0.0,0.0,0.0,0.0,0.0,1.0,UEFA/European Championship,group-stage,690583,2024-06-18T16:00:00+00:00,2024-06-18,Türkiye,Georgia,3,1,H,22.0,14.0,8.0,5.0,espn
50.0,0.5,0.18,0.32,1.68,1.64,1.14,0.5,1.9310344827586208,0.9310344827586207,1.2380952380952381,1.4285714285714286,1.6,2.0,1.3,1616.454,23.0,0.391304347826087,0.08695652173913043,0.5217391304347826,1.2608695652173914,1.2173913043478262,1.3478260869565217,-0.13043478260869565,0.9,1.6,1.4615384615384615,1.1538461538461537,0.8,0.8,1.1,1476.358,27.0,0.4191304347826086,0.6304347826086957,0.8,140.096,2.0,1.0,0.0,1.5,0.0,0.0,1.0,UEFA/European Championship,group-stage,690584,2024-06-18T19:00:00+00:00,2024-06-18,Portugal,Czechia,2,1,H,19.0,5.0,8.0,1.0,espn
44.0,0.45454545454545453,0.22727272727272727,0.3181818181818182,1.5909090909090908,1.3863636363636365,1.2727272727272727,0.11363636363636363,1.4761904761904763,1.380952380952381,1.3043478260869565,1.173913043478261,1.7,1.2,1.2,1621.629,4.0,0.25,0.0,0.75,0.75,0.5,1.25,-0.75,0.0,1.0,0.6666666666666666,1.3333333333333333,0.3,0.5,1.25,1478.057,40.0,0.8409090909090908,0.8636363636363636,1.4,143.5719999999999,0.0,0.0,0.0,0.0,0.0,0.0,1.0,UEFA/European Championship,group-stage,690586,2024-06-19T13:00:00+00:00,2024-06-19,Croatia,Albania,2,2,D,22.0,15.0,10.0,7.0,espn
57.0,0.6491228070175439,0.10526315789473684,0.24561403508771928,2.0526315789473686,1.8771929824561404,0.9122807017543859,0.9649122807017544,1.8571428571428572,0.9428571428571428,1.9090909090909092,0.8636363636363636,1.4,1.9,1.6,1663.172,8.0,0.125,0.5,0.375,0.875,1.25,2.125,-0.875,1.0,2.8,1.6666666666666667,1.0,0.7,1.25,2.125,1487.462,49.0,1.1776315789473686,1.8399122807017543,0.7,175.71000000000004,1.0,0.0,1.0,0.0,0.0,0.0,1.0,UEFA/European Championship,group-stage,690587,2024-06-19T16:00:00+00:00,2024-06-19,Germany,Hungary,2,0,H,19.0,11.0,7.0,4.0,espn
4.0,0.0,0.25,0.75,0.25,0.5,2.5,-2.0,0.0,2.0,0.6666666666666666,2.6666666666666665,0.1,0.5,2.5,1462.635,37.0,0.35135135135135137,0.24324324324324326,0.40540540540540543,1.2972972972972974,1.1081081081081081,1.2432432432432432,-0.13513513513513514,1.0588235294117647,1.0,1.15,1.45,1.7,1.6,1.9,1532.269,-33.0,-1.0472972972972974,-1.864864864864865,-1.5999999999999999,-69.63400000000001,0.0,0.0,0.0,0.0,0.0,0.0,1.0,UEFA/European Championship,group-stage,690585,2024-06-19T19:00:00+00:00,2024-06-19,Scotland,Switzerland,1,1,D,12.0,11.0,3.0,4.0,espn
7.0,0.14285714285714285,0.2857142857142857,0.5714285714285714,0.7142857142857143,0.8571428571428571,1.5714285714285714,-0.7142857142857143,1.0,1.75,0.6666666666666666,1.3333333333333333,0.5,0.8571428571428571,1.5714285714285714,1455.275,10.0,0.2,0.1,0.7,0.7,0.9,1.6,-0.7,0.6,1.8,1.2,1.4,0.7,0.9,1.6,1448.561,-3.0,0.014285714285714346,-0.014285714285714346,-0.19999999999999996,6.714000000000169,0.0,0.0,0.0,0.0,0.0,0.0,1.0,UEFA/European Championship,group-stage,690589,2024-06-20T13:00:00+00:00,2024-06-20,Slovenia,Serbia,1,1,D,11.0,15.0,4.0,4.0,espn
27.0,0.3333333333333333,0.25925925925925924,0.4074074074074074,1.2592592592592593,1.2222222222222223,1.1481481481481481,0.07407407407407407,0.9166666666666666,1.25,1.4666666666666666,1.0666666666666667,1.1,1.4,1.1,1488.876,48.0,0.4583333333333333,0.25,0.2916666666666667,1.625,1.4375,0.9375,0.5,1.5909090909090908,0.6818181818181818,1.3076923076923077,1.1538461538461537,2.2,2.3,0.6,1643.584,-21.0,-0.3657407407407407,-0.42592592592592593,-1.1,-154.70800000000008,1.0,0.0,0.0,-1.0,0.0,0.0,1.0,UEFA/European Championship,group-stage,690590,2024-06-20T16:00:00+00:00,2024-06-20,Denmark,England,1,1,D,16.0,12.0,7.0,4.0,espn
56.0,0.6071428571428571,0.16071428571428573,0.23214285714285715,1.9821428571428572,1.7142857142857142,0.8214285714285714,0.8928571428571429,1.8620689655172413,0.8620689655172413,1.5555555555555556,0.7777777777777778,1.6,1.8,0.8,1649.815,47.0,0.5531914893617021,0.2127659574468085,0.23404255319148937,1.872340425531915,1.3404255319148937,0.8936170212765957,0.44680851063829785,1.3333333333333333,0.7407407407407407,1.35,1.1,2.4,1.6,1.2,1678.77,9.0,0.10980243161094227,0.44604863221884505,-0.7999999999999998,-28.954999999999927,7.0,0.42857142857142855,0.2857142857142857,0.5714285714285714,0.0,0.0,1.0,UEFA/European Championship,group-stage,690588,2024-06-20T19:00:00+00:00,2024-06-20,Spain,Italy,1,0,H,20.0,4.0,9.0,1.0,espn
58.0,0.6724137931034483,0.15517241379310345,0.1724137931034483,2.1724137931034484,1.7758620689655173,0.8103448275862069,0.9655172413793104,1.829268292682927,0.7804878048780488,1.6470588235294117,0.8823529411764706,2.7,2.0,0.9,1765.514,29.0,0.27586206896551724,0.27586206896551724,0.4482758620689655,1.103448275862069,1.4827586206896552,1.2413793103448276,0.2413793103448276,2.1818181818181817,0.8181818181818182,1.0555555555555556,1.5,0.8,1.3,1.6,1467.004,29.0,1.0689655172413794,0.7241379310344828,1.9000000000000001,298.51,0.0,0.0,0.0,0.0,0.0,0.0,1.0,CONMEBOL/Copa America,group-stage,690705,2024-06-21T00:00:00+00:00,2024-06-21,Argentina,Canada,2,0,H,19.0,10.0,9.0,2.0,espn
11.0,0.36363636363636365,0.09090909090909091,0.5454545454545454,1.1818181818181819,0.9090909090909091,1.7272727272727273,-0.8181818181818182,0.75,2.25,1.0,1.4285714285714286,1.3,1.0,1.7,1493.564,17.0,0.4117647058823529,0.0,0.5882352941176471,1.2352941176470589,0.8235294117647058,1.6470588235294117,-0.8235294117647058,0.6666666666666666,1.3333333333333333,1.0,2.0,0.9,0.7,1.8,1458.547,-6.0,-0.053475935828877,0.005347593582887611,0.4,35.01700000000005,0.0,0.0,0.0,0.0,0.0,0.0,1.0,UEFA/European Championship,group-stage,690593,2024-06-21T13:00:00+00:00,2024-06-21,Slovakia,Ukraine,1,2,A,14.0,13.0,5.0,5.0,espn
27.0,0.25925925925925924,0.2222222222222222,0.5185185185185185,1.0,0.7407407407407407,1.3333333333333333,-0.5925925925925926,0.7692307692307693,1.3076923076923077,0.7142857142857143,1.3571428571428572,0.8,0.9,1.6,1461.416,11.0,0.18181818181818182,0.18181818181818182,0.6363636363636364,0.7272727272727273,0.6363636363636364,1.1818181818181819,-0.5454545454545454,0.6666666666666666,1.1666666666666667,0.6,1.2,0.8,0.7,1.2,1460.054,16.0,0.2727272727272727,-0.047138047138047146,0.0,1.3619999999998527,1.0,0.0,1.0,0.0,0.0,0.0,1.0,UEFA/European Championship,group-stage,690591,2024-06-21T16:00:00+00:00,2024-06-21,Poland,Austria,1,3,A,15.0,15.0,3.0,9.0,espn
42.0,0.5714285714285714,0.09523809523809523,0.3333333333333333,1.8095238095238095,1.7380952380952381,1.0476190476190477,0.6904761904761905,1.6785714285714286,1.0714285714285714,1.8571428571428572,1.0,1.6,1.9,1.4,1646.085,56.0,0.5178571428571429,0.21428571428571427,0.26785714285714285,1.7678571428571428,1.5357142857142858,1.0178571428571428,0.5178571428571429,1.7142857142857142,1.0,1.3571428571428572,1.0357142857142858,2.4,2.2,1.1,1707.926,-14.0,0.04166666666666674,0.17261904761904756,-0.7999999999999998,-61.840999999999894,1.0,1.0,0.0,3.0,0.0,0.0,1.0,UEFA/European Championship,group-stage,690592,2024-06-21T19:00:00+00:00,2024-06-21,Netherlands,France,0,0,D,8.0,15.0,4.0,3.0,espn
32.0,0.46875,0.15625,0.375,1.5625,1.21875,1.15625,0.0625,1.2222222222222223,1.3333333333333333,1.2173913043478262,1.0869565217391304,1.6,1.4,1.7,1566.719,35.0,0.5714285714285714,0.11428571428571428,0.3142857142857143,1.8285714285714285,1.5142857142857142,0.9714285714285714,0.5428571428571428,1.6111111111111112,1.0555555555555556,1.411764705882353,0.8823529411764706,1.1,0.6,1.2,1613.156,-3.0,-0.2660714285714285,-0.4803571428571428,0.5,-46.4369999999999,3.0,0.3333333333333333,0.0,0.3333333333333333,0.0,0.0,1.0,CONMEBOL/Copa America,group-stage,690706,2024-06-22T00:00:00+00:00,2024-06-22,Peru,Chile,0,0,D,7.0,11.0,4.0,1.0,espn
1.0,0.0,0.0,1.0,0.0,1.0,3.0,-2.0,0.0,0.0,1.0,3.0,0.0,1.0,3.0,1482.154,24.0,0.375,0.08333333333333333,0.5416666666666666,1.2083333333333333,1.2083333333333333,1.375,-0.16666666666666666,0.9,1.6,1.4285714285714286,1.2142857142857142,0.8,0.9,1.2,1467.232,-23.0,-1.2083333333333333,-1.8333333333333333,-0.8,14.922000000000025,0.0,0.0,0.0,0.0,0.0,0.0,1.0,UEFA/European Championship,group-stage,690596,2024-06-22T13:00:00+00:00,2024-06-22,Georgia,Czechia,1,1,D,5.0,27.0,1.0,12.0,espn
18.0,0.3888888888888889,0.1111111111111111,0.5,1.2777777777777777,1.1666666666666667,1.4444444444444444,-0.2777777777777778,1.5,1.5,1.0,1.4166666666666667,1.0,1.2,1.9,1486.389,51.0,0.5098039215686274,0.17647058823529413,0.3137254901960784,1.7058823529411764,1.6470588235294117,1.1372549019607843,0.5098039215686274,1.9333333333333333,0.9333333333333333,1.2380952380952381,1.4285714285714286,1.6,2.1,1.4,1625.58,-33.0,-0.4281045751633987,-0.7875816993464052,-0.6000000000000001,-139.19100000000003,1.0,0.0,0.0,-2.0,0.0,0.0,1.0,UEFA/European Championship,group-stage,690595,2024-06-22T16:00:00+00:00,2024-06-22,Türkiye,Portugal,0,3,A,11.0,12.0,3.0,3.0,espn
31.0,0.5806451612903226,0.0967741935483871,0.3225806451612903,1.8387096774193548,1.5161290322580645,0.967741935483871,0.5483870967741935,1.8125,1.0,1.2,0.9333333333333333,1.3,1.0,1.1,1594.582,7.0,0.14285714285714285,0.42857142857142855,0.42857142857142855,0.8571428571428571,0.8571428571428571,1.0,-0.14285714285714285,1.0,0.5,0.6666666666666666,1.6666666666666667,0.6,0.8571428571428571,1.0,1481.425,24.0,0.9815668202764977,0.6912442396313363,0.7000000000000001,113.15700000000015,0.0,0.0,0.0,0.0,0.0,0.0,1.0,UEFA/European Championship,group-stage,690594,2024-06-22T19:00:00+00:00,2024-06-22,Belgium,Romania,2,0,H,20.0,14.0,9.0,5.0,espn
31.0,0.22580645161290322,0.2903225806451613,0.4838709677419355,0.967741935483871,1.096774193548387,1.4516129032258065,-0.3548387096774194,1.5454545454545454,1.3636363636363635,0.85,1.5,0.8,1.1,1.5,1478.98,21.0,0.2857142857142857,0.38095238095238093,0.3333333333333333,1.2380952380952381,0.8571428571428571,1.1904761904761905,-0.3333333333333333,0.6,1.0,0.9375,1.25,0.8,0.7,1.4,1512.109,10.0,-0.27035330261136714,-0.021505376344086058,0.0,-33.128999999999905,2.0,0.0,0.5,-0.5,0.0,0.0,1.0,CONMEBOL/Copa America,group-stage,690708,2024-06-22T22:00:00+00:00,2024-06-22,Ecuador,Venezuela,1,2,A,9.0,14.0,4.0,5.0,espn
71.0,0.5774647887323944,0.16901408450704225,0.2535211267605634,1.9014084507042253,1.6901408450704225,0.9295774647887324,0.7605633802816901,1.6923076923076923,0.8461538461538461,1.6875,1.03125,1.9,1.5,0.6,1674.225,36.0,0.4722222222222222,0.16666666666666666,0.3611111111111111,1.5833333333333333,1.1944444444444444,0.9722222222222222,0.2222222222222222,1.7058823529411764,1.0588235294117647,0.7368421052631579,0.8947368421052632,1.6,1.6,1.1,1566.738,35.0,0.318075117370892,0.5383411580594679,0.2999999999999998,107.48699999999985,5.0,0.6,0.2,1.2,0.0,0.0,1.0,CONMEBOL/Copa America,group-stage,690707,2024-06-23T01:00:00+00:00,2024-06-23,Mexico,Jamaica,1,0,H,20.0,13.0,9.0,4.0,espn
5.0,0.0,0.4,0.6,0.4,0.6,2.2,-1.6,0.5,1.5,0.6666666666666666,2.6666666666666665,0.2,0.6,2.2,1465.559,9.0,0.1111111111111111,0.4444444444444444,0.4444444444444444,0.7777777777777778,1.1111111111111112,2.111111111111111,-1.0,1.0,2.8,1.25,1.25,0.7,1.1111111111111112,2.111111111111111,1478.732,-4.0,-0.37777777777777777,-0.6000000000000001,-0.49999999999999994,-13.173000000000002,0.0,0.0,0.0,0.0,0.0,0.0,1.0,UEFA/European Championship,group-stage,690597,2024-06-23T19:00:00+00:00,2024-06-23,Scotland,Hungary,0,1,A,4.0,14.0,0.0,5.0,espn
38.0,0.34210526315789475,0.2631578947368421,0.39473684210526316,1.2894736842105263,1.105263157894737,1.236842105263158,-0.13157894736842105,1.0588235294117647,1.0,1.1428571428571428,1.4285714285714286,1.7,1.6,1.9,1529.345,58.0,0.6551724137931034,0.10344827586206896,0.2413793103448276,2.0689655172413794,1.8793103448275863,0.896551724137931,0.9827586206896551,1.8611111111111112,0.9166666666666666,1.9090909090909092,0.8636363636363636,1.4,1.9,1.5,1671.902,-20.0,-0.7794918330308531,-1.1143375680580763,0.30000000000000004,-142.55700000000002,0.0,0.0,0.0,0.0,0.0,0.0,1.0,UEFA/European Championship,group-stage,690598,2024-06-23T19:00:00+00:00,2024-06-23,Switzerland,Germany,1,1,D,4.0,18.0,3.0,3.0,espn
66.0,0.6060606060606061,0.16666666666666666,0.22727272727272727,1.9848484848484849,1.878787878787879,0.8939393939393939,0.9848484848484849,1.880952380952381,0.9523809523809523,1.875,0.7916666666666666,1.8,2.0,0.8,1686.087,17.0,0.058823529411764705,0.11764705882352941,0.8235294117647058,0.29411764705882354,0.6470588235294118,2.411764705882353,-1.7647058823529411,0.6666666666666666,2.8333333333333335,0.6363636363636364,2.1818181818181817,0.0,0.6,2.6,1369.463,49.0,1.6907308377896613,2.749554367201426,1.8,316.624,0.0,0.0,0.0,0.0,0.0,0.0,1.0,CONMEBOL/Copa America,group-stage,690709,2024-06-23T22:00:00+00:00,2024-06-23,United States,Bolivia,2,0,H,20.0,6.0,8.0,3.0,espn
44.0,0.45454545454545453,0.22727272727272727,0.3181818181818182,1.5909090909090908,1.2272727272727273,0.8636363636363636,0.36363636363636365,1.3333333333333333,0.8888888888888888,1.0588235294117647,0.8235294117647058,1.4,0.7,0.4,1580.285,40.0,0.4,0.275,0.325,1.475,1.525,1.45,0.075,1.9473684210526316,1.0526315789473684,1.1428571428571428,1.8095238095238095,1.7,1.9,1.4,1533.502,4.0,0.11590909090909074,0.28863636363636364,-0.30000000000000004,46.78300000000013,0.0,0.0,0.0,0.0,0.0,0.0,1.0,CONMEBOL/Copa America,group-stage,690710,2024-06-24T01:00:00+00:00,2024-06-24,Uruguay,Panama,3,1,H,20.0,10.0,7.0,3.0,espn
5.0,0.2,0.2,0.6,0.8,0.8,1.4,-0.6,0.0,1.0,1.0,1.5,0.4,0.8,1.4,1483.841,57.0,0.6140350877192983,0.15789473684210525,0.22807017543859648,2.0,1.7017543859649122,0.8070175438596491,0.8947368421052632,1.8333333333333333,0.8333333333333334,1.5555555555555556,0.7777777777777778,1.9,1.8,0.7,1665.828,-52.0,-1.2,-1.4947368421052631,-1.5,-181.98700000000008,0.0,0.0,0.0,0.0,0.0,0.0,1.0,UEFA/European Championship,group-stage,690600,2024-06-24T19:00:00+00:00,2024-06-24,Albania,Spain,0,1,A,10.0,16.0,4.0,3.0,espn
45.0,0.4444444444444444,0.24444444444444444,0.3111111111111111,1.5777777777777777,1.4,1.288888888888889,0.1111111111111111,1.5,1.4090909090909092,1.3043478260869565,1.173913043478261,1.7,1.4,1.4,1615.845,48.0,0.5416666666666666,0.20833333333333334,0.25,1.8333333333333333,1.3125,0.8958333333333334,0.4166666666666667,1.3333333333333333,0.7407407407407407,1.2857142857142858,1.0952380952380953,2.1,1.5,1.3,1662.757,-3.0,-0.25555555555555554,-0.3055555555555556,-0.40000000000000013,-46.912000000000035,2.0,0.5,0.5,0.5,0.0,0.0,1.0,UEFA/European Championship,group-stage,690599,2024-06-24T19:00:00+00:00,2024-06-24,Croatia,Italy,1,1,D,6.0,12.0,4.0,3.0,espn
34.0,0.5588235294117647,0.08823529411764706,0.35294117647058826,1.7647058823529411,1.1764705882352942,0.6764705882352942,0.5,1.15,0.85,1.2142857142857142,0.42857142857142855,1.6,0.9,0.7,1602.052,34.0,0.20588235294117646,0.38235294117647056,0.4117647058823529,1.0,0.9705882352941176,1.1764705882352942,-0.20588235294117646,1.1818181818181819,0.8181818181818182,0.8695652173913043,1.3478260869565217,0.8,1.1,1.1,1480.751,0.0,0.7647058823529411,0.7058823529411764,0.8,121.30099999999993,2.0,1.0,0.0,1.0,0.0,0.0,1.0,CONMEBOL/Copa America,group-stage,690711,2024-06-24T22:00:00+00:00,2024-06-24,Colombia,Paraguay,2,1,H,11.0,11.0,3.0,3.0,espn
56.0,0.6607142857142857,0.16071428571428573,0.17857142857142858,2.142857142857143,1.875,0.75,1.125,1.8,0.7333333333333333,2.1818181818181817,0.8181818181818182,1.9,1.3,0.6,1692.188,51.0,0.35294117647058826,0.21568627450980393,0.43137254901960786,1.2745098039215685,1.2549019607843137,1.4313725490196079,-0.17647058823529413,1.68,1.24,0.8461538461538461,1.6153846153846154,1.3,1.3,2.2,1490.686,5.0,0.8683473389355743,1.3014705882352942,0.5999999999999999,201.50200000000018,2.0,1.0,0.0,2.5,0.0,0.0,1.0,CONMEBOL/Copa America,group-stage,690712,2024-06-25T01:00:00+00:00,2024-06-25,Brazil,Costa Rica,0,0,D,19.0,2.0,3.0,0.0,espn
57.0,0.5087719298245614,0.22807017543859648,0.2631578947368421,1.7543859649122806,1.5087719298245614,1.0,0.5087719298245614,1.7142857142857142,1.0,1.3103448275862069,1.0,2.2,1.9,0.9,1705.322,28.0,0.25,0.21428571428571427,0.5357142857142857,0.9642857142857143,0.75,1.3928571428571428,-0.6428571428571429,0.7857142857142857,1.4285714285714286,0.7142857142857143,1.3571428571428572,0.8,1.0,1.6,1444.984,29.0,0.7901002506265663,1.1516290726817044,1.4000000000000001,260.33799999999997,1.0,1.0,0.0,2.0,0.0,0.0,1.0,UEFA/European Championship,group-stage,690604,2024-06-25T16:00:00+00:00,2024-06-25,France,Poland,1,1,D,19.0,10.0,8.0,3.0,espn
43.0,0.5581395348837209,0.11627906976744186,0.32558139534883723,1.7906976744186047,1.697674418604651,1.0232558139534884,0.6744186046511628,1.6206896551724137,1.0344827586206897,1.8571428571428572,1.0,1.4,1.6,1.4,1648.689,12.0,0.25,0.16666666666666666,0.5833333333333334,0.9166666666666666,0.8333333333333334,1.1666666666666667,-0.3333333333333333,0.6666666666666666,1.1666666666666667,1.0,1.1666666666666667,1.0,0.9,1.2,1476.486,31.0,0.8740310077519381,1.0077519379844961,0.3999999999999999,172.20299999999997,1.0,1.0,0.0,2.0,0.0,0.0,1.0,UEFA/European Championship,group-stage,690603,2024-06-25T16:00:00+00:00,2024-06-25,Netherlands,Austria,2,3,A,11.0,9.0,2.0,5.0,espn
28.0,0.32142857142857145,0.2857142857142857,0.39285714285714285,1.25,1.2142857142857142,1.1428571428571428,0.07142857142857142,0.9230769230769231,1.2307692307692308,1.4666666666666666,1.0666666666666667,1.2,1.5,1.1,1495.056,11.0,0.18181818181818182,0.18181818181818182,0.6363636363636364,0.7272727272727273,0.9090909090909091,1.5454545454545454,-0.6363636363636364,0.6,1.8,1.1666666666666667,1.3333333333333333,0.8,1.0,1.6,1448.847,17.0,0.5227272727272727,0.7077922077922078,0.3999999999999999,46.20900000000006,0.0,0.0,0.0,0.0,0.0,0.0,1.0,UEFA/European Championship,group-stage,690601,2024-06-25T19:00:00+00:00,2024-06-25,Denmark,Serbia,0,0,D,10.0,5.0,3.0,1.0,espn
49.0,0.4489795918367347,0.2653061224489796,0.2857142857142857,1.6122448979591837,1.4285714285714286,0.9387755102040817,0.4897959183673469,1.5909090909090908,0.6818181818181818,1.2962962962962963,1.1481481481481481,2.0,2.2,0.7,1637.404,8.0,0.125,0.375,0.5,0.75,0.875,1.5,-0.625,1.0,1.6,0.6666666666666666,1.3333333333333333,0.6,0.875,1.5,1454.989,41.0,0.8622448979591837,1.114795918367347,1.4,182.41499999999996,1.0,1.0,0.0,1.0,0.0,0.0,1.0,UEFA/European Championship,group-stage,690602,2024-06-25T19:00:00+00:00,2024-06-25,England,Slovenia,0,0,D,12.0,4.0,4.0,1.0,espn
33.0,0.45454545454545453,0.18181818181818182,0.36363636363636365,1.5454545454545454,1.1818181818181819,1.121212121212121,0.06060606060606061,1.1,1.2,1.2173913043478262,1.0869565217391304,1.4,1.4,1.7,1568.683,30.0,0.26666666666666666,0.26666666666666666,0.4666666666666667,1.0666666666666667,1.4333333333333333,1.2666666666666666,0.16666666666666666,2.1818181818181817,0.8181818181818182,1.0,1.5263157894736843,0.8,1.3,1.7,1462.025,3.0,0.47878787878787876,-0.10606060606060605,0.5999999999999999,106.6579999999999,0.0,0.0,0.0,0.0,0.0,0.0,1.0,CONMEBOL/Copa America,group-stage,690714,2024-06-25T22:00:00+00:00,2024-06-25,Peru,Canada,0,1,A,9.0,5.0,4.0,2.0,espn
36.0,0.5555555555555556,0.1388888888888889,0.3055555555555556,1.8055555555555556,1.4722222222222223,0.9444444444444444,0.5277777777777778,1.6111111111111112,1.0555555555555556,1.3333333333333333,0.8333333333333334,0.9,0.4,1.1,1611.192,59.0,0.6779661016949152,0.15254237288135594,0.1694915254237288,2.1864406779661016,1.7796610169491525,0.7966101694915254,0.9830508474576272,1.8333333333333333,0.7619047619047619,1.6470588235294117,0.8823529411764706,2.7,1.9,0.9,1770.493,-23.0,-0.38088512241054606,-0.4552730696798494,-1.8000000000000003,-159.30099999999993,5.0,0.4,0.2,-0.4,0.0,0.0,1.0,CONMEBOL/Copa America,group-stage,690713,2024-06-26T01:00:00+00:00,2024-06-26,Chile,Argentina,0,1,A,3.0,22.0,3.0,9.0,espn
12.0,0.3333333333333333,0.08333333333333333,0.5833333333333334,1.0833333333333333,0.9166666666666666,1.75,-0.8333333333333334,0.8,2.2,1.0,1.4285714285714286,1.0,0.8,1.7,1477.295,8.0,0.125,0.375,0.5,0.75,0.75,1.125,-0.375,1.0,0.5,0.5,1.75,0.6,0.75,1.125,1470.207,4.0,0.33333333333333326,-0.45833333333333337,0.4,7.087999999999965,0.0,0.0,0.0,0.0,0.0,0.0,1.0,UEFA/European Championship,group-stage,690605,2024-06-26T16:00:00+00:00,2024-06-26,Slovakia,Romania,1,1,D,13.0,9.0,4.0,5.0,espn
18.0,0.4444444444444444,0.0,0.5555555555555556,1.3333333333333333,0.8888888888888888,1.6111111111111112,-0.7222222222222222,0.6666666666666666,1.3333333333333333,1.1111111111111112,1.8888888888888888,0.9,0.8,1.9,1474.816,32.0,0.59375,0.09375,0.3125,1.875,1.53125,0.9375,0.59375,1.8235294117647058,0.9411764705882353,1.2,0.9333333333333333,1.3,1.0,1.0,1605.8,-14.0,-0.5416666666666667,-1.3159722222222223,-0.4,-130.98399999999992,0.0,0.0,0.0,0.0,0.0,0.0,1.0,UEFA/European Championship,group-stage,690606,2024-06-26T16:00:00+00:00,2024-06-26,Ukraine,Belgium,0,0,D,13.0,12.0,4.0,4.0,espn
25.0,0.36,0.12,0.52,1.2,1.2,1.36,-0.16,0.9,1.6,1.4,1.2,0.9,1.0,1.2,1467.867,19.0,0.3684210526315789,0.10526315789473684,0.5263157894736842,1.2105263157894737,1.105263157894737,1.5263157894736843,-0.42105263157894735,1.2857142857142858,1.7142857142857142,1.0,1.4166666666666667,0.7,0.9,2.0,1475.267,6.0,-0.010526315789473717,0.2610526315789473,0.20000000000000007,-7.400000000000091,2.0,0.0,0.0,-1.5,0.0,0.0,1.0,UEFA/European Championship,group-stage,690608,2024-06-26T19:00:00+00:00,2024-06-26,Czechia,Türkiye,1,2,A,12.0,18.0,7.0,5.0,espn
2.0,0.0,0.5,0.5,0.5,1.0,2.0,-1.0,1.0,1.0,1.0,3.0,0.1,1.0,2.0,1481.519,52.0,0.5192307692307693,0.17307692307692307,0.3076923076923077,1.7307692307692308,1.6730769230769231,1.1153846153846154,0.5576923076923077,1.9333333333333333,0.9333333333333333,1.3181818181818181,1.3636363636363635,1.6,2.1,1.4,1636.702,-50.0,-1.2307692307692308,-1.5576923076923077,-1.5,-155.183,0.0,0.0,0.0,0.0,0.0,0.0,1.0,UEFA/European Championship,group-stage,690607,2024-06-26T19:00:00+00:00,2024-06-26,Georgia,Portugal,2,0,H,7.0,22.0,3.0,5.0,espn
32.0,0.21875,0.28125,0.5,0.9375,1.09375,1.46875,-0.375,1.5,1.4166666666666667,0.85,1.5,0.8,1.1,1.5,1465.601,37.0,0.4594594594594595,0.16216216216216217,0.3783783783783784,1.5405405405405406,1.162162162162162,0.972972972972973,0.1891891891891892,1.7058823529411764,1.0588235294117647,0.7,0.9,1.6,1.5,0.9,1556.387,-5.0,-0.6030405405405406,-0.5641891891891893,-0.8,-90.78599999999983,0.0,0.0,0.0,0.0,0.0,0.0,1.0,CONMEBOL/Copa America,group-stage,690716,2024-06-26T22:00:00+00:00,2024-06-26,Ecuador,Jamaica,3,1,H,24.0,7.0,4.0,4.0,espn
22.0,0.3181818181818182,0.36363636363636365,0.3181818181818182,1.3181818181818181,0.9090909090909091,1.1818181818181819,-0.2727272727272727,0.6,1.0,1.0,1.2352941176470589,1.0,0.8,1.4,1525.488,72.0,0.5833333333333334,0.16666666666666666,0.25,1.9166666666666667,1.6805555555555556,0.9166666666666666,0.7638888888888888,1.675,0.825,1.6875,1.03125,2.2,1.6,0.5,1684.576,-50.0,-0.5984848484848486,-1.0366161616161615,-1.2000000000000002,-159.08799999999997,1.0,0.0,1.0,0.0,0.0,0.0,1.0,CONMEBOL/Copa America,group-stage,690715,2024-06-27T01:00:00+00:00,2024-06-27,Venezuela,Mexico,1,0,H,10.0,18.0,2.0,5.0,espn
41.0,0.3902439024390244,0.2682926829268293,0.34146341463414637,1.4390243902439024,1.5121951219512195,1.4878048780487805,0.024390243902439025,1.9473684210526316,1.0526315789473684,1.1363636363636365,1.8636363636363635,1.7,2.0,1.6,1519.325,67.0,0.6119402985074627,0.16417910447761194,0.22388059701492538,2.0,1.8805970149253732,0.8805970149253731,1.0,1.8837209302325582,0.9302325581395349,1.875,0.7916666666666666,1.8,2.1,0.8,1690.641,-26.0,-0.5609756097560976,-0.975609756097561,-0.10000000000000009,-171.31600000000003,8.0,0.25,0.375,-0.25,0.0,0.0,1.0,CONMEBOL/Copa America,group-stage,690717,2024-06-27T22:00:00+00:00,2024-06-27,Panama,United States,2,1,H,13.0,6.0,4.0,3.0,espn
45.0,0.4666666666666667,0.2222222222222222,0.3111111111111111,1.6222222222222222,1.2666666666666666,0.8666666666666667,0.4,1.3928571428571428,0.8928571428571429,1.0588235294117647,0.8235294117647058,1.4,0.9,0.5,1594.462,18.0,0.05555555555555555,0.1111111111111111,0.8333333333333334,0.2777777777777778,0.6111111111111112,2.388888888888889,-1.7777777777777777,0.6666666666666666,2.8333333333333335,0.5833333333333334,2.1666666666666665,0.0,0.5,2.6,1364.909,27.0,1.3444444444444446,2.1777777777777776,1.4,229.55299999999988,1.0,1.0,0.0,2.0,0.0,0.0,1.0,CONMEBOL/Copa America,group-stage,690718,2024-06-28T01:00:00+00:00,2024-06-28,Uruguay,Bolivia,5,0,H,18.0,4.0,9.0,1.0,espn
35.0,0.5714285714285714,0.08571428571428572,0.34285714285714286,1.8,1.2,0.6857142857142857,0.5142857142857142,1.1904761904761905,0.8571428571428571,1.2142857142857142,0.42857142857142855,1.6,1.0,0.8,1611.874,52.0,0.34615384615384615,0.23076923076923078,0.4230769230769231,1.2692307692307692,1.2307692307692308,1.4038461538461537,-0.17307692307692307,1.68,1.24,0.8148148148148148,1.5555555555555556,1.1,1.1,2.1,1498.413,-17.0,0.5307692307692309,0.6873626373626374,0.5,113.46100000000001,2.0,0.5,0.0,0.0,0.0,0.0,1.0,CONMEBOL/Copa America,group-stage,690720,2024-06-28T22:00:00+00:00,2024-06-28,Colombia,Costa Rica,3,0,H,17.0,5.0,5.0,0.0,espn
35.0,0.2,0.37142857142857144,0.42857142857142855,0.9714285714285714,0.9714285714285714,1.2,-0.22857142857142856,1.1818181818181819,0.8181818181818182,0.875,1.375,0.8,1.2,1.2,1470.929,57.0,0.6491228070175439,0.17543859649122806,0.17543859649122806,2.1228070175438596,1.8421052631578947,0.7368421052631579,1.105263157894737,1.7608695652173914,0.717391304347826,2.1818181818181817,0.8181818181818182,1.7,1.1,0.5,1684.461,-22.0,-1.151378446115288,-1.3338345864661656,-0.8999999999999999,-213.53199999999993,4.0,0.25,0.5,0.0,0.0,0.0,1.0,CONMEBOL/Copa America,group-stage,690719,2024-06-29T01:00:00+00:00,2024-06-29,Paraguay,Brazil,1,4,A,15.0,17.0,6.0,6.0,espn
39.0,0.3333333333333333,0.28205128205128205,0.38461538461538464,1.2820512820512822,1.1025641025641026,1.2307692307692308,-0.1282051282051282,1.0555555555555556,1.0,1.1428571428571428,1.4285714285714286,1.8,1.7,1.7,1535.092,49.0,0.5306122448979592,0.22448979591836735,0.24489795918367346,1.816326530612245,1.3061224489795917,0.8979591836734694,0.40816326530612246,1.3333333333333333,0.7407407407407407,1.2727272727272727,1.0909090909090908,1.9,1.4,1.3,1660.773,-10.0,-0.5342752485609628,-0.5363683935112507,-0.09999999999999987,-125.68099999999981,1.0,0.0,0.0,-3.0,0.0,1.0,1.0,UEFA/European Championship,round-of-16,703931,2024-06-29T16:00:00+00:00,2024-06-29,Switzerland,Italy,2,0,H,16.0,11.0,4.0,1.0,espn
59.0,0.6440677966101694,0.11864406779661017,0.23728813559322035,2.0508474576271185,1.8644067796610169,0.8983050847457628,0.9661016949152542,1.8611111111111112,0.9166666666666666,1.8695652173913044,0.8695652173913043,1.5,2.0,1.4,1666.155,29.0,0.3103448275862069,0.3103448275862069,0.3793103448275862,1.2413793103448276,1.1724137931034482,1.103448275862069,0.06896551724137931,0.8571428571428571,1.1428571428571428,1.4666666666666666,1.0666666666666667,1.3,1.4,0.9,1493.101,30.0,0.8094681472822909,0.8971361776738749,0.19999999999999996,173.05399999999986,1.0,1.0,0.0,1.0,0.0,1.0,1.0,UEFA/European Championship,round-of-16,703932,2024-06-29T19:00:00+00:00,2024-06-29,Germany,Denmark,2,0,H,15.0,11.0,9.0,2.0,espn
60.0,0.6833333333333333,0.15,0.16666666666666666,2.2,1.7666666666666666,0.7833333333333333,0.9833333333333333,1.8333333333333333,0.7619047619047619,1.6111111111111112,0.8333333333333334,2.7,1.9,0.8,1778.937,34.0,0.4411764705882353,0.17647058823529413,0.38235294117647056,1.5,1.1470588235294117,1.1176470588235294,0.029411764705882353,1.0,1.1818181818181819,1.2173913043478262,1.0869565217391304,1.1,1.1,1.8,1549.498,26.0,0.7000000000000002,0.9539215686274509,1.6,229.43899999999985,0.0,0.0,0.0,0.0,0.0,0.0,1.0,CONMEBOL/Copa America,group-stage,690721,2024-06-30T00:00:00+00:00,2024-06-30,Argentina,Peru,2,0,H,12.0,6.0,6.0,1.0,espn
31.0,0.2903225806451613,0.25806451612903225,0.45161290322580644,1.1290322580645162,1.4193548387096775,1.2258064516129032,0.1935483870967742,2.1818181818181817,0.8181818181818182,1.0,1.45,0.8,1.2,1.7,1481.21,37.0,0.5405405405405406,0.13513513513513514,0.32432432432432434,1.7567567567567568,1.4324324324324325,0.9459459459459459,0.4864864864864865,1.5263157894736843,1.0526315789473684,1.3333333333333333,0.8333333333333334,0.9,0.4,1.1,1602.748,-6.0,-0.6277244986922406,-0.2929380993897123,-0.09999999999999998,-121.53800000000001,0.0,0.0,0.0,0.0,0.0,0.0,1.0,CONMEBOL/Copa America,group-stage,690722,2024-06-30T00:00:00+00:00,2024-06-30,Canada,Chile,0,0,D,9.0,8.0,3.0,4.0,espn
50.0,0.44,0.28,0.28,1.6,1.4,0.92,0.48,1.5217391304347827,0.6521739130434783,1.2962962962962963,1.1481481481481481,1.8,1.8,0.7,1630.284,13.0,0.3076923076923077,0.15384615384615385,0.5384615384615384,1.0769230769230769,0.9230769230769231,1.6923076923076923,-0.7692307692307693,0.8333333333333334,2.0,1.0,1.4285714285714286,1.1,0.8,1.6,1476.993,37.0,0.5230769230769232,1.2492307692307691,0.7,153.29100000000017,1.0,0.0,1.0,0.0,0.0,1.0,1.0,UEFA/European Championship,round-of-16,703933,2024-06-30T16:00:00+00:00,2024-06-30,England,Slovakia,2,1,H,16.0,13.0,2.0,3.0,espn
58.0,0.6206896551724138,0.15517241379310345,0.22413793103448276,2.0172413793103448,1.6896551724137931,0.7931034482758621,0.896551724137931,1.8333333333333333,0.8333333333333334,1.5357142857142858,0.75,1.9,1.7,0.6,1673.506,3.0,0.3333333333333333,0.3333333333333333,0.3333333333333333,1.3333333333333333,1.3333333333333333,1.3333333333333333,0.0,1.5,0.5,1.0,3.0,0.4,1.3333333333333333,1.3333333333333333,1504.748,55.0,0.6839080459770115,0.896551724137931,1.5,168.75800000000004,0.0,0.0,0.0,0.0,0.0,1.0,1.0,UEFA/European Championship,round-of-16,703934,2024-06-30T19:00:00+00:00,2024-06-30,Spain,Georgia,4,1,H,35.0,4.0,13.0,0.0,espn
38.0,0.4473684210526316,0.15789473684210525,0.39473684210526316,1.5,1.1578947368421053,1.0263157894736843,0.13157894736842105,1.7058823529411764,1.0588235294117647,0.7142857142857143,1.0,1.3,1.4,1.2,1535.837,23.0,0.34782608695652173,0.34782608695652173,0.30434782608695654,1.391304347826087,0.9130434782608695,1.1304347826086956,-0.21739130434782608,0.6666666666666666,0.8333333333333334,1.0,1.2352941176470589,1.3,0.8,1.0,1546.605,15.0,0.10869565217391308,0.3489702517162471,0.0,-10.768000000000029,1.0,0.0,0.0,-1.0,0.0,0.0,1.0,CONMEBOL/Copa America,group-stage,690724,2024-07-01T00:00:00+00:00,2024-07-01,Jamaica,Venezuela,0,3,A,8.0,17.0,1.0,3.0,espn
73.0,0.5753424657534246,0.1643835616438356,0.2602739726027397,1.8904109589041096,1.6575342465753424,0.9178082191780822,0.7397260273972602,1.675,0.825,1.6363636363636365,1.0303030303030303,2.1,1.6,0.6,1663.459,33.0,0.24242424242424243,0.2727272727272727,0.48484848484848486,1.0,1.1515151515151516,1.4545454545454546,-0.30303030303030304,1.6153846153846154,1.3846153846153846,0.85,1.5,1.0,1.3,1.5,1486.151,40.0,0.8904109589041096,1.0427563304275633,1.1,177.308,2.0,0.5,0.0,0.0,0.0,0.0,1.0,CONMEBOL/Copa America,group-stage,690723,2024-07-01T00:00:00+00:00,2024-07-01,Mexico,Ecuador,0,0,D,20.0,9.0,4.0,3.0,espn
58.0,0.5,0.2413793103448276,0.25862068965517243,1.7413793103448276,1.5,1.0,0.5,1.6896551724137931,1.0,1.3103448275862069,1.0,2.0,1.8,0.9,1695.938,33.0,0.5757575757575758,0.12121212121212122,0.30303030303030304,1.8484848484848484,1.4848484848484849,0.9090909090909091,0.5757575757575758,1.8235294117647058,0.9411764705882353,1.125,0.875,1.1,0.8,1.0,1600.476,25.0,-0.10710553814002077,-0.0757575757575758,0.8999999999999999,95.46199999999999,2.0,1.0,0.0,1.0,0.0,1.0,1.0,UEFA/European Championship,round-of-16,703935,2024-07-01T16:00:00+00:00,2024-07-01,France,Belgium,1,0,H,19.0,5.0,2.0,2.0,espn
53.0,0.5094339622641509,0.16981132075471697,0.32075471698113206,1.6981132075471699,1.6415094339622642,1.1320754716981132,0.5094339622641509,1.9333333333333333,0.9333333333333333,1.2608695652173914,1.391304347826087,1.6,1.9,1.2,1613.473,9.0,0.1111111111111111,0.4444444444444444,0.4444444444444444,0.7777777777777778,0.7777777777777778,1.3333333333333333,-0.5555555555555556,1.0,1.6,0.5,1.0,0.7,0.7777777777777778,1.3333333333333333,1462.109,44.0,0.9203354297693921,1.0649895178197064,0.9000000000000001,151.36400000000003,0.0,0.0,0.0,0.0,0.0,1.0,1.0,UEFA/European Championship,round-of-16,703936,2024-07-01T19:00:00+00:00,2024-07-01,Portugal,Slovenia,0,0,H,20.0,10.0,6.0,2.0,espn
19.0,0.05263157894736842,0.10526315789473684,0.8421052631578947,0.2631578947368421,0.5789473684210527,2.526315789473684,-1.9473684210526316,0.6666666666666666,2.8333333333333335,0.5384615384615384,2.3846153846153846,0.0,0.4,2.9,1356.681,42.0,0.40476190476190477,0.2619047619047619,0.3333333333333333,1.4761904761904763,1.5238095238095237,1.4761904761904763,0.047619047619047616,1.95,1.05,1.1363636363636365,1.8636363636363635,1.9,1.9,1.4,1540.86,-23.0,-1.2130325814536342,-1.9949874686716793,-1.9,-184.17899999999986,1.0,0.0,0.0,-1.0,0.0,0.0,1.0,CONMEBOL/Copa America,group-stage,690726,2024-07-02T01:00:00+00:00,2024-07-02,Bolivia,Panama,1,3,A,7.0,13.0,4.0,6.0,espn
68.0,0.6029411764705882,0.16176470588235295,0.23529411764705882,1.9705882352941178,1.8676470588235294,0.8970588235294118,0.9705882352941176,1.8837209302325582,0.9302325581395349,1.84,0.84,1.7,2.1,0.9,1669.106,46.0,0.4782608695652174,0.21739130434782608,0.30434782608695654,1.6521739130434783,1.3478260869565217,0.8478260869565217,0.5,1.5172413793103448,0.8620689655172413,1.0588235294117647,0.8235294117647058,1.7,1.4,0.5,1602.69,22.0,0.3184143222506395,0.47058823529411764,0.0,66.41599999999994,0.0,0.0,0.0,0.0,0.0,0.0,1.0,CONMEBOL/Copa America,group-stage,690725,2024-07-02T01:00:00+00:00,2024-07-02,United States,Uruguay,0,1,A,8.0,12.0,3.0,5.0,espn
9.0,0.1111111111111111,0.4444444444444444,0.4444444444444444,0.7777777777777778,0.7777777777777778,1.1111111111111112,-0.3333333333333333,1.0,0.5,0.6,1.6,0.7,0.7777777777777778,1.1111111111111112,1470.509,44.0,0.5454545454545454,0.11363636363636363,0.3409090909090909,1.75,1.7045454545454546,1.0681818181818181,0.6363636363636364,1.6333333333333333,1.1,1.8571428571428572,1.0,1.4,1.8,1.5,1627.124,-35.0,-0.9722222222222222,-0.9696969696969697,-0.7,-156.615,1.0,0.0,0.0,-2.0,0.0,1.0,1.0,UEFA/European Championship,round-of-16,703937,2024-07-02T16:00:00+00:00,2024-07-02,Romania,Netherlands,0,3,A,5.0,23.0,1.0,6.0,espn
13.0,0.3076923076923077,0.15384615384615385,0.5384615384615384,1.0769230769230769,1.0,1.2307692307692308,-0.23076923076923078,0.6666666666666666,1.1666666666666667,1.2857142857142858,1.2857142857142858,1.3,1.2,1.3,1498.051,20.0,0.4,0.1,0.5,1.3,1.15,1.5,-0.35,1.2857142857142858,1.7142857142857142,1.0769230769230769,1.3846153846153846,0.9,1.0,2.0,1489.736,-7.0,-0.22307692307692317,0.1192307692307692,0.4,8.314999999999827,0.0,0.0,0.0,0.0,0.0,1.0,1.0,UEFA/European Championship,round-of-16,703938,2024-07-02T19:00:00+00:00,2024-07-02,Austria,Türkiye,1,2,A,21.0,6.0,5.0,3.0,espn
58.0,0.6551724137931034,0.1724137931034483,0.1724137931034483,2.1379310344827585,1.8793103448275863,0.7413793103448276,1.1379310344827587,1.7608695652173914,0.717391304347826,2.3333333333333335,0.8333333333333334,1.9,1.4,0.5,1692.587,36.0,0.5833333333333334,0.08333333333333333,0.3333333333333333,1.8333333333333333,1.25,0.6666666666666666,0.5833333333333334,1.2727272727272727,0.8181818181818182,1.2142857142857142,0.42857142857142855,1.6,1.2,0.8,1624.163,22.0,0.3045977011494252,0.5545977011494253,0.2999999999999998,68.42399999999998,3.0,0.6666666666666666,0.0,0.3333333333333333,0.0,0.0,1.0,CONMEBOL/Copa America,group-stage,690728,2024-07-03T01:00:00+00:00,2024-07-03,Brazil,Colombia,1,1,D,7.0,13.0,3.0,6.0,espn
53.0,0.33962264150943394,0.22641509433962265,0.4339622641509434,1.2452830188679245,1.2075471698113207,1.4339622641509433,-0.22641509433962265,1.68,1.24,0.7857142857142857,1.6071428571428572,0.8,1.0,2.4,1486.124,36.0,0.19444444444444445,0.3611111111111111,0.4444444444444444,0.9444444444444444,0.9722222222222222,1.2777777777777777,-0.3055555555555556,1.1666666666666667,1.0833333333333333,0.875,1.375,0.7,1.1,1.4,1462.803,17.0,0.30083857442348005,0.07914046121593293,0.10000000000000009,23.320999999999913,1.0,0.0,1.0,0.0,0.0,0.0,1.0,CONMEBOL/Copa America,group-stage,690727,2024-07-03T01:00:00+00:00,2024-07-03,Costa Rica,Paraguay,2,1,H,2.0,17.0,2.0,6.0,espn
61.0,0.6885245901639344,0.14754098360655737,0.16393442622950818,2.2131147540983607,1.7704918032786885,0.7704918032786885,1.0,1.8372093023255813,0.7441860465116279,1.6111111111111112,0.8333333333333334,2.7,2.0,0.8,1785.834,34.0,0.23529411764705882,0.29411764705882354,0.47058823529411764,1.0,1.1176470588235294,1.411764705882353,-0.29411764705882354,1.6153846153846154,1.3846153846153846,0.8095238095238095,1.4285714285714286,1.1,1.3,1.4,1493.103,27.0,1.2131147540983607,1.2941176470588236,1.6,292.731,1.0,1.0,0.0,3.0,0.0,1.0,1.0,CONMEBOL/Copa America,quarterfinals,703946,2024-07-05T01:00:00+00:00,2024-07-05,Argentina,Ecuador,1,1,H,8.0,9.0,2.0,2.0,espn
59.0,0.6271186440677966,0.15254237288135594,0.22033898305084745,2.0338983050847457,1.728813559322034,0.7966101694915254,0.9322033898305084,1.903225806451613,0.8387096774193549,1.5357142857142858,0.75,2.2,2.0,0.5,1683.365,60.0,0.65,0.11666666666666667,0.23333333333333334,2.066666666666667,1.8666666666666667,0.8833333333333333,0.9833333333333333,1.864864864864865,0.8918918918918919,1.8695652173913044,0.8695652173913043,1.8,2.2,1.3,1674.984,-1.0,-0.0327683615819212,-0.05112994350282485,0.40000000000000013,8.381000000000085,3.0,0.6666666666666666,0.3333333333333333,0.6666666666666666,0.0,1.0,1.0,UEFA/European Championship,quarterfinals,703939,2024-07-05T16:00:00+00:00,2024-07-05,Spain,Germany,2,1,H,18.0,23.0,6.0,5.0,espn
54.0,0.5185185185185185,0.16666666666666666,0.3148148148148148,1.7222222222222223,1.6111111111111112,1.1111111111111112,0.5,1.8709677419354838,0.9032258064516129,1.2608695652173914,1.391304347826087,1.8,1.7,1.0,1622.195,59.0,0.5084745762711864,0.23728813559322035,0.2542372881355932,1.7627118644067796,1.4915254237288136,0.9830508474576272,0.5084745762711864,1.6666666666666667,0.9666666666666667,1.3103448275862069,1.0,2.0,1.5,0.8,1706.759,-5.0,-0.040489642184557306,-0.008474576271186418,-0.19999999999999996,-84.56400000000008,3.0,0.3333333333333333,0.3333333333333333,0.0,0.0,1.0,1.0,UEFA/European Championship,quarterfinals,703940,2024-07-05T19:00:00+00:00,2024-07-05,Portugal,France,0,0,A,15.0,20.0,4.0,5.0,espn
24.0,0.375,0.3333333333333333,0.2916666666666667,1.4583333333333333,1.0,1.0833333333333333,-0.08333333333333333,0.6666666666666666,0.8333333333333334,1.1111111111111112,1.1666666666666667,1.5,1.1,1.0,1564.001,32.0,0.28125,0.28125,0.4375,1.125,1.375,1.1875,0.1875,2.0,0.75,1.0,1.45,0.9,1.1,1.5,1486.181,-8.0,0.33333333333333326,-0.2708333333333333,0.6,77.81999999999994,0.0,0.0,0.0,0.0,0.0,1.0,1.0,CONMEBOL/Copa America,quarterfinals,703947,2024-07-06T01:00:00+00:00,2024-07-06,Venezuela,Canada,1,1,A,15.0,16.0,3.0,7.0,espn
51.0,0.45098039215686275,0.27450980392156865,0.27450980392156865,1.6274509803921569,1.411764705882353,0.9215686274509803,0.49019607843137253,1.5416666666666667,0.6666666666666666,1.2962962962962963,1.1481481481481481,1.8,1.8,0.7,1638.938,40.0,0.35,0.275,0.375,1.325,1.125,1.2,-0.075,1.105263157894737,0.9473684210526315,1.1428571428571428,1.4285714285714286,1.8,1.6,1.6,1557.136,11.0,0.3024509803921569,0.5651960784313725,0.0,81.80200000000013,2.0,1.0,0.0,1.5,0.0,1.0,1.0,UEFA/European Championship,quarterfinals,703941,2024-07-06T16:00:00+00:00,2024-07-06,England,Switzerland,1,1,H,13.0,11.0,3.0,3.0,espn
45.0,0.5555555555555556,0.1111111111111111,0.3333333333333333,1.7777777777777777,1.7333333333333334,1.0444444444444445,0.6888888888888889,1.6333333333333333,1.1,1.9333333333333333,0.9333333333333333,1.4,1.9,1.5,1637.491,21.0,0.42857142857142855,0.09523809523809523,0.47619047619047616,1.380952380952381,1.1904761904761905,1.4761904761904763,-0.2857142857142857,1.2857142857142858,1.7142857142857142,1.1428571428571428,1.3571428571428572,1.2,1.0,1.8,1504.874,24.0,0.39682539682539675,0.9746031746031746,0.19999999999999996,132.61699999999996,0.0,0.0,0.0,0.0,0.0,1.0,1.0,UEFA/European Championship,quarterfinals,703942,2024-07-06T19:00:00+00:00,2024-07-06,Netherlands,Türkiye,2,1,H,11.0,15.0,4.0,4.0,espn
37.0,0.5675675675675675,0.10810810810810811,0.32432432432432434,1.8108108108108107,1.2432432432432432,0.6756756756756757,0.5675675675675675,1.2727272727272727,0.8181818181818182,1.2,0.4666666666666667,1.7,1.3,0.9,1627.037,43.0,0.4186046511627907,0.2558139534883721,0.32558139534883723,1.5116279069767442,1.558139534883721,1.4651162790697674,0.09302325581395349,1.95,1.05,1.2173913043478262,1.826086956521739,2.2,2.0,1.2,1549.282,-6.0,0.29918290383406654,0.47454431175361406,-0.5000000000000002,77.75500000000011,0.0,0.0,0.0,0.0,0.0,1.0,1.0,CONMEBOL/Copa America,quarterfinals,703948,2024-07-06T22:00:00+00:00,2024-07-06,Colombia,Panama,5,0,H,7.0,14.0,5.0,3.0,espn
47.0,0.48936170212765956,0.2127659574468085,0.2978723404255319,1.6808510638297873,1.3404255319148937,0.8297872340425532,0.5106382978723404,1.5172413793103448,0.8620689655172413,1.0555555555555556,0.7777777777777778,2.0,1.5,0.4,1620.266,59.0,0.6440677966101694,0.1864406779661017,0.1694915254237288,2.1186440677966103,1.8644067796610169,0.7457627118644068,1.11864406779661,1.7446808510638299,0.723404255319149,2.3333333333333335,0.8333333333333334,1.7,1.4,0.6,1689.713,-12.0,-0.43779300396682297,-0.6080057699242697,0.30000000000000004,-69.44699999999989,0.0,0.0,0.0,0.0,0.0,1.0,1.0,CONMEBOL/Copa America,quarterfinals,703949,2024-07-07T01:00:00+00:00,2024-07-07,Uruguay,Brazil,0,0,H,12.0,7.0,1.0,3.0,espn
60.0,0.6333333333333333,0.15,0.21666666666666667,2.05,1.7333333333333334,0.8,0.9333333333333333,1.90625,0.84375,1.5357142857142858,0.75,2.2,1.5,0.6,1697.792,60.0,0.5166666666666667,0.23333333333333334,0.25,1.7833333333333334,1.4666666666666666,0.9666666666666667,0.5,1.6666666666666667,0.9666666666666667,1.2666666666666666,0.9666666666666667,2.0,1.3,0.7,1718.014,0.0,0.2666666666666664,0.43333333333333335,0.20000000000000018,-20.22199999999998,3.0,0.3333333333333333,0.0,-0.3333333333333333,0.0,1.0,1.0,UEFA/European Championship,semifinals,703943,2024-07-09T19:00:00+00:00,2024-07-09,Spain,France,2,1,H,6.0,9.0,2.0,3.0,espn
62.0,0.6935483870967742,0.14516129032258066,0.16129032258064516,2.225806451612903,1.7580645161290323,0.7741935483870968,0.9838709677419355,1.8181818181818181,0.75,1.6111111111111112,0.8333333333333334,3.0,2.0,0.7,1790.459,33.0,0.30303030303030304,0.2727272727272727,0.42424242424242425,1.1818181818181819,1.3636363636363635,1.1818181818181819,0.18181818181818182,2.0,0.75,1.0,1.4285714285714286,1.2,1.2,1.5,1504.222,29.0,1.0439882697947211,0.8020527859237536,1.8,286.2370000000001,1.0,1.0,0.0,2.0,0.0,1.0,1.0,CONMEBOL/Copa America,semifinals,703950,2024-07-10T00:00:00+00:00,2024-07-10,Argentina,Canada,2,0,H,11.0,9.0,3.0,2.0,espn
46.0,0.5652173913043478,0.10869565217391304,0.32608695652173914,1.8043478260869565,1.7391304347826086,1.0434782608695652,0.6956521739130435,1.6451612903225807,1.096774193548387,1.9333333333333333,0.9333333333333333,1.6,2.0,1.5,1646.891,52.0,0.46153846153846156,0.2692307692307692,0.2692307692307692,1.6538461538461537,1.4038461538461537,0.9230769230769231,0.4807692307692308,1.52,0.68,1.2962962962962963,1.1481481481481481,2.1,1.8,0.7,1650.304,-6.0,0.1505016722408028,0.21488294314381268,-0.5,-3.413000000000011,1.0,1.0,0.0,2.0,0.0,1.0,1.0,UEFA/European Championship,semifinals,703944,2024-07-10T19:00:00+00:00,2024-07-10,Netherlands,England,1,2,A,7.0,9.0,2.0,5.0,espn
48.0,0.5,0.20833333333333334,0.2916666666666667,1.7083333333333333,1.3125,0.8125,0.5,1.4666666666666666,0.8333333333333334,1.0555555555555556,0.7777777777777778,2.2,1.4,0.3,1637.966,38.0,0.5789473684210527,0.10526315789473684,0.3157894736842105,1.8421052631578947,1.3421052631578947,0.6578947368421053,0.6842105263157895,1.434782608695652,0.782608695652174,1.2,0.4666666666666667,1.7,1.7,0.9,1642.272,10.0,-0.13377192982456143,-0.1842105263157895,0.5000000000000002,-4.30600000000004,2.0,0.0,0.0,-1.0,0.0,1.0,1.0,CONMEBOL/Copa America,semifinals,703951,2024-07-11T00:00:00+00:00,2024-07-11,Uruguay,Colombia,0,1,A,11.0,11.0,2.0,4.0,espn
34.0,0.29411764705882354,0.2647058823529412,0.4411764705882353,1.1470588235294117,1.3235294117647058,1.2058823529411764,0.11764705882352941,2.0,0.75,0.9545454545454546,1.4545454545454546,1.2,1.1,1.3,1498.938,49.0,0.4897959183673469,0.20408163265306123,0.30612244897959184,1.6734693877551021,1.2857142857142858,0.8163265306122449,0.46938775510204084,1.4193548387096775,0.8387096774193549,1.0555555555555556,0.7777777777777778,1.9,1.2,0.4,1623.365,-15.0,-0.5264105642256904,-0.35174069627851146,-0.7,-124.42699999999991,0.0,0.0,0.0,0.0,0.0,0.0,1.0,CONMEBOL/Copa America,3rd-place-match,703952,2024-07-14T00:00:00+00:00,2024-07-14,Canada,Uruguay,2,2,A,14.0,12.0,6.0,5.0,espn
61.0,0.639344262295082,0.14754098360655737,0.21311475409836064,2.0655737704918034,1.7377049180327868,0.8032786885245902,0.9344262295081968,1.9090909090909092,0.8484848484848485,1.5357142857142858,0.75,2.4,1.6,0.6,1713.436,53.0,0.4716981132075472,0.2641509433962264,0.2641509433962264,1.679245283018868,1.4150943396226414,0.9245283018867925,0.49056603773584906,1.52,0.68,1.3214285714285714,1.1428571428571428,2.1,1.4,0.6,1664.943,8.0,0.38632848747293536,0.4438601917723477,0.2999999999999998,48.49299999999994,0.0,0.0,0.0,0.0,0.0,1.0,1.0,UEFA/European Championship,final,703945,2024-07-14T19:00:00+00:00,2024-07-14,Spain,England,2,1,H,16.0,9.0,6.0,4.0,espn
63.0,0.6984126984126984,0.14285714285714285,0.15873015873015872,2.238095238095238,1.7619047619047619,0.7619047619047619,1.0,1.8222222222222222,0.7333333333333333,1.6111111111111112,0.8333333333333334,3.0,2.0,0.7,1795.743,39.0,0.5897435897435898,0.10256410256410256,0.3076923076923077,1.8717948717948718,1.3333333333333333,0.6410256410256411,0.6923076923076923,1.434782608695652,0.782608695652174,1.1875,0.4375,1.9,1.8,0.9,1656.873,24.0,0.36630036630036633,0.3076923076923077,1.1,138.8699999999999,4.0,0.5,0.25,-0.5,0.0,1.0,1.0,CONMEBOL/Copa America,final,703953,2024-07-15T01:15:00+00:00,2024-07-15,Argentina,Colombia,1,0,H,11.0,19.0,6.0,4.0,espn
61.0,0.639344262295082,0.11475409836065574,0.2459016393442623,2.0327868852459017,1.8524590163934427,0.9016393442622951,0.9508196721311475,1.864864864864865,0.8918918918918919,1.8333333333333333,0.9166666666666666,1.5,1.9,1.3,1660.557,55.0,0.509090909090909,0.16363636363636364,0.32727272727272727,1.690909090909091,1.5818181818181818,1.0909090909090908,0.4909090909090909,1.8125,0.875,1.2608695652173914,1.391304347826087,1.8,1.7,0.9,1610.94,6.0,0.34187779433681076,0.4599105812220566,-0.30000000000000004,49.61699999999996,5.0,1.0,0.0,2.0,0.0,1.0,1.0,UEFA/Nations League,semifinals,723735,2025-06-04T19:10:00+00:00,2025-06-04,Germany,Portugal,1,2,A,9.0,17.0,5.0,6.0,espn
62.0,0.6451612903225806,0.14516129032258066,0.20967741935483872,2.0806451612903225,1.7419354838709677,0.8064516129032258,0.9354838709677419,1.911764705882353,0.8529411764705882,1.5357142857142858,0.75,2.7,1.7,0.5,1726.17,61.0,0.5081967213114754,0.22950819672131148,0.26229508196721313,1.7540983606557377,1.459016393442623,0.9836065573770492,0.47540983606557374,1.6666666666666667,0.9666666666666667,1.2580645161290323,1.0,2.0,1.4,0.8,1702.37,1.0,0.32654680063458486,0.46007403490216814,0.7000000000000002,23.800000000000182,4.0,0.5,0.0,0.0,0.0,1.0,1.0,UEFA/Nations League,semifinals,723736,2025-06-05T19:00:00+00:00,2025-06-05,Spain,France,5,4,H,16.0,24.0,8.0,9.0,espn
62.0,0.6290322580645161,0.11290322580645161,0.25806451612903225,2.0,1.8387096774193548,0.9193548387096774,0.9193548387096774,1.8421052631578947,0.9210526315789473,1.8333333333333333,0.9166666666666666,1.4,1.8,1.3,1643.676,62.0,0.5,0.22580645161290322,0.27419354838709675,1.7258064516129032,1.5,1.0483870967741935,0.45161290322580644,1.6666666666666667,0.9666666666666667,1.34375,1.125,1.7,1.5,1.2,1688.597,0.0,0.27419354838709675,0.46774193548387094,-0.30000000000000004,-44.92100000000005,3.0,0.3333333333333333,0.0,-0.6666666666666666,0.0,0.0,1.0,UEFA/Nations League,3rd-place-match,723737,2025-06-08T13:00:00+00:00,2025-06-08,Germany,France,0,2,A,20.0,16.0,6.0,9.0,espn
56.0,0.5178571428571429,0.16071428571428573,0.32142857142857145,1.7142857142857142,1.5892857142857142,1.0892857142857142,0.5,1.8125,0.875,1.2916666666666667,1.375,1.8,1.6,0.8,1627.821,63.0,0.6507936507936508,0.14285714285714285,0.20634920634920634,2.0952380952380953,1.7936507936507937,0.8571428571428571,0.9365079365079365,2.0,0.9428571428571428,1.5357142857142858,0.75,3.0,2.2,0.9,1739.943,-7.0,-0.38095238095238115,-0.4365079365079365,-1.2,-112.12200000000007,4.0,0.25,0.25,0.0,0.0,1.0,1.0,UEFA/Nations League,final,723738,2025-06-08T19:00:00+00:00,2025-06-08,Portugal,Spain,2,2,H,7.0,16.0,2.0,6.0,espn
