match_id,match_datetime_utc,match_date,competition,stage,home_team,away_team,FTHG,FTAG,FTR,home_shots,away_shots,home_sot,away_sot,home_penalties,away_penalties,status,is_neutral_site,venue,source
46457,2002-05-31T11:30:00+00:00,2002-05-31,FIFA/World Cup,group-stage,France,Senegal,0,1,A,16.0,6.0,7.0,5.0,,,STATUS_FULL_TIME,True,Seoul Stadium,espn
48811,2002-06-01T06:30:00+00:00,2002-06-01,FIFA/World Cup,group-stage,Republic of Ireland,Cameroon,1,1,D,9.0,11.0,5.0,5.0,,,STATUS_FULL_TIME,True,Niigata Big Swan,espn
48812,2002-06-01T09:00:00+00:00,2002-06-01,FIFA/World Cup,group-stage,Uruguay,Denmark,1,2,A,5.0,6.0,4.0,4.0,,,STATUS_FULL_TIME,True,Ulsan Munsu Stadium,espn
48278,2002-06-01T11:30:00+00:00,2002-06-01,FIFA/World Cup,group-stage,Germany,Saudi Arabia,8,0,H,24.0,2.0,14.0,0.0,,,STATUS_FULL_TIME,True,Daiwa House Premist Dome,espn
48813,2002-06-02T05:30:00+00:00,2002-06-02,FIFA/World Cup,group-stage,Argentina,Nigeria,1,0,H,18.0,7.0,9.0,2.0,,,STATUS_FULL_TIME,True,Ibaraki Kashima,espn
48814,2002-06-02T07:30:00+00:00,2002-06-02,FIFA/World Cup,group-stage,Paraguay,South Africa,2,2,D,9.0,9.0,6.0,4.0,,,STATUS_FULL_TIME,True,Busan Asian Stadium,espn
48815,2002-06-02T09:30:00+00:00,2002-06-02,FIFA/World Cup,group-stage,England,Sweden,1,1,D,10.0,13.0,4.0,6.0,,,STATUS_FULL_TIME,True,Saitama Stadium,espn
48816,2002-06-02T11:30:00+00:00,2002-06-02,FIFA/World Cup,group-stage,Spain,Slovenia,3,1,H,13.0,10.0,7.0,3.0,,,STATUS_FULL_TIME,True,Gwangju Stadium,espn
48817,2002-06-03T06:30:00+00:00,2002-06-03,FIFA/World Cup,group-stage,Croatia,Mexico,0,1,A,8.0,8.0,4.0,4.0,,,STATUS_FULL_TIME,True,Niigata Big Swan,espn
48818,2002-06-03T09:00:00+00:00,2002-06-03,FIFA/World Cup,group-stage,Brazil,Türkiye,2,1,H,18.0,6.0,11.0,4.0,,,STATUS_FULL_TIME,True,Ulsan Munsu Stadium,espn
48819,2002-06-03T11:30:00+00:00,2002-06-03,FIFA/World Cup,group-stage,Italy,Ecuador,2,0,H,13.0,8.0,8.0,4.0,,,STATUS_FULL_TIME,True,Daiwa House Premist Dome,espn
48820,2002-06-04T06:30:00+00:00,2002-06-04,FIFA/World Cup,group-stage,China,Costa Rica,0,2,A,6.0,11.0,3.0,5.0,,,STATUS_FULL_TIME,True,Gwangju Stadium,espn
48821,2002-06-04T09:00:00+00:00,2002-06-04,FIFA/World Cup,group-stage,Japan,Belgium,2,2,D,8.0,9.0,4.0,6.0,,,STATUS_FULL_TIME,True,Saitama Stadium,espn
48288,2002-06-04T11:30:00+00:00,2002-06-04,FIFA/World Cup,group-stage,South Korea,Poland,2,0,H,14.0,8.0,8.0,2.0,,,STATUS_FULL_TIME,True,Busan Asian Stadium,espn
48822,2002-06-05T06:30:00+00:00,2002-06-05,FIFA/World Cup,group-stage,Russia,Tunisia,2,0,H,16.0,6.0,7.0,2.0,,,STATUS_FULL_TIME,True,Kobe Wing Stadium,espn
48823,2002-06-05T09:00:00+00:00,2002-06-05,FIFA/World Cup,group-stage,United States,Portugal,3,2,H,12.0,13.0,7.0,1.0,,,STATUS_FULL_TIME,True,Suwon Stadium,espn
48824,2002-06-05T11:30:00+00:00,2002-06-05,FIFA/World Cup,group-stage,Germany,Republic of Ireland,1,1,D,8.0,7.0,3.0,3.0,,,STATUS_FULL_TIME,True,Ibaraki Kashima,espn
48825,2002-06-06T06:30:00+00:00,2002-06-06,FIFA/World Cup,group-stage,Denmark,Senegal,1,1,D,3.0,13.0,2.0,7.0,,,STATUS_FULL_TIME,True,Daegu Stadium,espn
48826,2002-06-06T09:00:00+00:00,2002-06-06,FIFA/World Cup,group-stage,Cameroon,Saudi Arabia,1,0,H,13.0,14.0,6.0,4.0,,,STATUS_FULL_TIME,True,Saitama Stadium,espn
48827,2002-06-06T11:30:00+00:00,2002-06-06,FIFA/World Cup,group-stage,France,Uruguay,0,0,D,13.0,11.0,7.0,8.0,,,STATUS_FULL_TIME,True,Busan Asian Stadium,espn
48831,2002-06-08T06:30:00+00:00,2002-06-08,FIFA/World Cup,group-stage,South Africa,Slovenia,1,0,H,12.0,5.0,6.0,1.0,,,STATUS_FULL_TIME,True,Daegu Stadium,espn
48832,2002-06-08T09:00:00+00:00,2002-06-08,FIFA/World Cup,group-stage,Italy,Croatia,1,2,A,9.0,10.0,6.0,7.0,,,STATUS_FULL_TIME,True,Ibaraki Kashima,espn
48833,2002-06-08T11:30:00+00:00,2002-06-08,FIFA/World Cup,group-stage,Brazil,China,4,0,H,8.0,5.0,7.0,3.0,,,STATUS_FULL_TIME,True,Seogwipo Stadium,espn
48834,2002-06-09T06:30:00+00:00,2002-06-09,FIFA/World Cup,group-stage,Mexico,Ecuador,2,1,H,12.0,7.0,7.0,4.0,,,STATUS_FULL_TIME,True,Miyagi Stadium,espn
48835,2002-06-09T09:00:00+00:00,2002-06-09,FIFA/World Cup,group-stage,Costa Rica,Türkiye,1,1,D,11.0,8.0,3.0,2.0,,,STATUS_FULL_TIME,True,Mun-hak Stadium,espn
48836,2002-06-09T11:30:00+00:00,2002-06-09,FIFA/World Cup,group-stage,Japan,Russia,1,0,H,10.0,15.0,2.0,4.0,,,STATUS_FULL_TIME,True,Yokohama Stadium,espn
48837,2002-06-10T06:30:00+00:00,2002-06-10,FIFA/World Cup,group-stage,South Korea,United States,1,1,D,18.0,6.0,9.0,5.0,,,STATUS_FULL_TIME,True,Daegu Stadium,espn
48838,2002-06-10T09:00:00+00:00,2002-06-10,FIFA/World Cup,group-stage,Tunisia,Belgium,1,1,D,9.0,9.0,3.0,3.0,,,STATUS_FULL_TIME,True,Crasus Dome Oita,espn
48839,2002-06-10T11:30:00+00:00,2002-06-10,FIFA/World Cup,group-stage,Portugal,Poland,4,0,H,15.0,16.0,8.0,4.0,,,STATUS_FULL_TIME,True,Jeonju Stadium,espn
48840,2002-06-11T06:30:00+00:00,2002-06-11,FIFA/World Cup,group-stage,Denmark,France,2,0,H,4.0,12.0,2.0,7.0,,,STATUS_FULL_TIME,True,Mun-hak Stadium,espn
48841,2002-06-11T06:30:00+00:00,2002-06-11,FIFA/World Cup,group-stage,Senegal,Uruguay,3,3,D,5.0,15.0,3.0,5.0,,,STATUS_FULL_TIME,True,Suwon Stadium,espn
48842,2002-06-11T11:30:00+00:00,2002-06-11,FIFA/World Cup,group-stage,Cameroon,Germany,0,2,A,7.0,11.0,5.0,5.0,,,STATUS_FULL_TIME,True,Shizouka Stadium Ecopa,espn
48843,2002-06-11T11:30:00+00:00,2002-06-11,FIFA/World Cup,group-stage,Saudi Arabia,Republic of Ireland,0,3,A,9.0,9.0,5.0,5.0,,,STATUS_FULL_TIME,True,Yokohama Stadium,espn
48845,2002-06-12T06:30:00+00:00,2002-06-12,FIFA/World Cup,group-stage,Nigeria,England,0,0,D,10.0,18.0,5.0,6.0,,,STATUS_FULL_TIME,True,Yanmar Stadium Nagai,espn
48844,2002-06-12T06:30:00+00:00,2002-06-12,FIFA/World Cup,group-stage,Sweden,Argentina,1,1,D,5.0,15.0,3.0,3.0,,,STATUS_FULL_TIME,True,Miyagi Stadium,espn
48847,2002-06-12T11:30:00+00:00,2002-06-12,FIFA/World Cup,group-stage,Slovenia,Paraguay,1,3,A,19.0,21.0,13.0,12.0,,,STATUS_FULL_TIME,True,Seogwipo Stadium,espn
48846,2002-06-12T11:30:00+00:00,2002-06-12,FIFA/World Cup,group-stage,South Africa,Spain,2,3,A,7.0,11.0,3.0,7.0,,,STATUS_FULL_TIME,True,Daejeon Stadium,espn
48848,2002-06-13T06:30:00+00:00,2002-06-13,FIFA/World Cup,group-stage,Costa Rica,Brazil,2,5,A,17.0,13.0,9.0,8.0,,,STATUS_FULL_TIME,True,Suwon Stadium,espn
48849,2002-06-13T06:30:00+00:00,2002-06-13,FIFA/World Cup,group-stage,Türkiye,China,3,0,H,17.0,5.0,9.0,3.0,,,STATUS_FULL_TIME,True,Seoul Stadium,espn
48851,2002-06-13T11:30:00+00:00,2002-06-13,FIFA/World Cup,group-stage,Ecuador,Croatia,1,0,H,8.0,10.0,4.0,3.0,,,STATUS_FULL_TIME,True,Yokohama Stadium,espn
48850,2002-06-13T11:30:00+00:00,2002-06-13,FIFA/World Cup,group-stage,Mexico,Italy,1,1,D,9.0,13.0,2.0,5.0,,,STATUS_FULL_TIME,True,Crasus Dome Oita,espn
48887,2002-06-16T06:30:00+00:00,2002-06-16,FIFA/World Cup,second-round,Sweden,Senegal,1,2,A,13.0,21.0,9.0,5.0,,,STATUS_FULL_TIME,True,Crasus Dome Oita,espn
48888,2002-06-16T11:30:00+00:00,2002-06-16,FIFA/World Cup,second-round,Spain,Republic of Ireland,1,1,H,11.0,17.0,5.0,4.0,,,STATUS_FULL_TIME,True,Suwon Stadium,espn
48889,2002-06-17T06:30:00+00:00,2002-06-17,FIFA/World Cup,second-round,Mexico,United States,0,2,A,11.0,9.0,6.0,5.0,,,STATUS_FULL_TIME,True,Jeonju Stadium,espn
48890,2002-06-17T11:30:00+00:00,2002-06-17,FIFA/World Cup,second-round,Brazil,Belgium,2,0,H,13.0,13.0,4.0,5.0,,,STATUS_FULL_TIME,True,Kobe Wing Stadium,espn
48891,2002-06-18T06:30:00+00:00,2002-06-18,FIFA/World Cup,second-round,Japan,Türkiye,0,1,A,7.0,8.0,4.0,5.0,,,STATUS_FULL_TIME,True,Miyagi Stadium,espn
48892,2002-06-18T11:30:00+00:00,2002-06-18,FIFA/World Cup,second-round,South Korea,Italy,2,1,H,11.0,14.0,7.0,6.0,,,STATUS_FULL_TIME,True,Daejeon Stadium,espn
48864,2002-06-21T06:30:00+00:00,2002-06-21,FIFA/World Cup,quarter-finals,Brazil,England,2,1,H,8.0,7.0,4.0,3.0,,,STATUS_FULL_TIME,True,Shizouka Stadium Ecopa,espn
48865,2002-06-21T11:30:00+00:00,2002-06-21,FIFA/World Cup,quarter-finals,Germany,United States,1,0,H,6.0,11.0,2.0,6.0,,,STATUS_FULL_TIME,True,Ulsan Munsu Stadium,espn
48866,2002-06-22T06:30:00+00:00,2002-06-22,FIFA/World Cup,quarter-finals,South Korea,Spain,0,0,H,8.0,18.0,3.0,8.0,,,STATUS_FULL_TIME,True,Gwangju Stadium,espn
48867,2002-06-22T11:30:00+00:00,2002-06-22,FIFA/World Cup,quarter-finals,Senegal,Türkiye,0,1,A,9.0,6.0,3.0,3.0,,,STATUS_FULL_TIME,True,Yanmar Stadium Nagai,espn
48869,2002-06-25T11:30:00+00:00,2002-06-25,FIFA/World Cup,semi-finals,South Korea,Germany,0,1,A,6.0,15.0,3.0,6.0,,,STATUS_FULL_TIME,True,Seoul Stadium,espn
48868,2002-06-26T11:30:00+00:00,2002-06-26,FIFA/World Cup,semi-finals,Brazil,Türkiye,1,0,H,19.0,12.0,12.0,5.0,,,STATUS_FULL_TIME,True,Saitama Stadium,espn
48871,2002-06-30T11:00:00+00:00,2002-06-30,FIFA/World Cup,final,Germany,Brazil,0,2,A,11.0,9.0,4.0,7.0,,,STATUS_FULL_TIME,True,Yokohama Stadium,espn
150273,2004-06-12T16:00:00+00:00,2004-06-12,UEFA/European Championship,group-stage,Portugal,Greece,1,2,A,18.0,5.0,8.0,3.0,,,STATUS_FULL_TIME,True,Estádio do Dragão,espn
150274,2004-06-12T18:45:00+00:00,2004-06-12,UEFA/European Championship,group-stage,Spain,Russia,1,0,H,16.0,8.0,8.0,5.0,,,STATUS_FULL_TIME,True,Estadio Algarve,espn
150275,2004-06-13T16:00:00+00:00,2004-06-13,UEFA/European Championship,group-stage,Switzerland,Croatia,0,0,D,10.0,18.0,6.0,7.0,,,STATUS_FULL_TIME,True,Estadio Dr. Magalhaes Pessoa,espn
150276,2004-06-13T18:45:00+00:00,2004-06-13,UEFA/European Championship,group-stage,France,England,2,1,H,16.0,6.0,6.0,2.0,,,STATUS_FULL_TIME,True,Estádio da Luz,espn
150277,2004-06-14T16:00:00+00:00,2004-06-14,UEFA/European Championship,group-stage,Denmark,Italy,0,0,D,10.0,8.0,9.0,4.0,,,STATUS_FULL_TIME,True,Estadio D. Afonso Henriques,espn
150278,2004-06-14T18:45:00+00:00,2004-06-14,UEFA/European Championship,group-stage,Sweden,Bulgaria,5,0,H,15.0,11.0,9.0,2.0,,,STATUS_FULL_TIME,True,Estadio Jose Alvalade,espn
150280,2004-06-15T16:00:00+00:00,2004-06-15,UEFA/European Championship,group-stage,Czechia,Latvia,2,1,H,24.0,6.0,9.0,2.0,,,STATUS_FULL_TIME,True,Estadio Municipal de Aveiro,espn
150279,2004-06-15T18:45:00+00:00,2004-06-15,UEFA/European Championship,group-stage,Germany,Netherlands,1,1,D,14.0,16.0,6.0,8.0,,,STATUS_FULL_TIME,True,Estádio do Dragão,espn
150281,2004-06-16T16:00:00+00:00,2004-06-16,UEFA/European Championship,group-stage,Greece,Spain,1,1,D,7.0,13.0,4.0,6.0,,,STATUS_FULL_TIME,True,Estadio do Bessa Seculo XXI,espn
150282,2004-06-16T18:45:00+00:00,2004-06-16,UEFA/European Championship,group-stage,Russia,Portugal,0,2,A,7.0,14.0,3.0,7.0,,,STATUS_FULL_TIME,True,Estádio da Luz,espn
150283,2004-06-17T16:00:00+00:00,2004-06-17,UEFA/European Championship,group-stage,England,Switzerland,3,0,H,10.0,11.0,5.0,4.0,,,STATUS_FULL_TIME,True,Estadio Cidade de Coimbra,espn
150284,2004-06-17T18:45:00+00:00,2004-06-17,UEFA/European Championship,group-stage,Croatia,France,2,2,D,8.0,14.0,4.0,7.0,,,STATUS_FULL_TIME,True,Estadio Dr. Magalhaes Pessoa,espn
150285,2004-06-18T16:00:00+00:00,2004-06-18,UEFA/European Championship,group-stage,Bulgaria,Denmark,0,2,A,6.0,17.0,1.0,12.0,,,STATUS_FULL_TIME,True,Estadio Municipal de Braga,espn
150286,2004-06-18T18:45:00+00:00,2004-06-18,UEFA/European Championship,group-stage,Italy,Sweden,1,1,D,18.0,7.0,9.0,4.0,,,STATUS_FULL_TIME,True,Estádio do Dragão,espn
150287,2004-06-19T16:00:00+00:00,2004-06-19,UEFA/European Championship,group-stage,Latvia,Germany,0,0,D,6.0,23.0,5.0,9.0,,,STATUS_FULL_TIME,True,Estadio do Bessa Seculo XXI,espn
150288,2004-06-19T18:45:00+00:00,2004-06-19,UEFA/European Championship,group-stage,Netherlands,Czechia,2,3,A,11.0,19.0,8.0,14.0,,,STATUS_FULL_TIME,True,Estadio Municipal de Aveiro,espn
150289,2004-06-20T18:45:00+00:00,2004-06-20,UEFA/European Championship,group-stage,Russia,Greece,2,1,H,19.0,12.0,9.0,6.0,,,STATUS_FULL_TIME,True,Estadio Algarve,espn
150290,2004-06-20T18:45:00+00:00,2004-06-20,UEFA/European Championship,group-stage,Spain,Portugal,0,1,A,10.0,18.0,3.0,9.0,,,STATUS_FULL_TIME,True,Estadio Jose Alvalade,espn
150291,2004-06-21T18:45:00+00:00,2004-06-21,UEFA/European Championship,group-stage,Croatia,England,2,4,A,14.0,16.0,11.0,13.0,,,STATUS_FULL_TIME,True,Estádio da Luz,espn
150292,2004-06-21T18:45:00+00:00,2004-06-21,UEFA/European Championship,group-stage,Switzerland,France,1,3,A,3.0,15.0,2.0,9.0,,,STATUS_FULL_TIME,True,Estadio Cidade de Coimbra,espn
150294,2004-06-22T18:45:00+00:00,2004-06-22,UEFA/European Championship,group-stage,Denmark,Sweden,2,2,D,12.0,12.0,6.0,7.0,,,STATUS_FULL_TIME,True,Estadio do Bessa Seculo XXI,espn
150293,2004-06-22T18:45:00+00:00,2004-06-22,UEFA/European Championship,group-stage,Italy,Bulgaria,2,1,H,20.0,9.0,11.0,6.0,,,STATUS_FULL_TIME,True,Estadio D. Afonso Henriques,espn
150296,2004-06-23T18:45:00+00:00,2004-06-23,UEFA/European Championship,group-stage,Germany,Czechia,1,2,A,16.0,7.0,12.0,5.0,,,STATUS_FULL_TIME,True,Estadio Jose Alvalade,espn
150295,2004-06-23T18:45:00+00:00,2004-06-23,UEFA/European Championship,group-stage,Netherlands,Latvia,3,0,H,30.0,5.0,17.0,3.0,,,STATUS_FULL_TIME,True,Estadio Municipal de Braga,espn
150297,2004-06-24T18:45:00+00:00,2004-06-24,UEFA/European Championship,quarterfinals,Portugal,England,2,2,D,37.0,14.0,18.0,8.0,,,STATUS_FINAL_PEN,True,Estádio da Luz,espn
150298,2004-06-25T18:45:00+00:00,2004-06-25,UEFA/European Championship,quarterfinals,France,Greece,0,1,A,8.0,6.0,4.0,5.0,,,STATUS_FULL_TIME,True,Estadio Jose Alvalade,espn
150299,2004-06-26T18:45:00+00:00,2004-06-26,UEFA/European Championship,quarterfinals,Sweden,Netherlands,0,0,D,15.0,23.0,7.0,13.0,,,STATUS_FINAL_PEN,True,Estadio Algarve,espn
150300,2004-06-27T18:45:00+00:00,2004-06-27,UEFA/European Championship,quarterfinals,Czechia,Denmark,3,0,H,14.0,12.0,8.0,6.0,,,STATUS_FULL_TIME,True,Estádio do Dragão,espn
151726,2004-06-30T18:45:00+00:00,2004-06-30,UEFA/European Championship,semifinals,Portugal,Netherlands,2,1,H,13.0,8.0,10.0,2.0,,,STATUS_FULL_TIME,True,Estadio Jose Alvalade,espn
151727,2004-07-01T18:45:00+00:00,2004-07-01,UEFA/European Championship,semifinals,Greece,Czechia,1,0,H,9.0,16.0,6.0,6.0,,,STATUS_FULL_TIME,True,Estádio do Dragão,espn
151740,2004-07-04T18:45:00+00:00,2004-07-04,UEFA/European Championship,final,Portugal,Greece,0,1,A,19.0,2.0,10.0,1.0,,,STATUS_FULL_TIME,True,Estádio da Luz,espn
191918,2006-06-09T16:00:00+00:00,2006-06-09,FIFA/World Cup,group-stage,Germany,Costa Rica,4,2,H,24.0,4.0,11.0,3.0,,,STATUS_FULL_TIME,True,Allianz Arena,espn
191919,2006-06-09T19:00:00+00:00,2006-06-09,FIFA/World Cup,group-stage,Poland,Ecuador,0,2,A,12.0,12.0,6.0,8.0,,,STATUS_FULL_TIME,True,Arena AufSchalke,espn
191920,2006-06-10T13:00:00+00:00,2006-06-10,FIFA/World Cup,group-stage,England,Paraguay,1,0,H,14.0,16.0,6.0,4.0,,,STATUS_FULL_TIME,True,Waldstadion,espn
191921,2006-06-10T16:00:00+00:00,2006-06-10,FIFA/World Cup,group-stage,Trinidad and Tobago,Sweden,0,0,D,6.0,25.0,1.0,6.0,,,STATUS_FULL_TIME,True,Signal Iduna Park,espn
191922,2006-06-10T19:00:00+00:00,2006-06-10,FIFA/World Cup,group-stage,Argentina,Ivory Coast,2,1,H,8.0,19.0,4.0,8.0,,,STATUS_FULL_TIME,True,AOL-Arena,espn
191929,2006-06-12T13:00:00+00:00,2006-06-12,FIFA/World Cup,group-stage,Australia,Japan,3,1,H,22.0,9.0,11.0,3.0,,,STATUS_FULL_TIME,True,Fritz-Walter Stadion,espn
191927,2006-06-12T16:00:00+00:00,2006-06-12,FIFA/World Cup,group-stage,United States,Czechia,0,3,A,10.0,10.0,3.0,4.0,,,STATUS_FULL_TIME,True,Arena AufSchalke,espn
191926,2006-06-12T19:00:00+00:00,2006-06-12,FIFA/World Cup,group-stage,Italy,Ghana,2,0,H,18.0,21.0,13.0,8.0,,,STATUS_FULL_TIME,True,Heinz von Heiden-Arena,espn
191931,2006-06-13T13:00:00+00:00,2006-06-13,FIFA/World Cup,group-stage,South Korea,Togo,2,1,H,21.0,11.0,7.0,3.0,,,STATUS_FULL_TIME,True,Waldstadion,espn
191930,2006-06-13T16:00:00+00:00,2006-06-13,FIFA/World Cup,group-stage,France,Switzerland,0,0,D,12.0,7.0,6.0,3.0,,,STATUS_FULL_TIME,True,Gottlieb-Daimler Stadion,espn
191928,2006-06-13T19:00:00+00:00,2006-06-13,FIFA/World Cup,group-stage,Brazil,Croatia,1,0,H,19.0,8.0,8.0,4.0,,,STATUS_FULL_TIME,True,Olympiastadion Berlin,espn
191932,2006-06-14T13:00:00+00:00,2006-06-14,FIFA/World Cup,group-stage,Spain,Ukraine,4,0,H,19.0,6.0,11.0,3.0,,,STATUS_FULL_TIME,True,Zentralstadion,espn
191933,2006-06-14T16:00:00+00:00,2006-06-14,FIFA/World Cup,group-stage,Tunisia,Saudi Arabia,2,2,D,6.0,20.0,2.0,10.0,,,STATUS_FULL_TIME,True,Allianz Arena,espn
191934,2006-06-14T19:00:00+00:00,2006-06-14,FIFA/World Cup,group-stage,Germany,Poland,1,0,H,23.0,8.0,10.0,3.0,,,STATUS_FULL_TIME,True,Signal Iduna Park,espn
191935,2006-06-15T13:00:00+00:00,2006-06-15,FIFA/World Cup,group-stage,Ecuador,Costa Rica,3,0,H,19.0,13.0,6.0,4.0,,,STATUS_FULL_TIME,True,AOL-Arena,espn
191936,2006-06-15T16:00:00+00:00,2006-06-15,FIFA/World Cup,group-stage,England,Trinidad and Tobago,2,0,H,26.0,9.0,8.0,3.0,,,STATUS_FULL_TIME,True,Frankenstadion,espn
191937,2006-06-15T19:00:00+00:00,2006-06-15,FIFA/World Cup,group-stage,Sweden,Paraguay,1,0,H,21.0,18.0,13.0,4.0,,,STATUS_FULL_TIME,True,Olympiastadion Berlin,espn
191938,2006-06-16T13:00:00+00:00,2006-06-16,FIFA/World Cup,group-stage,Argentina,Serbia & Montenegro,6,0,H,13.0,6.0,10.0,2.0,,,STATUS_FULL_TIME,True,Arena AufSchalke,espn
191939,2006-06-16T16:00:00+00:00,2006-06-16,FIFA/World Cup,group-stage,Netherlands,Ivory Coast,2,1,H,11.0,18.0,8.0,9.0,,,STATUS_FULL_TIME,True,Gottlieb-Daimler Stadion,espn
191940,2006-06-16T19:00:00+00:00,2006-06-16,FIFA/World Cup,group-stage,Mexico,Angola,0,0,D,14.0,10.0,6.0,1.0,,,STATUS_FULL_TIME,True,Heinz von Heiden-Arena,espn
191941,2006-06-17T13:00:00+00:00,2006-06-17,FIFA/World Cup,group-stage,Portugal,Iran,2,0,H,19.0,8.0,9.0,3.0,,,STATUS_FULL_TIME,True,Waldstadion,espn
191943,2006-06-17T16:00:00+00:00,2006-06-17,FIFA/World Cup,group-stage,Czechia,Ghana,0,2,A,17.0,20.0,7.0,9.0,,,STATUS_FULL_TIME,True,Rhein Energie Stadion,espn
191942,2006-06-17T19:00:00+00:00,2006-06-17,FIFA/World Cup,group-stage,Italy,United States,1,1,D,11.0,10.0,4.0,3.0,,,STATUS_FULL_TIME,True,Fritz-Walter Stadion,espn
191945,2006-06-18T13:00:00+00:00,2006-06-18,FIFA/World Cup,group-stage,Japan,Croatia,0,0,D,14.0,18.0,4.0,5.0,,,STATUS_FULL_TIME,True,Frankenstadion,espn
191944,2006-06-18T16:00:00+00:00,2006-06-18,FIFA/World Cup,group-stage,Brazil,Australia,2,0,H,18.0,14.0,6.0,4.0,,,STATUS_FULL_TIME,True,Allianz Arena,espn
191946,2006-06-18T19:00:00+00:00,2006-06-18,FIFA/World Cup,group-stage,France,South Korea,1,1,D,17.0,6.0,7.0,3.0,,,STATUS_FULL_TIME,True,Zentralstadion,espn
191947,2006-06-19T13:00:00+00:00,2006-06-19,FIFA/World Cup,group-stage,Togo,Switzerland,0,2,A,10.0,18.0,5.0,10.0,,,STATUS_FULL_TIME,True,Signal Iduna Park,espn
191949,2006-06-19T16:00:00+00:00,2006-06-19,FIFA/World Cup,group-stage,Saudi Arabia,Ukraine,0,4,A,9.0,28.0,2.0,16.0,,,STATUS_FULL_TIME,True,AOL-Arena,espn
191948,2006-06-19T19:00:00+00:00,2006-06-19,FIFA/World Cup,group-stage,Spain,Tunisia,3,1,H,26.0,5.0,10.0,3.0,,,STATUS_FULL_TIME,True,Gottlieb-Daimler Stadion,espn
191951,2006-06-20T14:00:00+00:00,2006-06-20,FIFA/World Cup,group-stage,Costa Rica,Poland,1,2,A,15.0,15.0,6.0,7.0,,,STATUS_FULL_TIME,True,Heinz von Heiden-Arena,espn
191950,2006-06-20T14:00:00+00:00,2006-06-20,FIFA/World Cup,group-stage,Ecuador,Germany,0,3,A,9.0,18.0,3.0,9.0,,,STATUS_FULL_TIME,True,Olympiastadion Berlin,espn
191953,2006-06-20T19:00:00+00:00,2006-06-20,FIFA/World Cup,group-stage,Paraguay,Trinidad and Tobago,2,0,H,13.0,10.0,7.0,3.0,,,STATUS_FULL_TIME,True,Fritz-Walter Stadion,espn
191952,2006-06-20T19:00:00+00:00,2006-06-20,FIFA/World Cup,group-stage,Sweden,England,2,2,D,12.0,18.0,5.0,7.0,,,STATUS_FULL_TIME,True,Rhein Energie Stadion,espn
191957,2006-06-21T14:00:00+00:00,2006-06-21,FIFA/World Cup,group-stage,Iran,Angola,1,1,D,20.0,17.0,12.0,8.0,,,STATUS_FULL_TIME,True,Zentralstadion,espn
191956,2006-06-21T14:00:00+00:00,2006-06-21,FIFA/World Cup,group-stage,Portugal,Mexico,2,1,H,13.0,15.0,6.0,6.0,,,STATUS_FULL_TIME,True,Arena AufSchalke,espn
191955,2006-06-21T19:00:00+00:00,2006-06-21,FIFA/World Cup,group-stage,Ivory Coast,Serbia & Montenegro,3,2,H,29.0,10.0,17.0,4.0,,,STATUS_FULL_TIME,True,Allianz Arena,espn
191954,2006-06-21T19:00:00+00:00,2006-06-21,FIFA/World Cup,group-stage,Netherlands,Argentina,0,0,D,12.0,12.0,3.0,2.0,,,STATUS_FULL_TIME,True,Waldstadion,espn
191958,2006-06-22T14:00:00+00:00,2006-06-22,FIFA/World Cup,group-stage,Czechia,Italy,0,2,A,13.0,18.0,7.0,7.0,,,STATUS_FULL_TIME,True,AOL-Arena,espn
191959,2006-06-22T14:00:00+00:00,2006-06-22,FIFA/World Cup,group-stage,Ghana,United States,2,1,H,9.0,10.0,3.0,4.0,,,STATUS_FULL_TIME,True,Frankenstadion,espn
191961,2006-06-22T19:00:00+00:00,2006-06-22,FIFA/World Cup,group-stage,Croatia,Australia,2,2,D,12.0,15.0,6.0,7.0,,,STATUS_FULL_TIME,True,Gottlieb-Daimler Stadion,espn
191960,2006-06-22T19:00:00+00:00,2006-06-22,FIFA/World Cup,group-stage,Japan,Brazil,1,4,A,9.0,24.0,3.0,16.0,,,STATUS_FULL_TIME,True,Signal Iduna Park,espn
191964,2006-06-23T14:00:00+00:00,2006-06-23,FIFA/World Cup,group-stage,Saudi Arabia,Spain,0,1,A,8.0,22.0,3.0,14.0,,,STATUS_FULL_TIME,True,Fritz-Walter Stadion,espn
191965,2006-06-23T14:00:00+00:00,2006-06-23,FIFA/World Cup,group-stage,Ukraine,Tunisia,1,0,H,7.0,10.0,5.0,3.0,,,STATUS_FULL_TIME,True,Olympiastadion Berlin,espn
191963,2006-06-23T19:00:00+00:00,2006-06-23,FIFA/World Cup,group-stage,Switzerland,South Korea,2,0,H,12.0,17.0,5.0,7.0,,,STATUS_FULL_TIME,True,Heinz von Heiden-Arena,espn
191962,2006-06-23T19:00:00+00:00,2006-06-23,FIFA/World Cup,group-stage,Togo,France,0,2,A,8.0,20.0,1.0,12.0,,,STATUS_FULL_TIME,True,Rhein Energie Stadion,espn
191966,2006-06-24T15:00:00+00:00,2006-06-24,FIFA/World Cup,second-round,Germany,Sweden,2,0,H,29.0,4.0,13.0,2.0,,,STATUS_FULL_TIME,True,Allianz Arena,espn
191967,2006-06-24T19:00:00+00:00,2006-06-24,FIFA/World Cup,second-round,Argentina,Mexico,2,1,H,11.0,16.0,6.0,9.0,,,STATUS_FULL_TIME,True,Zentralstadion,espn
191968,2006-06-25T15:00:00+00:00,2006-06-25,FIFA/World Cup,second-round,England,Ecuador,1,0,H,10.0,13.0,4.0,4.0,,,STATUS_FULL_TIME,True,Gottlieb-Daimler Stadion,espn
191969,2006-06-25T19:00:00+00:00,2006-06-25,FIFA/World Cup,second-round,Portugal,Netherlands,1,0,H,11.0,25.0,6.0,8.0,,,STATUS_FULL_TIME,True,Frankenstadion,espn
191970,2006-06-26T15:00:00+00:00,2006-06-26,FIFA/World Cup,second-round,Italy,Australia,1,0,H,12.0,10.0,7.0,4.0,,,STATUS_FULL_TIME,True,Fritz-Walter Stadion,espn
191971,2006-06-26T19:00:00+00:00,2006-06-26,FIFA/World Cup,second-round,Switzerland,Ukraine,0,0,A,14.0,16.0,5.0,2.0,,,STATUS_FINAL_PEN,True,Rhein Energie Stadion,espn
191972,2006-06-27T15:00:00+00:00,2006-06-27,FIFA/World Cup,second-round,Brazil,Ghana,3,0,H,13.0,22.0,10.0,9.0,,,STATUS_FULL_TIME,True,Signal Iduna Park,espn
191973,2006-06-27T19:00:00+00:00,2006-06-27,FIFA/World Cup,second-round,Spain,France,1,3,A,10.0,10.0,5.0,7.0,,,STATUS_FULL_TIME,True,Heinz von Heiden-Arena,espn
191974,2006-06-30T15:00:00+00:00,2006-06-30,FIFA/World Cup,quarter-finals,Germany,Argentina,1,1,H,17.0,13.0,7.0,5.0,,,STATUS_FINAL_PEN,True,Olympiastadion Berlin,espn
191975,2006-06-30T19:00:00+00:00,2006-06-30,FIFA/World Cup,quarter-finals,Italy,Ukraine,3,0,H,14.0,15.0,9.0,4.0,,,STATUS_FULL_TIME,True,AOL-Arena,espn
191978,2006-07-04T19:00:00+00:00,2006-07-04,FIFA/World Cup,semi-finals,Germany,Italy,0,2,A,18.0,18.0,6.0,11.0,,,STATUS_FULL_TIME,True,Signal Iduna Park,espn
191979,2006-07-05T19:00:00+00:00,2006-07-05,FIFA/World Cup,semi-finals,Portugal,France,0,1,A,11.0,6.0,6.0,3.0,,,STATUS_FULL_TIME,True,Allianz Arena,espn
191980,2006-07-08T19:00:00+00:00,2006-07-08,FIFA/World Cup,third-place,Germany,Portugal,3,1,H,16.0,17.0,5.0,10.0,,,STATUS_FULL_TIME,True,Gottlieb-Daimler Stadion,espn
191983,2006-07-09T18:00:00+00:00,2006-07-09,FIFA/World Cup,final,Italy,France,1,1,H,6.0,14.0,2.0,7.0,,,STATUS_FINAL_PEN,True,Olympiastadion Berlin,espn
232256,2008-06-07T16:00:00+00:00,2008-06-07,UEFA/European Championship,group-stage,Switzerland,Czechia,0,1,A,12.0,4.0,6.0,2.0,,,STATUS_FULL_TIME,True,St Jakob Park,espn
232257,2008-06-07T18:45:00+00:00,2008-06-07,UEFA/European Championship,group-stage,Portugal,Türkiye,2,0,H,16.0,6.0,7.0,3.0,,,STATUS_FULL_TIME,True,Stade de Geneve,espn
232258,2008-06-08T16:00:00+00:00,2008-06-08,UEFA/European Championship,group-stage,Austria,Croatia,0,1,A,18.0,9.0,8.0,3.0,,,STATUS_FULL_TIME,True,Ernst Happel Stadion,espn
232259,2008-06-08T18:45:00+00:00,2008-06-08,UEFA/European Championship,group-stage,Germany,Poland,2,0,H,9.0,11.0,6.0,6.0,,,STATUS_FULL_TIME,True,Hypo-Arena,espn
232260,2008-06-09T16:00:00+00:00,2008-06-09,UEFA/European Championship,group-stage,Romania,France,0,0,D,6.0,11.0,2.0,3.0,,,STATUS_FULL_TIME,True,Letzigrund Stadium,espn
232261,2008-06-09T18:45:00+00:00,2008-06-09,UEFA/European Championship,group-stage,Netherlands,Italy,3,0,H,16.0,13.0,11.0,6.0,,,STATUS_FULL_TIME,True,Stadion Wankdorf,espn
232262,2008-06-10T16:00:00+00:00,2008-06-10,UEFA/European Championship,group-stage,Spain,Russia,4,1,H,20.0,12.0,16.0,6.0,,,STATUS_FULL_TIME,True,Tivoli Neu Stadium,espn
232263,2008-06-10T18:45:00+00:00,2008-06-10,UEFA/European Championship,group-stage,Greece,Sweden,0,2,A,6.0,10.0,6.0,5.0,,,STATUS_FULL_TIME,True,Wals-Siezenhem Stadion,espn
232264,2008-06-11T16:00:00+00:00,2008-06-11,UEFA/European Championship,group-stage,Czechia,Portugal,1,3,A,8.0,16.0,3.0,13.0,,,STATUS_FULL_TIME,True,Stade Geneve,espn
232265,2008-06-11T18:45:00+00:00,2008-06-11,UEFA/European Championship,group-stage,Switzerland,Türkiye,1,2,A,13.0,7.0,8.0,4.0,,,STATUS_FULL_TIME,True,St Jakob Park,espn
232266,2008-06-12T16:00:00+00:00,2008-06-12,UEFA/European Championship,group-stage,Croatia,Germany,2,1,H,12.0,7.0,8.0,2.0,,,STATUS_FULL_TIME,True,Wortherseestadion,espn
232267,2008-06-12T18:45:00+00:00,2008-06-12,UEFA/European Championship,group-stage,Austria,Poland,1,1,D,14.0,12.0,6.0,9.0,,,STATUS_FULL_TIME,True,Ernst Happel Stadion,espn
232268,2008-06-13T16:00:00+00:00,2008-06-13,UEFA/European Championship,group-stage,Italy,Romania,1,1,D,7.0,12.0,4.0,8.0,,,STATUS_FULL_TIME,True,Letzigrund Stadium,espn
232269,2008-06-13T18:45:00+00:00,2008-06-13,UEFA/European Championship,group-stage,Netherlands,France,4,1,H,15.0,17.0,12.0,8.0,,,STATUS_FULL_TIME,True,Stadion Wankdorf,espn
232270,2008-06-14T16:00:00+00:00,2008-06-14,UEFA/European Championship,group-stage,Sweden,Spain,1,2,A,9.0,13.0,3.0,9.0,,,STATUS_FULL_TIME,True,Tivoli Neu Stadium,espn
232271,2008-06-14T18:45:00+00:00,2008-06-14,UEFA/European Championship,group-stage,Greece,Russia,0,1,A,8.0,19.0,5.0,6.0,,,STATUS_FULL_TIME,True,Wals-Siezenhem Stadion,espn
232273,2008-06-15T18:45:00+00:00,2008-06-15,UEFA/European Championship,group-stage,Switzerland,Portugal,2,0,H,12.0,10.0,8.0,5.0,,,STATUS_FULL_TIME,True,St Jakob Park,espn
232272,2008-06-15T18:45:00+00:00,2008-06-15,UEFA/European Championship,group-stage,Türkiye,Czechia,3,2,H,17.0,12.0,11.0,4.0,,,STATUS_FULL_TIME,True,Stade Geneve,espn
232275,2008-06-16T18:45:00+00:00,2008-06-16,UEFA/European Championship,group-stage,Austria,Germany,0,1,A,9.0,16.0,0.0,7.0,,,STATUS_FULL_TIME,True,Ernst Happel Stadion,espn
232274,2008-06-16T18:45:00+00:00,2008-06-16,UEFA/European Championship,group-stage,Poland,Croatia,0,1,A,20.0,15.0,7.0,5.0,,,STATUS_FULL_TIME,True,Wortherseestadion,espn
232276,2008-06-17T18:45:00+00:00,2008-06-17,UEFA/European Championship,group-stage,France,Italy,0,2,A,13.0,13.0,7.0,5.0,,,STATUS_FULL_TIME,True,Letzigrund Stadium,espn
232277,2008-06-17T18:45:00+00:00,2008-06-17,UEFA/European Championship,group-stage,Netherlands,Romania,2,0,H,14.0,8.0,6.0,1.0,,,STATUS_FULL_TIME,True,Stadion Wankdorf,espn
232279,2008-06-18T18:45:00+00:00,2008-06-18,UEFA/European Championship,group-stage,Greece,Spain,1,2,A,13.0,19.0,5.0,6.0,,,STATUS_FULL_TIME,True,Wals-Siezenhem Stadion,espn
232278,2008-06-18T18:45:00+00:00,2008-06-18,UEFA/European Championship,group-stage,Russia,Sweden,2,0,H,15.0,12.0,6.0,6.0,,,STATUS_FULL_TIME,True,Tivoli Neu Stadium,espn
232280,2008-06-19T18:45:00+00:00,2008-06-19,UEFA/European Championship,quarterfinals,Portugal,Germany,2,3,A,21.0,10.0,10.0,5.0,,,STATUS_FULL_TIME,True,St Jakob Park,espn
232281,2008-06-20T18:45:00+00:00,2008-06-20,UEFA/European Championship,quarterfinals,Croatia,Türkiye,1,1,D,15.0,10.0,7.0,4.0,1.0,3.0,STATUS_FINAL_PEN,True,Ernst Happel Stadion,espn
232282,2008-06-21T18:45:00+00:00,2008-06-21,UEFA/European Championship,quarterfinals,Netherlands,Russia,1,3,A,28.0,26.0,14.0,13.0,,,STATUS_FULL_TIME,True,St Jakob Park,espn
232283,2008-06-22T18:45:00+00:00,2008-06-22,UEFA/European Championship,quarterfinals,Spain,Italy,0,0,D,27.0,12.0,10.0,6.0,4.0,2.0,STATUS_FINAL_PEN,True,Ernst Happel Stadion,espn
232284,2008-06-25T18:45:00+00:00,2008-06-25,UEFA/European Championship,semifinals,Germany,Türkiye,3,2,H,9.0,22.0,5.0,15.0,,,STATUS_FULL_TIME,True,St Jakob Park,espn
232285,2008-06-26T18:45:00+00:00,2008-06-26,UEFA/European Championship,semifinals,Russia,Spain,0,3,A,9.0,18.0,4.0,12.0,,,STATUS_FULL_TIME,True,Ernst Happel Stadion,espn
232286,2008-06-29T18:45:00+00:00,2008-06-29,UEFA/European Championship,final,Germany,Spain,0,1,A,4.0,14.0,3.0,8.0,,,STATUS_FULL_TIME,True,Ernst Happel Stadion,espn
264031,2010-06-11T14:00:00+00:00,2010-06-11,FIFA/World Cup,group-stage,South Africa,Mexico,1,1,D,9.0,14.0,5.0,5.0,,,STATUS_FULL_TIME,True,FNB Stadium,espn
264032,2010-06-11T18:30:00+00:00,2010-06-11,FIFA/World Cup,group-stage,Uruguay,France,0,0,D,7.0,20.0,3.0,3.0,,,STATUS_FULL_TIME,True,DHL Cape Town Stadium,espn
264038,2010-06-12T11:30:00+00:00,2010-06-12,FIFA/World Cup,group-stage,South Korea,Greece,2,0,H,17.0,6.0,4.0,2.0,,,STATUS_FULL_TIME,True,Nelson Mandela Bay Stadium,espn
264037,2010-06-12T14:00:00+00:00,2010-06-12,FIFA/World Cup,group-stage,Argentina,Nigeria,1,0,H,20.0,12.0,7.0,1.0,,,STATUS_FULL_TIME,True,Emirates Airline Park,espn
264043,2010-06-12T18:30:00+00:00,2010-06-12,FIFA/World Cup,group-stage,England,United States,1,1,D,18.0,12.0,6.0,4.0,,,STATUS_FULL_TIME,True,Royal Bafokeng Stadium,espn
264044,2010-06-13T11:30:00+00:00,2010-06-13,FIFA/World Cup,group-stage,Algeria,Slovenia,0,1,A,10.0,7.0,2.0,3.0,,,STATUS_FULL_TIME,True,Peter Mokaba Stadium,espn
264050,2010-06-13T14:00:00+00:00,2010-06-13,FIFA/World Cup,group-stage,Serbia,Ghana,0,1,A,14.0,15.0,2.0,1.0,,,STATUS_FULL_TIME,True,Loftus Versfeld Stadium,espn
264049,2010-06-13T18:30:00+00:00,2010-06-13,FIFA/World Cup,group-stage,Germany,Australia,4,0,H,17.0,11.0,9.0,2.0,,,STATUS_FULL_TIME,True,Moses Mabhida Stadium,espn
264055,2010-06-14T11:30:00+00:00,2010-06-14,FIFA/World Cup,group-stage,Netherlands,Denmark,2,0,H,19.0,11.0,6.0,3.0,,,STATUS_FULL_TIME,True,FNB Stadium,espn
264056,2010-06-14T14:00:00+00:00,2010-06-14,FIFA/World Cup,group-stage,Japan,Cameroon,1,0,H,3.0,9.0,2.0,2.0,,,STATUS_FULL_TIME,True,Free State Toyota Stadium,espn
264061,2010-06-14T18:30:00+00:00,2010-06-14,FIFA/World Cup,group-stage,Italy,Paraguay,1,1,D,10.0,7.0,5.0,1.0,,,STATUS_FULL_TIME,True,DHL Cape Town Stadium,espn
264074,2010-06-16T11:30:00+00:00,2010-06-16,FIFA/World Cup,group-stage,Honduras,Chile,0,1,A,7.0,20.0,2.0,5.0,,,STATUS_FULL_TIME,True,Mbombela Stadium,espn
264073,2010-06-16T14:00:00+00:00,2010-06-16,FIFA/World Cup,group-stage,Spain,Switzerland,0,1,A,24.0,8.0,8.0,3.0,,,STATUS_FULL_TIME,True,Moses Mabhida Stadium,espn
264033,2010-06-16T18:30:00+00:00,2010-06-16,FIFA/World Cup,group-stage,South Africa,Uruguay,0,3,A,10.0,19.0,3.0,6.0,,,STATUS_FULL_TIME,True,Loftus Versfeld Stadium,espn
264039,2010-06-17T11:30:00+00:00,2010-06-17,FIFA/World Cup,group-stage,Argentina,South Korea,4,1,H,22.0,13.0,11.0,2.0,,,STATUS_FULL_TIME,True,FNB Stadium,espn
264040,2010-06-17T14:00:00+00:00,2010-06-17,FIFA/World Cup,group-stage,Greece,Nigeria,2,1,H,27.0,10.0,11.0,4.0,,,STATUS_FULL_TIME,True,Free State Toyota Stadium,espn
264034,2010-06-17T18:30:00+00:00,2010-06-17,FIFA/World Cup,group-stage,France,Mexico,0,2,A,13.0,12.0,4.0,5.0,,,STATUS_FULL_TIME,True,Peter Mokaba Stadium,espn
264051,2010-06-18T11:30:00+00:00,2010-06-18,FIFA/World Cup,group-stage,Germany,Serbia,0,1,A,15.0,9.0,4.0,3.0,,,STATUS_FULL_TIME,True,Nelson Mandela Bay Stadium,espn
264045,2010-06-18T14:00:00+00:00,2010-06-18,FIFA/World Cup,group-stage,Slovenia,United States,2,2,D,7.0,14.0,4.0,6.0,,,STATUS_FULL_TIME,True,Emirates Airline Park,espn
264046,2010-06-18T18:30:00+00:00,2010-06-18,FIFA/World Cup,group-stage,England,Algeria,0,0,D,15.0,11.0,6.0,1.0,,,STATUS_FULL_TIME,True,DHL Cape Town Stadium,espn
264057,2010-06-19T11:30:00+00:00,2010-06-19,FIFA/World Cup,group-stage,Netherlands,Japan,1,0,H,9.0,10.0,5.0,3.0,,,STATUS_FULL_TIME,True,Moses Mabhida Stadium,espn
264052,2010-06-19T14:00:00+00:00,2010-06-19,FIFA/World Cup,group-stage,Ghana,Australia,1,1,D,22.0,8.0,6.0,5.0,,,STATUS_FULL_TIME,True,Royal Bafokeng Stadium,espn
264058,2010-06-19T18:30:00+00:00,2010-06-19,FIFA/World Cup,group-stage,Cameroon,Denmark,1,2,A,23.0,13.0,8.0,6.0,,,STATUS_FULL_TIME,True,Loftus Versfeld Stadium,espn
264064,2010-06-20T11:30:00+00:00,2010-06-20,FIFA/World Cup,group-stage,Slovakia,Paraguay,0,2,A,6.0,11.0,1.0,5.0,,,STATUS_FULL_TIME,True,Free State Toyota Stadium,espn
264063,2010-06-20T14:00:00+00:00,2010-06-20,FIFA/World Cup,group-stage,Italy,New Zealand,1,1,D,23.0,3.0,7.0,1.0,,,STATUS_FULL_TIME,True,Mbombela Stadium,espn
264069,2010-06-20T18:30:00+00:00,2010-06-20,FIFA/World Cup,group-stage,Brazil,Ivory Coast,3,1,H,12.0,10.0,6.0,4.0,,,STATUS_FULL_TIME,True,FNB Stadium,espn
264070,2010-06-21T11:30:00+00:00,2010-06-21,FIFA/World Cup,group-stage,Portugal,North Korea,7,0,H,26.0,15.0,13.0,4.0,,,STATUS_FULL_TIME,True,DHL Cape Town Stadium,espn
264076,2010-06-21T14:00:00+00:00,2010-06-21,FIFA/World Cup,group-stage,Chile,Switzerland,1,0,H,20.0,7.0,7.0,1.0,,,STATUS_FULL_TIME,True,Nelson Mandela Bay Stadium,espn
264075,2010-06-21T18:30:00+00:00,2010-06-21,FIFA/World Cup,group-stage,Spain,Honduras,2,0,H,22.0,9.0,7.0,0.0,,,STATUS_FULL_TIME,True,Emirates Airline Park,espn
264036,2010-06-22T14:00:00+00:00,2010-06-22,FIFA/World Cup,group-stage,France,South Africa,1,2,A,10.0,21.0,4.0,10.0,,,STATUS_FULL_TIME,True,Free State Toyota Stadium,espn
264035,2010-06-22T14:00:00+00:00,2010-06-22,FIFA/World Cup,group-stage,Mexico,Uruguay,0,1,A,11.0,15.0,2.0,5.0,,,STATUS_FULL_TIME,True,Royal Bafokeng Stadium,espn
264042,2010-06-22T18:30:00+00:00,2010-06-22,FIFA/World Cup,group-stage,Greece,Argentina,0,2,A,7.0,22.0,3.0,12.0,,,STATUS_FULL_TIME,True,Peter Mokaba Stadium,espn
264041,2010-06-22T18:30:00+00:00,2010-06-22,FIFA/World Cup,group-stage,Nigeria,South Korea,2,2,D,11.0,16.0,4.0,8.0,,,STATUS_FULL_TIME,True,Moses Mabhida Stadium,espn
264047,2010-06-23T14:00:00+00:00,2010-06-23,FIFA/World Cup,group-stage,Slovenia,England,0,1,A,13.0,13.0,6.0,8.0,,,STATUS_FULL_TIME,True,Nelson Mandela Bay Stadium,espn
264048,2010-06-23T14:00:00+00:00,2010-06-23,FIFA/World Cup,group-stage,United States,Algeria,1,0,H,22.0,19.0,10.0,4.0,,,STATUS_FULL_TIME,True,Loftus Versfeld Stadium,espn
264054,2010-06-23T18:30:00+00:00,2010-06-23,FIFA/World Cup,group-stage,Australia,Serbia,2,1,H,17.0,23.0,7.0,6.0,,,STATUS_FULL_TIME,True,Mbombela Stadium,espn
264053,2010-06-23T18:30:00+00:00,2010-06-23,FIFA/World Cup,group-stage,Ghana,Germany,0,1,A,17.0,13.0,5.0,6.0,,,STATUS_FULL_TIME,True,FNB Stadium,espn
264066,2010-06-24T14:00:00+00:00,2010-06-24,FIFA/World Cup,group-stage,Paraguay,New Zealand,0,0,D,17.0,4.0,5.0,0.0,,,STATUS_FULL_TIME,True,Peter Mokaba Stadium,espn
264065,2010-06-24T14:00:00+00:00,2010-06-24,FIFA/World Cup,group-stage,Slovakia,Italy,3,2,H,12.0,16.0,4.0,6.0,,,STATUS_FULL_TIME,True,Emirates Airline Park,espn
264060,2010-06-24T18:30:00+00:00,2010-06-24,FIFA/World Cup,group-stage,Cameroon,Netherlands,1,2,A,15.0,15.0,3.0,8.0,,,STATUS_FULL_TIME,True,DHL Cape Town Stadium,espn
264059,2010-06-24T18:30:00+00:00,2010-06-24,FIFA/World Cup,group-stage,Denmark,Japan,1,3,A,19.0,15.0,7.0,10.0,,,STATUS_FULL_TIME,True,Royal Bafokeng Stadium,espn
264071,2010-06-25T14:00:00+00:00,2010-06-25,FIFA/World Cup,group-stage,North Korea,Ivory Coast,0,3,A,8.0,28.0,4.0,15.0,,,STATUS_FULL_TIME,True,Mbombela Stadium,espn
264072,2010-06-25T14:00:00+00:00,2010-06-25,FIFA/World Cup,group-stage,Portugal,Brazil,0,0,D,13.0,19.0,3.0,5.0,,,STATUS_FULL_TIME,True,Moses Mabhida Stadium,espn
264078,2010-06-25T18:30:00+00:00,2010-06-25,FIFA/World Cup,group-stage,Chile,Spain,1,2,A,9.0,9.0,4.0,3.0,,,STATUS_FULL_TIME,True,Loftus Versfeld Stadium,espn
264077,2010-06-25T18:30:00+00:00,2010-06-25,FIFA/World Cup,group-stage,Switzerland,Honduras,0,0,D,17.0,8.0,5.0,2.0,,,STATUS_FULL_TIME,True,Free State Toyota Stadium,espn
264109,2010-06-26T14:00:00+00:00,2010-06-26,FIFA/World Cup,second-round,Uruguay,South Korea,2,1,H,14.0,15.0,8.0,5.0,,,STATUS_FULL_TIME,True,Nelson Mandela Bay Stadium,espn
264108,2010-06-26T18:30:00+00:00,2010-06-26,FIFA/World Cup,second-round,United States,Ghana,1,2,A,20.0,16.0,6.0,6.0,,,STATUS_FINAL_AET,True,Royal Bafokeng Stadium,espn
264111,2010-06-27T14:00:00+00:00,2010-06-27,FIFA/World Cup,second-round,Germany,England,4,1,H,17.0,19.0,7.0,9.0,,,STATUS_FULL_TIME,True,Free State Stadium,espn
264110,2010-06-27T18:30:00+00:00,2010-06-27,FIFA/World Cup,second-round,Argentina,Mexico,3,1,H,11.0,16.0,6.0,6.0,,,STATUS_FULL_TIME,True,FNB Stadium,espn
264113,2010-06-28T14:00:00+00:00,2010-06-28,FIFA/World Cup,second-round,Netherlands,Slovakia,2,1,H,16.0,12.0,9.0,3.0,,,STATUS_FULL_TIME,True,Durban Stadium,espn
264112,2010-06-28T18:30:00+00:00,2010-06-28,FIFA/World Cup,second-round,Brazil,Chile,3,0,H,17.0,15.0,6.0,3.0,,,STATUS_FULL_TIME,True,Ellis Park,espn
264115,2010-06-29T14:00:00+00:00,2010-06-29,FIFA/World Cup,second-round,Paraguay,Japan,0,0,A,18.0,16.0,6.0,6.0,5.0,3.0,STATUS_FINAL_PEN,True,Loftus Versfeld Stadium,espn
264114,2010-06-29T18:30:00+00:00,2010-06-29,FIFA/World Cup,second-round,Spain,Portugal,1,0,H,19.0,9.0,10.0,3.0,,,STATUS_FULL_TIME,True,Green Point Stadium,espn
264117,2010-07-02T14:00:00+00:00,2010-07-02,FIFA/World Cup,quarter-finals,Netherlands,Brazil,2,1,H,11.0,15.0,5.0,4.0,,,STATUS_FULL_TIME,True,Nelson Mandela Bay Stadium,espn
264116,2010-07-02T18:30:00+00:00,2010-07-02,FIFA/World Cup,quarter-finals,Uruguay,Ghana,1,1,H,19.0,30.0,7.0,10.0,4.0,2.0,STATUS_FINAL_PEN,True,FNB Stadium,espn
264119,2010-07-03T14:00:00+00:00,2010-07-03,FIFA/World Cup,quarter-finals,Argentina,Germany,0,4,A,20.0,18.0,7.0,6.0,,,STATUS_FULL_TIME,True,Green Point Stadium,espn
264118,2010-07-03T18:30:00+00:00,2010-07-03,FIFA/World Cup,group-stage,Paraguay,Spain,0,1,A,9.0,16.0,4.0,6.0,,,STATUS_FULL_TIME,True,Emirates Airline Park,espn
264120,2010-07-06T18:30:00+00:00,2010-07-06,FIFA/World Cup,semi-finals,Uruguay,Netherlands,2,3,A,12.0,11.0,6.0,7.0,,,STATUS_FULL_TIME,True,Green Point Stadium,espn
264121,2010-07-07T18:30:00+00:00,2010-07-07,FIFA/World Cup,semi-finals,Germany,Spain,0,1,A,5.0,13.0,2.0,5.0,,,STATUS_FULL_TIME,True,Durban Stadium,espn
264122,2010-07-10T18:30:00+00:00,2010-07-10,FIFA/World Cup,third-place,Uruguay,Germany,2,3,A,16.0,18.0,7.0,7.0,,,STATUS_FULL_TIME,True,Nelson Mandela Bay Stadium,espn
264123,2010-07-11T18:30:00+00:00,2010-07-11,FIFA/World Cup,final,Netherlands,Spain,0,1,A,13.0,19.0,5.0,6.0,,,STATUS_FINAL_AET,True,FNB Stadium,espn
317187,2011-06-05T22:00:00+00:00,2011-06-05,CONCACAF/Gold Cup,group-stage-2011,Costa Rica,Cuba,5,0,H,14.0,2.0,7.0,0.0,,,STATUS_FULL_TIME,True,Dallas Cowboys New Stadium,espn
317188,2011-06-06T00:00:00+00:00,2011-06-06,CONCACAF/Gold Cup,group-stage-2011,Mexico,El Salvador,5,0,H,20.0,7.0,12.0,4.0,,,STATUS_FULL_TIME,True,Dallas Cowboys New Stadium,espn
317193,2011-06-07T01:00:00+00:00,2011-06-07,CONCACAF/Gold Cup,group-stage-2011,Jamaica,Grenada,4,0,H,16.0,1.0,9.0,0.0,,,STATUS_FULL_TIME,True,StubHub Center,espn
317194,2011-06-07T03:00:00+00:00,2011-06-07,CONCACAF/Gold Cup,group-stage-2011,Honduras,Guatemala,0,0,D,10.0,9.0,4.0,1.0,,,STATUS_FULL_TIME,True,StubHub Center,espn
317199,2011-06-07T22:00:00+00:00,2011-06-07,CONCACAF/Gold Cup,group-stage-2011,Panama,Guadeloupe,3,2,H,8.0,8.0,3.0,4.0,,,STATUS_FULL_TIME,True,Ford Field,espn
317200,2011-06-08T00:00:00+00:00,2011-06-08,CONCACAF/Gold Cup,group-stage-2011,United States,Canada,2,0,H,14.0,7.0,9.0,3.0,,,STATUS_FULL_TIME,True,Ford Field,espn
317189,2011-06-09T23:30:00+00:00,2011-06-09,CONCACAF/Gold Cup,group-stage-2011,Costa Rica,El Salvador,1,1,D,9.0,10.0,3.0,4.0,,,STATUS_FULL_TIME,True,Bank of America Stadium,espn
317190,2011-06-10T01:00:00+00:00,2011-06-10,CONCACAF/Gold Cup,group-stage-2011,Cuba,Mexico,0,5,A,6.0,26.0,3.0,12.0,,,STATUS_FULL_TIME,True,Bank of America Stadium,espn
317195,2011-06-10T23:00:00+00:00,2011-06-10,CONCACAF/Gold Cup,group-stage-2011,Jamaica,Guatemala,2,0,H,8.0,4.0,5.0,1.0,,,STATUS_FULL_TIME,True,Riccardo Silva Stadium,espn
317196,2011-06-11T01:00:00+00:00,2011-06-11,CONCACAF/Gold Cup,group-stage-2011,Grenada,Honduras,1,7,A,6.0,20.0,4.0,13.0,,,STATUS_FULL_TIME,True,Riccardo Silva Stadium,espn
317201,2011-06-11T22:00:00+00:00,2011-06-11,CONCACAF/Gold Cup,group-stage-2011,Canada,Guadeloupe,1,0,H,18.0,9.0,10.0,4.0,,,STATUS_FULL_TIME,True,Raymond James Stadium,espn
317202,2011-06-12T00:00:00+00:00,2011-06-12,CONCACAF/Gold Cup,group-stage-2011,United States,Panama,1,2,A,15.0,9.0,5.0,2.0,,,STATUS_FULL_TIME,True,Raymond James Stadium,espn
317191,2011-06-12T22:00:00+00:00,2011-06-12,CONCACAF/Gold Cup,group-stage-2011,El Salvador,Cuba,6,1,H,12.0,6.0,8.0,2.0,,,STATUS_FULL_TIME,True,Soldier Field,espn
317192,2011-06-13T00:00:00+00:00,2011-06-13,CONCACAF/Gold Cup,group-stage-2011,Mexico,Costa Rica,4,1,H,15.0,8.0,11.0,3.0,,,STATUS_FULL_TIME,True,Soldier Field,espn
317197,2011-06-13T23:00:00+00:00,2011-06-13,CONCACAF/Gold Cup,group-stage-2011,Guatemala,Grenada,4,0,H,25.0,9.0,14.0,1.0,,,STATUS_FULL_TIME,True,Red Bull Arena,espn
317198,2011-06-14T01:00:00+00:00,2011-06-14,CONCACAF/Gold Cup,group-stage-2011,Honduras,Jamaica,0,1,A,13.0,10.0,4.0,3.0,,,STATUS_FULL_TIME,True,Red Bull Arena,espn
317203,2011-06-14T23:00:00+00:00,2011-06-14,CONCACAF/Gold Cup,group-stage-2011,Canada,Panama,1,1,D,8.0,7.0,3.0,4.0,,,STATUS_FULL_TIME,True,Children's Mercy Park,espn
317204,2011-06-15T01:00:00+00:00,2011-06-15,CONCACAF/Gold Cup,group-stage-2011,Guadeloupe,United States,0,1,A,4.0,19.0,0.0,10.0,,,STATUS_FULL_TIME,True,Children's Mercy Park,espn
317205,2011-06-18T21:00:00+00:00,2011-06-18,CONCACAF/Gold Cup,quarter-finals,Costa Rica,Honduras,1,1,D,12.0,15.0,5.0,9.0,2.0,4.0,STATUS_FINAL_PEN,True,New Meadowlands Stadium,espn
317918,2011-06-19T00:00:00+00:00,2011-06-19,CONCACAF/Gold Cup,quarter-finals,Mexico,Guatemala,2,1,H,18.0,8.0,5.0,5.0,,,STATUS_FULL_TIME,True,New Meadowlands Stadium,espn
317919,2011-06-19T19:00:00+00:00,2011-06-19,CONCACAF/Gold Cup,quarter-finals,Jamaica,United States,0,2,A,4.0,18.0,2.0,12.0,,,STATUS_FULL_TIME,True,RFK Memorial,espn
317920,2011-06-19T22:00:00+00:00,2011-06-19,CONCACAF/Gold Cup,quarter-finals,Panama,El Salvador,1,1,D,24.0,10.0,16.0,4.0,5.0,3.0,STATUS_FINAL_PEN,True,RFK Memorial,espn
317206,2011-06-22T23:00:00+00:00,2011-06-22,CONCACAF/Gold Cup,semi-finals,United States,Panama,1,0,H,5.0,6.0,1.0,1.0,,,STATUS_FULL_TIME,True,Reliant Stadium,espn
319972,2011-06-23T02:00:00+00:00,2011-06-23,CONCACAF/Gold Cup,semi-finals,Honduras,Mexico,0,2,A,5.0,17.0,3.0,5.0,,,STATUS_FULL_TIME,True,Reliant Stadium,espn
317207,2011-06-26T01:00:00+00:00,2011-06-26,CONCACAF/Gold Cup,final,United States,Mexico,2,4,A,10.0,16.0,4.0,9.0,,,STATUS_FULL_TIME,True,Rose Bowl,espn
314577,2011-07-02T00:45:00+00:00,2011-07-02,CONMEBOL/Copa America,group-stage-2011,Argentina,Bolivia,1,1,D,15.0,6.0,7.0,6.0,,,STATUS_FULL_TIME,True,Ciudad de La Plata,espn
314578,2011-07-02T18:30:00+00:00,2011-07-02,CONMEBOL/Copa America,group-stage-2011,Colombia,Costa Rica,1,0,H,17.0,5.0,9.0,2.0,,,STATUS_FULL_TIME,True,23 de Agosto,espn
314583,2011-07-03T19:00:00+00:00,2011-07-03,CONMEBOL/Copa America,group-stage-2011,Brazil,Venezuela,0,0,D,6.0,3.0,3.0,1.0,,,STATUS_FULL_TIME,True,Ciudad de La Plata,espn
314681,2011-07-03T21:30:00+00:00,2011-07-03,CONMEBOL/Copa America,group-stage-2011,Paraguay,Ecuador,0,0,D,11.0,7.0,6.0,3.0,,,STATUS_FULL_TIME,True,Brigadier Gral. Estanislao López,espn
314686,2011-07-04T22:15:00+00:00,2011-07-04,CONMEBOL/Copa America,group-stage-2011,Uruguay,Peru,1,1,D,7.0,8.0,4.0,4.0,,,STATUS_FULL_TIME,True,Estadio del Bicentenario,espn
314687,2011-07-05T00:45:00+00:00,2011-07-05,CONMEBOL/Copa America,group-stage-2011,Chile,Mexico,2,1,H,8.0,3.0,4.0,3.0,,,STATUS_FULL_TIME,True,Estadio del Bicentenario,espn
314582,2011-07-07T00:45:00+00:00,2011-07-07,CONMEBOL/Copa America,group-stage-2011,Argentina,Colombia,0,0,D,7.0,9.0,6.0,5.0,,,STATUS_FULL_TIME,True,Brigadier Gral. Estanislao López,espn
314580,2011-07-07T22:15:00+00:00,2011-07-07,CONMEBOL/Copa America,group-stage-2011,Bolivia,Costa Rica,0,2,A,9.0,11.0,0.0,5.0,,,STATUS_FULL_TIME,True,23 de Agosto,espn
314689,2011-07-08T22:15:00+00:00,2011-07-08,CONMEBOL/Copa America,group-stage-2011,Uruguay,Chile,1,1,D,6.0,13.0,2.0,4.0,,,STATUS_FULL_TIME,True,Mundialista Mendoza,espn
314688,2011-07-09T00:45:00+00:00,2011-07-09,CONMEBOL/Copa America,group-stage-2011,Peru,Mexico,1,0,H,17.0,6.0,5.0,5.0,,,STATUS_FULL_TIME,True,Mundialista Mendoza,espn
314682,2011-07-09T19:00:00+00:00,2011-07-09,CONMEBOL/Copa America,group-stage-2011,Brazil,Paraguay,2,2,D,6.0,5.0,5.0,3.0,,,STATUS_FULL_TIME,True,Mario Alberto Kempes,espn
314683,2011-07-09T21:30:00+00:00,2011-07-09,CONMEBOL/Copa America,group-stage-2011,Venezuela,Ecuador,1,0,H,13.0,6.0,7.0,4.0,,,STATUS_FULL_TIME,True,Padre Martearena,espn
314581,2011-07-10T19:00:00+00:00,2011-07-10,CONMEBOL/Copa America,group-stage-2011,Colombia,Bolivia,2,0,H,11.0,8.0,6.0,4.0,,,STATUS_FULL_TIME,True,Brigadier Gral. Estanislao López,espn
314579,2011-07-12T00:45:00+00:00,2011-07-12,CONMEBOL/Copa America,group-stage-2011,Argentina,Costa Rica,3,0,H,18.0,5.0,8.0,2.0,,,STATUS_FULL_TIME,True,Mario Alberto Kempes,espn
314690,2011-07-12T22:15:00+00:00,2011-07-12,CONMEBOL/Copa America,group-stage-2011,Chile,Peru,1,0,H,8.0,8.0,0.0,2.0,,,STATUS_FULL_TIME,True,Mundialista Mendoza,espn
314691,2011-07-13T00:45:00+00:00,2011-07-13,CONMEBOL/Copa America,group-stage-2011,Uruguay,Mexico,1,0,H,3.0,1.0,2.0,1.0,,,STATUS_FULL_TIME,True,Ciudad de La Plata,espn
314684,2011-07-13T22:15:00+00:00,2011-07-13,CONMEBOL/Copa America,group-stage-2011,Paraguay,Venezuela,3,3,D,11.0,10.0,5.0,5.0,,,STATUS_FULL_TIME,True,Padre Martearena,espn
314685,2011-07-14T00:45:00+00:00,2011-07-14,CONMEBOL/Copa America,group-stage-2011,Brazil,Ecuador,4,2,H,14.0,13.0,8.0,6.0,,,STATUS_FULL_TIME,True,Mario Alberto Kempes,espn
317557,2011-07-16T19:00:00+00:00,2011-07-16,CONMEBOL/Copa America,quarter-finals,Colombia,Peru,0,2,A,15.0,11.0,6.0,9.0,,,STATUS_FULL_TIME,True,Mario Alberto Kempes,espn
319968,2011-07-16T22:15:00+00:00,2011-07-16,CONMEBOL/Copa America,quarter-finals,Argentina,Uruguay,1,1,D,18.0,8.0,10.0,2.0,4.0,5.0,STATUS_FINAL_PEN,True,Brigadier Gral. Estanislao López,espn
319969,2011-07-17T19:00:00+00:00,2011-07-17,CONMEBOL/Copa America,quarter-finals,Brazil,Paraguay,0,0,D,16.0,4.0,8.0,1.0,0.0,2.0,STATUS_FINAL_PEN,True,Ciudad de La Plata,espn
319970,2011-07-17T22:15:00+00:00,2011-07-17,CONMEBOL/Copa America,quarter-finals,Chile,Venezuela,1,2,A,13.0,7.0,9.0,3.0,,,STATUS_FULL_TIME,True,Estadio del Bicentenario,espn
317558,2011-07-20T00:45:00+00:00,2011-07-20,CONMEBOL/Copa America,semi-finals,Peru,Uruguay,0,2,A,7.0,7.0,3.0,5.0,,,STATUS_FULL_TIME,True,Ciudad de La Plata,espn
319971,2011-07-21T00:45:00+00:00,2011-07-21,CONMEBOL/Copa America,semi-finals,Paraguay,Venezuela,0,0,D,9.0,13.0,7.0,8.0,5.0,3.0,STATUS_FINAL_PEN,True,Mundialista Mendoza,espn
317559,2011-07-23T19:00:00+00:00,2011-07-23,CONMEBOL/Copa America,third-place,Peru,Venezuela,4,1,H,9.0,13.0,7.0,4.0,,,STATUS_FULL_TIME,True,Ciudad de La Plata,espn
317560,2011-07-24T19:00:00+00:00,2011-07-24,CONMEBOL/Copa America,final,Uruguay,Paraguay,3,0,H,11.0,4.0,8.0,1.0,,,STATUS_FULL_TIME,True,Antonio Vespucio Liberti,espn
333723,2012-01-21T18:30:00+00:00,2012-01-21,CAF/Africa Cup of Nations,group-stage-2012,Equatorial Guinea,Libya,1,0,H,0.0,0.0,0.0,0.0,,,STATUS_FULL_TIME,True,Estadio de Bata,espn
333724,2012-01-21T21:00:00+00:00,2012-01-21,CAF/Africa Cup of Nations,group-stage-2012,Senegal,Zambia,1,2,A,0.0,0.0,0.0,0.0,,,STATUS_FULL_TIME,True,Estadio de Bata,espn
333725,2012-01-22T16:00:00+00:00,2012-01-22,CAF/Africa Cup of Nations,group-stage-2012,Ivory Coast,Sudan,1,0,H,0.0,0.0,0.0,0.0,,,STATUS_FULL_TIME,True,Nuevo Estadio de Malabo,espn
333726,2012-01-22T19:00:00+00:00,2012-01-22,CAF/Africa Cup of Nations,group-stage-2012,Burkina Faso,Angola,1,2,A,0.0,0.0,0.0,0.0,,,STATUS_FULL_TIME,True,Nuevo Estadio de Malabo,espn
333727,2012-01-23T16:00:00+00:00,2012-01-23,CAF/Africa Cup of Nations,group-stage-2012,Gabon,Niger,2,0,H,0.0,0.0,0.0,0.0,,,STATUS_FULL_TIME,True,Stade d'Angondje,espn
333728,2012-01-23T19:00:00+00:00,2012-01-23,CAF/Africa Cup of Nations,group-stage-2012,Morocco,Tunisia,1,2,A,0.0,0.0,0.0,0.0,,,STATUS_FULL_TIME,True,Stade d'Angondje,espn
333729,2012-01-24T16:00:00+00:00,2012-01-24,CAF/Africa Cup of Nations,group-stage-2012,Ghana,Botswana,1,0,H,0.0,0.0,0.0,0.0,,,STATUS_FULL_TIME,True,Stade de Franceville,espn
333730,2012-01-24T19:00:00+00:00,2012-01-24,CAF/Africa Cup of Nations,group-stage-2012,Mali,Guinea,1,0,H,0.0,0.0,0.0,0.0,,,STATUS_FULL_TIME,True,Stade de Franceville,espn
333731,2012-01-25T16:00:00+00:00,2012-01-25,CAF/Africa Cup of Nations,group-stage-2012,Libya,Zambia,2,2,D,0.0,0.0,0.0,0.0,,,STATUS_FULL_TIME,True,Estadio de Bata,espn
333732,2012-01-25T19:00:00+00:00,2012-01-25,CAF/Africa Cup of Nations,group-stage-2012,Equatorial Guinea,Senegal,2,1,H,0.0,0.0,0.0,0.0,,,STATUS_FULL_TIME,True,Estadio de Bata,espn
333733,2012-01-26T16:00:00+00:00,2012-01-26,CAF/Africa Cup of Nations,group-stage-2012,Sudan,Angola,2,2,D,0.0,0.0,0.0,0.0,,,STATUS_FULL_TIME,True,Nuevo Estadio de Malabo,espn
333734,2012-01-26T19:00:00+00:00,2012-01-26,CAF/Africa Cup of Nations,group-stage-2012,Ivory Coast,Burkina Faso,2,0,H,0.0,0.0,0.0,0.0,,,STATUS_FULL_TIME,True,Nuevo Estadio de Malabo,espn
333735,2012-01-27T16:00:00+00:00,2012-01-27,CAF/Africa Cup of Nations,group-stage-2012,Niger,Tunisia,1,2,A,0.0,0.0,0.0,0.0,,,STATUS_FULL_TIME,True,Stade d'Angondje,espn
333736,2012-01-27T19:00:00+00:00,2012-01-27,CAF/Africa Cup of Nations,group-stage-2012,Gabon,Morocco,3,2,H,0.0,0.0,0.0,0.0,,,STATUS_FULL_TIME,True,Stade d'Angondje,espn
333737,2012-01-28T16:00:00+00:00,2012-01-28,CAF/Africa Cup of Nations,group-stage-2012,Botswana,Guinea,1,6,A,0.0,0.0,0.0,0.0,,,STATUS_FULL_TIME,True,Stade de Franceville,espn
333738,2012-01-28T19:00:00+00:00,2012-01-28,CAF/Africa Cup of Nations,group-stage-2012,Ghana,Mali,2,0,H,0.0,0.0,0.0,0.0,,,STATUS_FULL_TIME,True,Stade de Franceville,espn
333739,2012-01-29T18:00:00+00:00,2012-01-29,CAF/Africa Cup of Nations,group-stage-2012,Equatorial Guinea,Zambia,0,1,A,0.0,0.0,0.0,0.0,,,STATUS_FULL_TIME,True,Stade d'Angondje,espn
333740,2012-01-29T18:00:00+00:00,2012-01-29,CAF/Africa Cup of Nations,group-stage-2012,Libya,Senegal,2,1,H,0.0,0.0,0.0,0.0,,,STATUS_FULL_TIME,True,Estadio de Bata,espn
333742,2012-01-30T18:00:00+00:00,2012-01-30,CAF/Africa Cup of Nations,group-stage-2012,Ivory Coast,Angola,2,0,H,0.0,0.0,0.0,0.0,,,STATUS_FULL_TIME,True,Stade d'Angondje,espn
333741,2012-01-30T18:00:00+00:00,2012-01-30,CAF/Africa Cup of Nations,group-stage-2012,Sudan,Burkina Faso,2,1,H,0.0,0.0,0.0,0.0,,,STATUS_FULL_TIME,True,Estadio de Bata,espn
333743,2012-01-31T18:00:00+00:00,2012-01-31,CAF/Africa Cup of Nations,group-stage-2012,Gabon,Tunisia,1,0,H,0.0,0.0,0.0,0.0,,,STATUS_FULL_TIME,True,Stade de Franceville,espn
333744,2012-01-31T18:00:00+00:00,2012-01-31,CAF/Africa Cup of Nations,group-stage-2012,Niger,Morocco,0,1,A,0.0,0.0,0.0,0.0,,,STATUS_FULL_TIME,True,Stade d'Angondje,espn
333745,2012-02-01T18:00:00+00:00,2012-02-01,CAF/Africa Cup of Nations,group-stage-2012,Botswana,Mali,1,2,A,0.0,0.0,0.0,0.0,,,STATUS_FULL_TIME,True,Stade d'Angondje,espn
333746,2012-02-01T18:00:00+00:00,2012-02-01,CAF/Africa Cup of Nations,group-stage-2012,Ghana,Guinea,1,1,D,0.0,0.0,0.0,0.0,,,STATUS_FULL_TIME,True,Stade de Franceville,espn
337684,2012-02-04T16:00:00+00:00,2012-02-04,CAF/Africa Cup of Nations,quarter-finals,Zambia,Sudan,3,0,H,0.0,0.0,0.0,0.0,,,STATUS_FULL_TIME,True,Estadio de Bata,espn
337685,2012-02-04T19:00:00+00:00,2012-02-04,CAF/Africa Cup of Nations,quarter-finals,Ivory Coast,Equatorial Guinea,3,0,H,0.0,0.0,0.0,0.0,,,STATUS_FULL_TIME,True,Nuevo Estadio de Malabo,espn
338214,2012-02-05T16:00:00+00:00,2012-02-05,CAF/Africa Cup of Nations,quarter-finals,Gabon,Mali,1,1,D,0.0,0.0,0.0,0.0,4.0,5.0,STATUS_FINAL_PEN,True,Estadio de Bata,espn
338215,2012-02-05T19:00:00+00:00,2012-02-05,CAF/Africa Cup of Nations,quarter-finals,Ghana,Tunisia,2,1,H,0.0,0.0,0.0,0.0,,,STATUS_FULL_TIME,True,Stade de Franceville,espn
338690,2012-02-08T16:00:00+00:00,2012-02-08,CAF/Africa Cup of Nations,semi-finals,Zambia,Ghana,1,0,H,0.0,0.0,0.0,0.0,,,STATUS_FULL_TIME,True,Estadio de Bata,espn
338685,2012-02-08T19:00:00+00:00,2012-02-08,CAF/Africa Cup of Nations,semi-finals,Mali,Ivory Coast,0,1,A,0.0,0.0,0.0,0.0,,,STATUS_FULL_TIME,True,Stade d'Angondje,espn
338807,2012-02-11T19:00:00+00:00,2012-02-11,CAF/Africa Cup of Nations,third-place,Ghana,Mali,0,2,A,0.0,0.0,0.0,0.0,,,STATUS_FULL_TIME,True,Nuevo Estadio de Malabo,espn
338808,2012-02-12T19:00:00+00:00,2012-02-12,CAF/Africa Cup of Nations,final,Zambia,Ivory Coast,0,0,D,0.0,0.0,0.0,0.0,8.0,7.0,STATUS_FINAL_PEN,True,Stade d'Angondje,espn
334180,2012-06-08T16:00:00+00:00,2012-06-08,UEFA/European Championship,group-stage,Poland,Greece,1,1,D,17.0,8.0,3.0,2.0,,,STATUS_FULL_TIME,True,PGE Narodowy,espn
334181,2012-06-08T18:45:00+00:00,2012-06-08,UEFA/European Championship,group-stage,Russia,Czechia,4,1,H,17.0,16.0,5.0,5.0,,,STATUS_FULL_TIME,True,Tarczynski Arena,espn
334182,2012-06-09T16:00:00+00:00,2012-06-09,UEFA/European Championship,group-stage,Netherlands,Denmark,0,1,A,32.0,8.0,5.0,4.0,,,STATUS_FULL_TIME,True,Metalist Stadium,espn
334183,2012-06-09T18:45:00+00:00,2012-06-09,UEFA/European Championship,group-stage,Germany,Portugal,1,0,H,11.0,12.0,3.0,3.0,,,STATUS_FULL_TIME,True,Arena Lviv,espn
334188,2012-06-10T16:00:00+00:00,2012-06-10,UEFA/European Championship,group-stage,Spain,Italy,1,1,D,0.0,0.0,0.0,0.0,,,STATUS_FULL_TIME,True,Polsat Plus Arena Gdansk,espn
334189,2012-06-10T18:45:00+00:00,2012-06-10,UEFA/European Championship,group-stage,Republic of Ireland,Croatia,1,3,A,0.0,0.0,0.0,0.0,,,STATUS_FULL_TIME,True,Enea Stadion,espn
334190,2012-06-11T16:00:00+00:00,2012-06-11,UEFA/European Championship,group-stage,France,England,1,1,D,0.0,0.0,0.0,0.0,,,STATUS_FULL_TIME,True,Donbass Arena,espn
334191,2012-06-11T18:45:00+00:00,2012-06-11,UEFA/European Championship,group-stage,Ukraine,Sweden,2,1,H,13.0,12.0,3.0,4.0,,,STATUS_FULL_TIME,True,Kiev Olympic Stadium,espn
334192,2012-06-12T16:00:00+00:00,2012-06-12,UEFA/European Championship,group-stage,Greece,Czechia,1,2,A,6.0,9.0,1.0,3.0,,,STATUS_FULL_TIME,True,Tarczynski Arena,espn
334193,2012-06-12T18:45:00+00:00,2012-06-12,UEFA/European Championship,group-stage,Poland,Russia,1,1,D,16.0,11.0,6.0,2.0,,,STATUS_FULL_TIME,True,PGE Narodowy,espn
334194,2012-06-13T16:00:00+00:00,2012-06-13,UEFA/European Championship,group-stage,Denmark,Portugal,2,3,A,0.0,0.0,0.0,0.0,,,STATUS_FULL_TIME,True,Arena Lviv,espn
334195,2012-06-13T18:45:00+00:00,2012-06-13,UEFA/European Championship,group-stage,Netherlands,Germany,1,2,A,14.0,11.0,4.0,5.0,,,STATUS_FULL_TIME,True,Metalist Stadium,espn
334196,2012-06-14T16:00:00+00:00,2012-06-14,UEFA/European Championship,group-stage,Italy,Croatia,1,1,D,15.0,10.0,5.0,5.0,,,STATUS_FULL_TIME,True,Enea Stadion,espn
334197,2012-06-14T18:45:00+00:00,2012-06-14,UEFA/European Championship,group-stage,Spain,Republic of Ireland,4,0,H,27.0,6.0,15.0,2.0,,,STATUS_FULL_TIME,True,Polsat Plus Arena Gdansk,espn
334199,2012-06-15T16:00:00+00:00,2012-06-15,UEFA/European Championship,group-stage,Ukraine,France,0,2,A,9.0,16.0,1.0,10.0,,,STATUS_FULL_TIME,True,Donbass Arena,espn
334198,2012-06-15T19:00:00+00:00,2012-06-15,UEFA/European Championship,group-stage,Sweden,England,2,3,A,15.0,16.0,7.0,6.0,,,STATUS_FULL_TIME,True,Kiev Olympic Stadium,espn
334200,2012-06-16T18:45:00+00:00,2012-06-16,UEFA/European Championship,group-stage,Greece,Russia,1,0,H,0.0,0.0,0.0,0.0,,,STATUS_FULL_TIME,True,PGE Narodowy,espn
334202,2012-06-16T18:45:00+00:00,2012-06-16,UEFA/European Championship,group-stage,Poland,Czechia,1,0,H,0.0,0.0,0.0,0.0,,,STATUS_FULL_TIME,True,Tarczynski Arena,espn
334204,2012-06-17T18:45:00+00:00,2012-06-17,UEFA/European Championship,group-stage,Denmark,Germany,1,2,A,0.0,0.0,0.0,0.0,,,STATUS_FULL_TIME,True,Arena Lviv,espn
334203,2012-06-17T18:45:00+00:00,2012-06-17,UEFA/European Championship,group-stage,Portugal,Netherlands,2,1,H,0.0,0.0,0.0,0.0,,,STATUS_FULL_TIME,True,Metalist Stadium,espn
334205,2012-06-18T18:45:00+00:00,2012-06-18,UEFA/European Championship,group-stage,Croatia,Spain,0,1,A,0.0,0.0,0.0,0.0,,,STATUS_FULL_TIME,True,Polsat Plus Arena Gdansk,espn
334206,2012-06-18T18:45:00+00:00,2012-06-18,UEFA/European Championship,group-stage,Italy,Republic of Ireland,2,0,H,0.0,0.0,0.0,0.0,,,STATUS_FULL_TIME,True,Enea Stadion,espn
334208,2012-06-19T18:45:00+00:00,2012-06-19,UEFA/European Championship,group-stage,Sweden,France,2,0,H,0.0,0.0,0.0,0.0,,,STATUS_FULL_TIME,True,Kiev Olympic Stadium,espn
334209,2012-06-19T18:45:00+00:00,2012-06-19,UEFA/European Championship,group-stage,Ukraine,England,1,0,H,0.0,0.0,0.0,0.0,,,STATUS_FULL_TIME,True,Donbass Arena,espn
343870,2012-06-21T18:45:00+00:00,2012-06-21,UEFA/European Championship,quarterfinals,Czechia,Portugal,0,1,A,0.0,0.0,0.0,0.0,,,STATUS_FULL_TIME,True,PGE Narodowy,espn
343869,2012-06-22T18:45:00+00:00,2012-06-22,UEFA/European Championship,quarterfinals,Germany,Greece,4,2,H,0.0,0.0,0.0,0.0,,,STATUS_FULL_TIME,True,Polsat Plus Arena Gdansk,espn
345911,2012-06-23T18:45:00+00:00,2012-06-23,UEFA/European Championship,quarterfinals,Spain,France,2,0,H,0.0,0.0,0.0,0.0,,,STATUS_FULL_TIME,True,Donbass Arena,espn
345910,2012-06-24T18:45:00+00:00,2012-06-24,UEFA/European Championship,quarterfinals,England,Italy,0,0,A,0.0,0.0,0.0,0.0,2.0,4.0,STATUS_FINAL_PEN,True,Kiev Olympic Stadium,espn
345929,2012-06-27T18:45:00+00:00,2012-06-27,UEFA/European Championship,semifinals,Portugal,Spain,0,0,A,0.0,0.0,0.0,0.0,2.0,4.0,STATUS_FINAL_PEN,True,Donbass Arena,espn
345932,2012-06-28T18:45:00+00:00,2012-06-28,UEFA/European Championship,semifinals,Germany,Italy,1,2,A,0.0,0.0,0.0,0.0,,,STATUS_FULL_TIME,True,PGE Narodowy,espn
346764,2012-07-01T18:45:00+00:00,2012-07-01,UEFA/European Championship,final,Spain,Italy,4,0,H,0.0,0.0,0.0,0.0,,,STATUS_FULL_TIME,True,Kiev Olympic Stadium,espn
358567,2013-01-19T16:00:00+00:00,2013-01-19,CAF/Africa Cup of Nations,group-stage-2013,South Africa,Cape Verde,0,0,D,0.0,0.0,0.0,0.0,,,STATUS_FULL_TIME,True,FNB Stadium,espn
358568,2013-01-19T19:00:00+00:00,2013-01-19,CAF/Africa Cup of Nations,group-stage-2013,Angola,Morocco,0,0,D,0.0,0.0,0.0,0.0,,,STATUS_FULL_TIME,True,FNB Stadium,espn
358569,2013-01-20T15:00:00+00:00,2013-01-20,CAF/Africa Cup of Nations,group-stage-2013,Ghana,Congo DR,2,2,D,0.0,0.0,0.0,0.0,,,STATUS_FULL_TIME,True,Nelson Mandela Bay Stadium,espn
358570,2013-01-20T18:00:00+00:00,2013-01-20,CAF/Africa Cup of Nations,group-stage-2013,Mali,Niger,1,0,H,0.0,0.0,0.0,0.0,,,STATUS_FULL_TIME,True,Nelson Mandela Bay Stadium,espn
358571,2013-01-21T15:00:00+00:00,2013-01-21,CAF/Africa Cup of Nations,group-stage-2013,Zambia,Ethiopia,1,1,D,0.0,0.0,0.0,0.0,,,STATUS_FULL_TIME,True,Mbombela Stadium,espn
358572,2013-01-21T18:00:00+00:00,2013-01-21,CAF/Africa Cup of Nations,group-stage-2013,Nigeria,Burkina Faso,1,1,D,0.0,0.0,0.0,0.0,,,STATUS_FULL_TIME,True,Mbombela Stadium,espn
358573,2013-01-22T15:00:00+00:00,2013-01-22,CAF/Africa Cup of Nations,group-stage-2013,Ivory Coast,Togo,2,1,H,0.0,0.0,0.0,0.0,,,STATUS_FULL_TIME,True,Royal Bafokeng Stadium,espn
358574,2013-01-22T18:00:00+00:00,2013-01-22,CAF/Africa Cup of Nations,group-stage-2013,Tunisia,Algeria,1,0,H,0.0,0.0,0.0,0.0,,,STATUS_FULL_TIME,True,Royal Bafokeng Stadium,espn
358575,2013-01-23T15:00:00+00:00,2013-01-23,CAF/Africa Cup of Nations,group-stage-2013,South Africa,Angola,2,0,H,0.0,0.0,0.0,0.0,,,STATUS_FULL_TIME,True,Durban Stadium,espn
358576,2013-01-23T18:00:00+00:00,2013-01-23,CAF/Africa Cup of Nations,group-stage-2013,Morocco,Cape Verde,1,1,D,0.0,0.0,0.0,0.0,,,STATUS_FULL_TIME,True,Durban Stadium,espn
358577,2013-01-24T15:00:00+00:00,2013-01-24,CAF/Africa Cup of Nations,group-stage-2013,Ghana,Mali,1,0,H,0.0,0.0,0.0,0.0,,,STATUS_FULL_TIME,True,Nelson Mandela Bay Stadium,espn
358578,2013-01-24T18:00:00+00:00,2013-01-24,CAF/Africa Cup of Nations,group-stage-2013,Niger,Congo DR,0,0,D,0.0,0.0,0.0,0.0,,,STATUS_FULL_TIME,True,Nelson Mandela Bay Stadium,espn
358579,2013-01-25T15:00:00+00:00,2013-01-25,CAF/Africa Cup of Nations,group-stage-2013,Zambia,Nigeria,1,1,D,0.0,0.0,0.0,0.0,,,STATUS_FULL_TIME,True,Mbombela Stadium,espn
358580,2013-01-25T18:00:00+00:00,2013-01-25,CAF/Africa Cup of Nations,group-stage-2013,Burkina Faso,Ethiopia,4,0,H,0.0,0.0,0.0,0.0,,,STATUS_FULL_TIME,True,Mbombela Stadium,espn
358581,2013-01-26T15:00:00+00:00,2013-01-26,CAF/Africa Cup of Nations,group-stage-2013,Ivory Coast,Tunisia,3,0,H,0.0,0.0,0.0,0.0,,,STATUS_FULL_TIME,True,Royal Bafokeng Stadium,espn
358582,2013-01-26T18:00:00+00:00,2013-01-26,CAF/Africa Cup of Nations,group-stage-2013,Algeria,Togo,0,2,A,0.0,0.0,0.0,0.0,,,STATUS_FULL_TIME,True,Royal Bafokeng Stadium,espn
358584,2013-01-27T17:00:00+00:00,2013-01-27,CAF/Africa Cup of Nations,group-stage-2013,Cape Verde,Angola,2,1,H,0.0,0.0,0.0,0.0,,,STATUS_FULL_TIME,True,Nelson Mandela Bay Stadium,espn
358583,2013-01-27T17:00:00+00:00,2013-01-27,CAF/Africa Cup of Nations,group-stage-2013,Morocco,South Africa,2,2,D,0.0,0.0,0.0,0.0,,,STATUS_FULL_TIME,True,Durban Stadium,espn
358586,2013-01-28T17:00:00+00:00,2013-01-28,CAF/Africa Cup of Nations,group-stage-2013,Congo DR,Mali,1,1,D,0.0,0.0,0.0,0.0,,,STATUS_FULL_TIME,True,Durban Stadium,espn
358585,2013-01-28T17:00:00+00:00,2013-01-28,CAF/Africa Cup of Nations,group-stage-2013,Niger,Ghana,0,3,A,0.0,0.0,0.0,0.0,,,STATUS_FULL_TIME,True,Nelson Mandela Bay Stadium,espn
358588,2013-01-29T17:00:00+00:00,2013-01-29,CAF/Africa Cup of Nations,group-stage-2013,Burkina Faso,Zambia,0,0,D,0.0,0.0,0.0,0.0,,,STATUS_FULL_TIME,True,Mbombela Stadium,espn
358587,2013-01-29T17:00:00+00:00,2013-01-29,CAF/Africa Cup of Nations,group-stage-2013,Ethiopia,Nigeria,0,2,A,0.0,0.0,0.0,0.0,,,STATUS_FULL_TIME,True,Royal Bafokeng Stadium,espn
358590,2013-01-30T17:00:00+00:00,2013-01-30,CAF/Africa Cup of Nations,group-stage-2013,Algeria,Ivory Coast,2,2,D,0.0,0.0,0.0,0.0,,,STATUS_FULL_TIME,True,Royal Bafokeng Stadium,espn
358589,2013-01-30T17:00:00+00:00,2013-01-30,CAF/Africa Cup of Nations,group-stage-2013,Togo,Tunisia,1,1,D,0.0,0.0,0.0,0.0,,,STATUS_FULL_TIME,True,Mbombela Stadium,espn
360516,2013-02-02T15:00:00+00:00,2013-02-02,CAF/Africa Cup of Nations,quarter-finals,Ghana,Cape Verde,2,0,H,0.0,0.0,0.0,0.0,,,STATUS_FULL_TIME,True,Nelson Mandela Bay Stadium,espn
360517,2013-02-02T18:30:00+00:00,2013-02-02,CAF/Africa Cup of Nations,quarter-finals,South Africa,Mali,1,1,D,0.0,0.0,0.0,0.0,1.0,3.0,STATUS_FINAL_PEN,True,Durban Stadium,espn
360564,2013-02-03T15:00:00+00:00,2013-02-03,CAF/Africa Cup of Nations,quarter-finals,Ivory Coast,Nigeria,1,2,A,0.0,0.0,0.0,0.0,,,STATUS_FULL_TIME,True,Royal Bafokeng Stadium,espn
360565,2013-02-03T18:30:00+00:00,2013-02-03,CAF/Africa Cup of Nations,quarter-finals,Burkina Faso,Togo,1,0,H,0.0,0.0,0.0,0.0,,,STATUS_FULL_TIME,True,Mbombela Stadium,espn
360874,2013-02-06T15:00:00+00:00,2013-02-06,CAF/Africa Cup of Nations,semi-finals,Mali,Nigeria,1,4,A,0.0,0.0,0.0,0.0,,,STATUS_FULL_TIME,True,Durban Stadium,espn
360875,2013-02-06T18:30:00+00:00,2013-02-06,CAF/Africa Cup of Nations,semi-finals,Burkina Faso,Ghana,1,1,D,0.0,0.0,0.0,0.0,3.0,2.0,STATUS_FINAL_PEN,True,Mbombela Stadium,espn
360942,2013-02-09T18:00:00+00:00,2013-02-09,CAF/Africa Cup of Nations,third-place,Mali,Ghana,3,1,H,0.0,0.0,0.0,0.0,,,STATUS_FULL_TIME,True,Nelson Mandela Bay Stadium,espn
360943,2013-02-10T18:30:00+00:00,2013-02-10,CAF/Africa Cup of Nations,final,Nigeria,Burkina Faso,1,0,H,0.0,0.0,0.0,0.0,,,STATUS_FULL_TIME,True,National Stadium,espn
370669,2013-07-07T21:30:00+00:00,2013-07-07,CONCACAF/Gold Cup,group-stage-2013,Canada,Martinique,0,1,A,8.0,27.0,3.0,8.0,,,STATUS_FULL_TIME,True,Rose Bowl,espn
370668,2013-07-08T00:00:00+00:00,2013-07-08,CONCACAF/Gold Cup,group-stage-2013,Mexico,Panama,1,2,A,12.0,8.0,4.0,2.0,,,STATUS_FULL_TIME,True,Rose Bowl,espn
370667,2013-07-08T23:00:00+00:00,2013-07-08,CONCACAF/Gold Cup,group-stage-2013,El Salvador,Trinidad and Tobago,2,2,D,12.0,0.0,4.0,0.0,,,STATUS_FULL_TIME,True,Sports Illustrated Stadium,espn
370666,2013-07-09T01:30:00+00:00,2013-07-09,CONCACAF/Gold Cup,group-stage-2013,Haiti,Honduras,0,2,A,23.0,6.0,3.0,2.0,,,STATUS_FULL_TIME,True,Sports Illustrated Stadium,espn
370665,2013-07-10T00:30:00+00:00,2013-07-10,CONCACAF/Gold Cup,group-stage-2013,Costa Rica,Cuba,3,0,H,15.0,18.0,6.0,3.0,,,STATUS_FULL_TIME,True,Providence Park,espn
370664,2013-07-10T03:00:00+00:00,2013-07-10,CONCACAF/Gold Cup,group-stage-2013,Belize,United States,1,6,A,7.0,26.0,2.0,14.0,,,STATUS_FULL_TIME,True,Providence Park,espn
370663,2013-07-12T00:30:00+00:00,2013-07-12,CONCACAF/Gold Cup,group-stage-2013,Panama,Martinique,1,0,H,12.0,10.0,4.0,1.0,,,STATUS_FULL_TIME,True,Lumen Field,espn
370662,2013-07-12T03:00:00+00:00,2013-07-12,CONCACAF/Gold Cup,group-stage-2013,Mexico,Canada,2,0,H,13.0,6.0,6.0,3.0,,,STATUS_FULL_TIME,True,Lumen Field,espn
370661,2013-07-12T23:00:00+00:00,2013-07-12,CONCACAF/Gold Cup,group-stage-2013,Trinidad and Tobago,Haiti,0,2,A,15.0,12.0,0.0,5.0,,,STATUS_FULL_TIME,True,Hard Rock Stadium,espn
370660,2013-07-13T01:30:00+00:00,2013-07-13,CONCACAF/Gold Cup,group-stage-2013,Honduras,El Salvador,1,0,H,8.0,10.0,3.0,2.0,,,STATUS_FULL_TIME,True,Hard Rock Stadium,espn
370659,2013-07-13T19:30:00+00:00,2013-07-13,CONCACAF/Gold Cup,group-stage-2013,United States,Cuba,4,1,H,18.0,4.0,10.0,2.0,,,STATUS_FULL_TIME,True,America First Field,espn
370658,2013-07-13T22:00:00+00:00,2013-07-13,CONCACAF/Gold Cup,group-stage-2013,Costa Rica,Belize,1,0,H,14.0,8.0,5.0,2.0,,,STATUS_FULL_TIME,True,America First Field,espn
370656,2013-07-14T19:30:00+00:00,2013-07-14,CONCACAF/Gold Cup,group-stage-2013,Panama,Canada,0,0,D,15.0,5.0,1.0,0.0,,,STATUS_FULL_TIME,True,Sports Authority Field at Mile High,espn
370657,2013-07-14T22:00:00+00:00,2013-07-14,CONCACAF/Gold Cup,group-stage-2013,Martinique,Mexico,1,3,A,6.0,14.0,2.0,6.0,,,STATUS_FULL_TIME,True,Sports Authority Field at Mile High,espn
370655,2013-07-15T23:00:00+00:00,2013-07-15,CONCACAF/Gold Cup,group-stage-2013,El Salvador,Haiti,1,0,H,16.0,10.0,6.0,2.0,,,STATUS_FULL_TIME,True,Shell Energy Stadium,espn
370654,2013-07-16T01:30:00+00:00,2013-07-16,CONCACAF/Gold Cup,group-stage-2013,Honduras,Trinidad and Tobago,0,2,A,10.0,16.0,1.0,5.0,,,STATUS_FULL_TIME,True,Shell Energy Stadium,espn
370653,2013-07-16T21:30:00+00:00,2013-07-16,CONCACAF/Gold Cup,group-stage-2013,Cuba,Belize,4,0,H,39.0,9.0,15.0,2.0,,,STATUS_FULL_TIME,True,Pratt & Whitney Stadium at Rentschler Field,espn
370652,2013-07-17T00:00:00+00:00,2013-07-17,CONCACAF/Gold Cup,group-stage-2013,United States,Costa Rica,1,0,H,12.0,8.0,4.0,2.0,,,STATUS_FULL_TIME,True,Pratt & Whitney Stadium at Rentschler Field,espn
373925,2013-07-20T19:30:00+00:00,2013-07-20,CONCACAF/Gold Cup,quarter-finals,Panama,Cuba,6,1,H,20.0,8.0,11.0,2.0,,,STATUS_FULL_TIME,True,Georgia Dome,espn
373924,2013-07-20T22:30:00+00:00,2013-07-20,CONCACAF/Gold Cup,quarter-finals,Mexico,Trinidad and Tobago,1,0,H,25.0,14.0,11.0,2.0,,,STATUS_FULL_TIME,True,Georgia Dome,espn
373923,2013-07-21T20:00:00+00:00,2013-07-21,CONCACAF/Gold Cup,quarter-finals,United States,El Salvador,5,1,H,24.0,14.0,14.0,5.0,,,STATUS_FULL_TIME,True,M&T Bank Stadium,espn
373922,2013-07-21T23:00:00+00:00,2013-07-21,CONCACAF/Gold Cup,quarter-finals,Honduras,Costa Rica,1,0,H,11.0,13.0,2.0,4.0,,,STATUS_FULL_TIME,True,M&T Bank Stadium,espn
375655,2013-07-24T23:00:00+00:00,2013-07-24,CONCACAF/Gold Cup,semi-finals,United States,Honduras,3,1,H,14.0,8.0,5.0,2.0,,,STATUS_FULL_TIME,True,AT&T Stadium,espn
375654,2013-07-25T02:00:00+00:00,2013-07-25,CONCACAF/Gold Cup,semi-finals,Panama,Mexico,2,1,H,12.0,24.0,4.0,5.0,,,STATUS_FULL_TIME,True,AT&T Stadium,espn
376024,2013-07-28T20:00:00+00:00,2013-07-28,CONCACAF/Gold Cup,final,United States,Panama,1,0,H,11.0,6.0,1.0,0.0,,,STATUS_FULL_TIME,True,Stade Louis-Dugauguez,espn
383303,2014-06-12T20:00:00+00:00,2014-06-12,FIFA/World Cup,group-stage,Brazil,Croatia,3,1,H,14.0,10.0,9.0,4.0,,,STATUS_FULL_TIME,True,Neo Química Arena,espn
383302,2014-06-13T16:00:00+00:00,2014-06-13,FIFA/World Cup,group-stage,Mexico,Cameroon,1,0,H,9.0,10.0,5.0,4.0,,,STATUS_FULL_TIME,True,Arena das Dunas,espn
383301,2014-06-13T19:00:00+00:00,2014-06-13,FIFA/World Cup,group-stage,Spain,Netherlands,1,5,A,9.0,13.0,6.0,11.0,,,STATUS_FULL_TIME,True,Casa de Apostas Arena Fonte Nova,espn
383300,2014-06-13T22:00:00+00:00,2014-06-13,FIFA/World Cup,group-stage,Chile,Australia,3,1,H,11.0,13.0,9.0,6.0,,,STATUS_FULL_TIME,True,Arena Pantanal,espn
383299,2014-06-14T16:00:00+00:00,2014-06-14,FIFA/World Cup,group-stage,Colombia,Greece,3,0,H,12.0,12.0,8.0,7.0,,,STATUS_FULL_TIME,True,Estadio Mineirão,espn
383298,2014-06-14T19:00:00+00:00,2014-06-14,FIFA/World Cup,group-stage,Uruguay,Costa Rica,1,3,A,9.0,12.0,5.0,4.0,,,STATUS_FULL_TIME,True,Castelão,espn
383296,2014-06-14T22:00:00+00:00,2014-06-14,FIFA/World Cup,group-stage,England,Italy,1,2,A,18.0,12.0,8.0,5.0,,,STATUS_FULL_TIME,True,Arena Amazonia,espn
383297,2014-06-15T01:00:00+00:00,2014-06-15,FIFA/World Cup,group-stage,Ivory Coast,Japan,2,1,H,20.0,7.0,10.0,4.0,,,STATUS_FULL_TIME,True,Arena Pernambuco,espn
383295,2014-06-15T16:00:00+00:00,2014-06-15,FIFA/World Cup,group-stage,Switzerland,Ecuador,2,1,H,18.0,10.0,12.0,6.0,,,STATUS_FULL_TIME,True,Arena BRB Mané Garrincha,espn
383294,2014-06-15T19:00:00+00:00,2014-06-15,FIFA/World Cup,group-stage,France,Honduras,3,0,H,20.0,4.0,10.0,2.0,,,STATUS_FULL_TIME,True,Estadio Beira-Rio,espn
383293,2014-06-15T22:00:00+00:00,2014-06-15,FIFA/World Cup,group-stage,Argentina,Bosnia-Herzegovina,2,1,H,11.0,16.0,5.0,11.0,,,STATUS_FULL_TIME,True,Estadio do Maracana,espn
383292,2014-06-16T16:00:00+00:00,2014-06-16,FIFA/World Cup,group-stage,Germany,Portugal,4,0,H,13.0,14.0,9.0,9.0,,,STATUS_FULL_TIME,True,Casa de Apostas Arena Fonte Nova,espn
383291,2014-06-16T19:00:00+00:00,2014-06-16,FIFA/World Cup,group-stage,Iran,Nigeria,0,0,D,7.0,10.0,3.0,6.0,,,STATUS_FULL_TIME,True,Estádio Mário Celso Petraglia,espn
383290,2014-06-16T22:00:00+00:00,2014-06-16,FIFA/World Cup,group-stage,Ghana,United States,1,2,A,21.0,8.0,8.0,7.0,,,STATUS_FULL_TIME,True,Arena das Dunas,espn
383289,2014-06-17T16:00:00+00:00,2014-06-17,FIFA/World Cup,group-stage,Belgium,Algeria,2,1,H,16.0,3.0,10.0,1.0,,,STATUS_FULL_TIME,True,Estadio Mineirão,espn
383288,2014-06-17T19:00:00+00:00,2014-06-17,FIFA/World Cup,group-stage,Brazil,Mexico,0,0,D,14.0,13.0,8.0,3.0,,,STATUS_FULL_TIME,True,Castelão,espn
383287,2014-06-17T22:00:00+00:00,2014-06-17,FIFA/World Cup,group-stage,Russia,South Korea,1,1,D,16.0,10.0,10.0,6.0,,,STATUS_FULL_TIME,True,Arena Pantanal,espn
383286,2014-06-18T16:00:00+00:00,2014-06-18,FIFA/World Cup,group-stage,Australia,Netherlands,2,3,A,10.0,15.0,8.0,14.0,,,STATUS_FULL_TIME,True,Estadio Beira-Rio,espn
383284,2014-06-18T19:00:00+00:00,2014-06-18,FIFA/World Cup,group-stage,Spain,Chile,0,2,A,15.0,7.0,9.0,4.0,,,STATUS_FULL_TIME,True,Estadio do Maracana,espn
383285,2014-06-18T22:00:00+00:00,2014-06-18,FIFA/World Cup,group-stage,Cameroon,Croatia,0,4,A,18.0,21.0,7.0,14.0,,,STATUS_FULL_TIME,True,Arena Amazonia,espn
383283,2014-06-19T16:00:00+00:00,2014-06-19,FIFA/World Cup,group-stage,Colombia,Ivory Coast,2,1,H,11.0,15.0,8.0,12.0,,,STATUS_FULL_TIME,True,Arena BRB Mané Garrincha,espn
383282,2014-06-19T19:00:00+00:00,2014-06-19,FIFA/World Cup,group-stage,Uruguay,England,2,1,H,10.0,13.0,6.0,8.0,,,STATUS_FULL_TIME,True,Neo Química Arena,espn
383281,2014-06-19T22:00:00+00:00,2014-06-19,FIFA/World Cup,group-stage,Japan,Greece,0,0,D,16.0,9.0,11.0,5.0,,,STATUS_FULL_TIME,True,Arena das Dunas,espn
383280,2014-06-20T16:00:00+00:00,2014-06-20,FIFA/World Cup,group-stage,Italy,Costa Rica,0,1,A,10.0,10.0,6.0,6.0,,,STATUS_FULL_TIME,True,Arena Pernambuco,espn
383279,2014-06-20T19:00:00+00:00,2014-06-20,FIFA/World Cup,group-stage,Switzerland,France,2,5,A,17.0,22.0,8.0,16.0,,,STATUS_FULL_TIME,True,Casa de Apostas Arena Fonte Nova,espn
383278,2014-06-20T22:00:00+00:00,2014-06-20,FIFA/World Cup,group-stage,Honduras,Ecuador,1,2,A,16.0,8.0,9.0,5.0,,,STATUS_FULL_TIME,True,Estádio Mário Celso Petraglia,espn
383272,2014-06-22T16:00:00+00:00,2014-06-22,FIFA/World Cup,group-stage,Belgium,Russia,1,0,H,11.0,13.0,6.0,6.0,,,STATUS_FULL_TIME,True,Estadio do Maracana,espn
383274,2014-06-22T19:00:00+00:00,2014-06-22,FIFA/World Cup,group-stage,South Korea,Algeria,2,4,A,9.0,15.0,6.0,8.0,,,STATUS_FULL_TIME,True,Estadio Beira-Rio,espn
383273,2014-06-22T22:00:00+00:00,2014-06-22,FIFA/World Cup,group-stage,United States,Portugal,2,2,D,15.0,20.0,10.0,9.0,,,STATUS_FULL_TIME,True,Arena Amazonia,espn
383270,2014-06-23T16:00:00+00:00,2014-06-23,FIFA/World Cup,group-stage,Australia,Spain,0,3,A,4.0,11.0,0.0,8.0,,,STATUS_FULL_TIME,True,Estádio Mário Celso Petraglia,espn
383271,2014-06-23T16:00:00+00:00,2014-06-23,FIFA/World Cup,group-stage,Netherlands,Chile,2,0,H,13.0,7.0,8.0,1.0,,,STATUS_FULL_TIME,True,Neo Química Arena,espn
383269,2014-06-23T20:00:00+00:00,2014-06-23,FIFA/World Cup,group-stage,Cameroon,Brazil,1,4,A,12.0,19.0,6.0,18.0,,,STATUS_FULL_TIME,True,Arena BRB Mané Garrincha,espn
383268,2014-06-23T20:00:00+00:00,2014-06-23,FIFA/World Cup,group-stage,Croatia,Mexico,1,3,A,10.0,12.0,5.0,7.0,,,STATUS_FULL_TIME,True,Arena Pernambuco,espn
383267,2014-06-24T16:00:00+00:00,2014-06-24,FIFA/World Cup,group-stage,Costa Rica,England,0,0,D,4.0,8.0,3.0,3.0,,,STATUS_FULL_TIME,True,Estadio Mineirão,espn
383266,2014-06-24T16:00:00+00:00,2014-06-24,FIFA/World Cup,group-stage,Italy,Uruguay,0,1,A,9.0,14.0,5.0,9.0,,,STATUS_FULL_TIME,True,Arena das Dunas,espn
383265,2014-06-24T20:00:00+00:00,2014-06-24,FIFA/World Cup,group-stage,Greece,Ivory Coast,2,1,H,13.0,13.0,5.0,9.0,,,STATUS_FULL_TIME,True,Castelão,espn
383264,2014-06-24T20:00:00+00:00,2014-06-24,FIFA/World Cup,group-stage,Japan,Colombia,1,4,A,23.0,13.0,13.0,9.0,,,STATUS_FULL_TIME,True,Arena Pantanal,espn
383263,2014-06-25T16:00:00+00:00,2014-06-25,FIFA/World Cup,group-stage,Bosnia-Herzegovina,Iran,3,1,H,13.0,7.0,9.0,5.0,,,STATUS_FULL_TIME,True,Casa de Apostas Arena Fonte Nova,espn
383262,2014-06-25T16:00:00+00:00,2014-06-25,FIFA/World Cup,group-stage,Nigeria,Argentina,2,3,A,12.0,18.0,7.0,13.0,,,STATUS_FULL_TIME,True,Estadio Beira-Rio,espn
383261,2014-06-25T20:00:00+00:00,2014-06-25,FIFA/World Cup,group-stage,Ecuador,France,0,0,D,11.0,20.0,7.0,13.0,,,STATUS_FULL_TIME,True,Estadio do Maracana,espn
383260,2014-06-25T20:00:00+00:00,2014-06-25,FIFA/World Cup,group-stage,Honduras,Switzerland,0,3,A,13.0,16.0,6.0,13.0,,,STATUS_FULL_TIME,True,Arena Amazonia,espn
383259,2014-06-26T16:00:00+00:00,2014-06-26,FIFA/World Cup,group-stage,Portugal,Ghana,2,1,H,19.0,18.0,10.0,6.0,,,STATUS_FULL_TIME,True,Arena BRB Mané Garrincha,espn
383258,2014-06-26T16:00:00+00:00,2014-06-26,FIFA/World Cup,group-stage,United States,Germany,0,1,A,4.0,13.0,1.0,9.0,,,STATUS_FULL_TIME,True,Arena Pernambuco,espn
383257,2014-06-26T20:00:00+00:00,2014-06-26,FIFA/World Cup,group-stage,Algeria,Russia,1,1,D,8.0,10.0,6.0,7.0,,,STATUS_FULL_TIME,True,Estádio Mário Celso Petraglia,espn
383256,2014-06-26T20:00:00+00:00,2014-06-26,FIFA/World Cup,group-stage,South Korea,Belgium,0,1,A,18.0,16.0,12.0,11.0,,,STATUS_FULL_TIME,True,Neo Química Arena,espn
383254,2014-06-28T16:00:00+00:00,2014-06-28,FIFA/World Cup,round-of-16,Brazil,Chile,1,1,H,23.0,13.0,13.0,5.0,3.0,2.0,STATUS_FINAL_PEN,True,Estadio Mineirão,espn
383253,2014-06-28T20:00:00+00:00,2014-06-28,FIFA/World Cup,round-of-16,Colombia,Uruguay,2,0,H,0.0,0.0,0.0,0.0,,,STATUS_FULL_TIME,True,Estadio do Maracana,espn
383250,2014-06-30T16:00:00+00:00,2014-06-30,FIFA/World Cup,round-of-16,France,Nigeria,2,0,H,13.0,9.0,5.0,2.0,,,STATUS_FULL_TIME,True,Arena BRB Mané Garrincha,espn
383249,2014-06-30T20:00:00+00:00,2014-06-30,FIFA/World Cup,round-of-16,Germany,Algeria,2,1,H,29.0,11.0,22.0,7.0,,,STATUS_FINAL_AET,True,Estadio Beira-Rio,espn
383248,2014-07-01T16:00:00+00:00,2014-07-01,FIFA/World Cup,round-of-16,Argentina,Switzerland,1,0,H,29.0,14.0,22.0,7.0,,,STATUS_FULL_TIME,True,Neo Química Arena,espn
383247,2014-07-01T20:00:00+00:00,2014-07-01,FIFA/World Cup,round-of-16,Belgium,United States,2,1,H,38.0,14.0,26.0,9.0,,,STATUS_FULL_TIME,True,Casa de Apostas Arena Fonte Nova,espn
383246,2014-07-04T16:00:00+00:00,2014-07-04,FIFA/World Cup,quarterfinals,France,Germany,0,1,A,13.0,8.0,9.0,6.0,,,STATUS_FULL_TIME,True,Estadio do Maracana,espn
383245,2014-07-04T20:00:00+00:00,2014-07-04,FIFA/World Cup,quarterfinals,Brazil,Colombia,2,1,H,12.0,11.0,6.0,5.0,,,STATUS_FULL_TIME,True,Castelão,espn
383244,2014-07-05T16:00:00+00:00,2014-07-05,FIFA/World Cup,quarterfinals,Argentina,Belgium,1,0,H,10.0,10.0,7.0,4.0,,,STATUS_FULL_TIME,True,Arena BRB Mané Garrincha,espn
383243,2014-07-05T20:00:00+00:00,2014-07-05,FIFA/World Cup,quarterfinals,Netherlands,Costa Rica,0,0,H,20.0,6.0,15.0,3.0,4.0,3.0,STATUS_FINAL_PEN,True,Casa de Apostas Arena Fonte Nova,espn
383242,2014-07-08T20:00:00+00:00,2014-07-08,FIFA/World Cup,semifinals,Brazil,Germany,1,7,A,18.0,14.0,13.0,12.0,,,STATUS_FULL_TIME,True,Estadio Mineirão,espn
383241,2014-07-09T20:00:00+00:00,2014-07-09,FIFA/World Cup,semifinals,Netherlands,Argentina,0,0,A,7.0,8.0,4.0,5.0,2.0,4.0,STATUS_FINAL_PEN,True,Neo Química Arena,espn
383240,2014-07-12T20:00:00+00:00,2014-07-12,FIFA/World Cup,third-place,Brazil,Netherlands,0,3,A,11.0,8.0,5.0,5.0,,,STATUS_FULL_TIME,True,Arena BRB Mané Garrincha,espn
383239,2014-07-13T19:00:00+00:00,2014-07-13,FIFA/World Cup,final,Germany,Argentina,1,0,H,0.0,0.0,0.0,0.0,,,STATUS_FINAL_AET,True,Estadio do Maracana,espn
410063,2015-01-17T16:00:00+00:00,2015-01-17,CAF/Africa Cup of Nations,group-stage-2015,Equatorial Guinea,Congo,1,1,D,0.0,0.0,0.0,0.0,,,STATUS_FULL_TIME,True,Estadio de Bata,espn
410062,2015-01-17T19:00:00+00:00,2015-01-17,CAF/Africa Cup of Nations,group-stage-2015,Burkina Faso,Gabon,0,2,A,0.0,0.0,0.0,0.0,,,STATUS_FULL_TIME,True,Estadio de Bata,espn
410061,2015-01-18T16:00:00+00:00,2015-01-18,CAF/Africa Cup of Nations,group-stage-2015,Zambia,Congo DR,1,1,D,0.0,0.0,0.0,0.0,,,STATUS_FULL_TIME,True,Nuevo Estadio de Ebebiyín,espn
410060,2015-01-18T19:00:00+00:00,2015-01-18,CAF/Africa Cup of Nations,group-stage-2015,Tunisia,Cape Verde,1,1,D,14.0,8.0,4.0,4.0,,,STATUS_FULL_TIME,True,Nuevo Estadio de Ebebiyín,espn
410059,2015-01-19T16:00:00+00:00,2015-01-19,CAF/Africa Cup of Nations,group-stage-2015,Ghana,Senegal,1,2,A,0.0,0.0,0.0,0.0,,,STATUS_FULL_TIME,True,Estadio de Mongomo,espn
410058,2015-01-19T19:00:00+00:00,2015-01-19,CAF/Africa Cup of Nations,group-stage-2015,Algeria,South Africa,3,1,H,0.0,0.0,0.0,0.0,,,STATUS_FULL_TIME,True,Estadio de Mongomo,espn
410057,2015-01-20T16:00:00+00:00,2015-01-20,CAF/Africa Cup of Nations,group-stage-2015,Ivory Coast,Guinea,1,1,D,0.0,0.0,0.0,0.0,,,STATUS_FULL_TIME,True,Nuevo Estadio de Malabo,espn
410056,2015-01-20T19:00:00+00:00,2015-01-20,CAF/Africa Cup of Nations,group-stage-2015,Mali,Cameroon,1,1,D,0.0,0.0,0.0,0.0,,,STATUS_FULL_TIME,True,Nuevo Estadio de Malabo,espn
410055,2015-01-21T16:00:00+00:00,2015-01-21,CAF/Africa Cup of Nations,group-stage-2015,Equatorial Guinea,Burkina Faso,0,0,D,0.0,0.0,0.0,0.0,,,STATUS_FULL_TIME,True,Estadio de Bata,espn
410054,2015-01-21T19:00:00+00:00,2015-01-21,CAF/Africa Cup of Nations,group-stage-2015,Gabon,Congo,0,1,A,14.0,6.0,4.0,2.0,,,STATUS_FULL_TIME,True,Estadio de Bata,espn
410053,2015-01-22T16:00:00+00:00,2015-01-22,CAF/Africa Cup of Nations,group-stage-2015,Zambia,Tunisia,1,2,A,18.0,7.0,8.0,3.0,,,STATUS_FULL_TIME,True,Nuevo Estadio de Ebebiyín,espn
410052,2015-01-22T19:00:00+00:00,2015-01-22,CAF/Africa Cup of Nations,group-stage-2015,Cape Verde,Congo DR,0,0,D,0.0,0.0,0.0,0.0,,,STATUS_FULL_TIME,True,Nuevo Estadio de Ebebiyín,espn
410051,2015-01-23T16:00:00+00:00,2015-01-23,CAF/Africa Cup of Nations,group-stage-2015,Ghana,Algeria,1,0,H,0.0,0.0,0.0,0.0,,,STATUS_FULL_TIME,True,Estadio de Mongomo,espn
410050,2015-01-23T19:00:00+00:00,2015-01-23,CAF/Africa Cup of Nations,group-stage-2015,South Africa,Senegal,1,1,D,0.0,0.0,0.0,0.0,,,STATUS_FULL_TIME,True,Estadio de Mongomo,espn
410049,2015-01-24T16:00:00+00:00,2015-01-24,CAF/Africa Cup of Nations,group-stage-2015,Ivory Coast,Mali,1,1,D,0.0,0.0,0.0,0.0,,,STATUS_FULL_TIME,True,Nuevo Estadio de Malabo,espn
410048,2015-01-24T19:00:00+00:00,2015-01-24,CAF/Africa Cup of Nations,group-stage-2015,Cameroon,Guinea,1,1,D,0.0,0.0,0.0,0.0,,,STATUS_FULL_TIME,True,Nuevo Estadio de Malabo,espn
410046,2015-01-25T18:00:00+00:00,2015-01-25,CAF/Africa Cup of Nations,group-stage-2015,Congo,Burkina Faso,2,1,H,12.0,9.0,5.0,2.0,,,STATUS_FULL_TIME,True,Nuevo Estadio de Ebebiyín,espn
410047,2015-01-25T18:00:00+00:00,2015-01-25,CAF/Africa Cup of Nations,group-stage-2015,Gabon,Equatorial Guinea,0,2,A,0.0,0.0,0.0,0.0,,,STATUS_FULL_TIME,True,Estadio de Bata,espn
410045,2015-01-26T18:00:00+00:00,2015-01-26,CAF/Africa Cup of Nations,group-stage-2015,Cape Verde,Zambia,0,0,D,0.0,0.0,0.0,0.0,,,STATUS_FULL_TIME,True,Nuevo Estadio de Ebebiyín,espn
410044,2015-01-26T18:00:00+00:00,2015-01-26,CAF/Africa Cup of Nations,group-stage-2015,Congo DR,Tunisia,1,1,D,12.0,14.0,4.0,6.0,,,STATUS_FULL_TIME,True,Estadio de Bata,espn
410042,2015-01-27T18:00:00+00:00,2015-01-27,CAF/Africa Cup of Nations,group-stage-2015,Senegal,Algeria,0,2,A,0.0,0.0,0.0,0.0,,,STATUS_FULL_TIME,True,Nuevo Estadio de Malabo,espn
410043,2015-01-27T18:00:00+00:00,2015-01-27,CAF/Africa Cup of Nations,group-stage-2015,South Africa,Ghana,1,2,A,0.0,0.0,0.0,0.0,,,STATUS_FULL_TIME,True,Estadio de Mongomo,espn
410040,2015-01-28T18:00:00+00:00,2015-01-28,CAF/Africa Cup of Nations,group-stage-2015,Cameroon,Ivory Coast,0,1,A,0.0,0.0,0.0,0.0,,,STATUS_FULL_TIME,True,Nuevo Estadio de Malabo,espn
410041,2015-01-28T18:00:00+00:00,2015-01-28,CAF/Africa Cup of Nations,group-stage-2015,Guinea,Mali,1,1,D,0.0,0.0,0.0,0.0,,,STATUS_FULL_TIME,True,Estadio de Mongomo,espn
410039,2015-01-31T16:00:00+00:00,2015-01-31,CAF/Africa Cup of Nations,quarter-finals,Congo,Congo DR,2,4,A,0.0,0.0,0.0,0.0,,,STATUS_FULL_TIME,True,Estadio de Bata,espn
410038,2015-01-31T19:30:00+00:00,2015-01-31,CAF/Africa Cup of Nations,quarter-finals,Tunisia,Equatorial Guinea,1,2,A,12.0,11.0,5.0,4.0,,,STATUS_FINAL_AET,True,Estadio de Bata,espn
410037,2015-02-01T16:00:00+00:00,2015-02-01,CAF/Africa Cup of Nations,quarter-finals,Ghana,Guinea,3,0,H,0.0,0.0,0.0,0.0,,,STATUS_FULL_TIME,True,Nuevo Estadio de Malabo,espn
410036,2015-02-01T19:30:00+00:00,2015-02-01,CAF/Africa Cup of Nations,quarter-finals,Ivory Coast,Algeria,3,1,H,0.0,0.0,0.0,0.0,,,STATUS_FULL_TIME,True,Nuevo Estadio de Malabo,espn
410035,2015-02-04T19:00:00+00:00,2015-02-04,CAF/Africa Cup of Nations,semi-finals,Congo DR,Ivory Coast,1,3,A,0.0,0.0,0.0,0.0,,,STATUS_FULL_TIME,True,Estadio de Bata,espn
410034,2015-02-05T19:00:00+00:00,2015-02-05,CAF/Africa Cup of Nations,semi-finals,Ghana,Equatorial Guinea,3,0,H,0.0,0.0,0.0,0.0,,,STATUS_FULL_TIME,True,Nuevo Estadio de Malabo,espn
410033,2015-02-07T16:00:00+00:00,2015-02-07,CAF/Africa Cup of Nations,third-place,Congo DR,Equatorial Guinea,0,0,H,0.0,0.0,0.0,0.0,4.0,2.0,STATUS_FINAL_PEN,True,Nuevo Estadio de Malabo,espn
410032,2015-02-08T19:00:00+00:00,2015-02-08,CAF/Africa Cup of Nations,final,Ivory Coast,Ghana,0,0,H,0.0,0.0,0.0,0.0,9.0,8.0,STATUS_FINAL_PEN,True,Estadio de Bata,espn
409856,2015-06-11T23:30:00+00:00,2015-06-11,CONMEBOL/Copa America,group-stage-2015,Chile,Ecuador,2,0,H,0.0,0.0,0.0,0.0,,,STATUS_FULL_TIME,True,Estadio Nacional Julio Martínez Prádanos,espn
409855,2015-06-12T23:30:00+00:00,2015-06-12,CONMEBOL/Copa America,group-stage-2015,Mexico,Bolivia,0,0,D,0.0,0.0,0.0,0.0,,,STATUS_FULL_TIME,True,Estadio Sausalito,espn
409854,2015-06-13T19:00:00+00:00,2015-06-13,CONMEBOL/Copa America,group-stage-2015,Uruguay,Jamaica,1,0,H,0.0,0.0,0.0,0.0,,,STATUS_FULL_TIME,True,Estadio Bicentenario Calvo y Bascuñán,espn
409853,2015-06-13T21:30:00+00:00,2015-06-13,CONMEBOL/Copa America,group-stage-2015,Argentina,Paraguay,2,2,D,0.0,0.0,0.0,0.0,,,STATUS_FULL_TIME,True,Estadio La Portada,espn
409852,2015-06-14T19:00:00+00:00,2015-06-14,CONMEBOL/Copa America,group-stage-2015,Colombia,Venezuela,0,1,A,0.0,0.0,0.0,0.0,,,STATUS_FULL_TIME,True,Estadio El Teniente,espn
409851,2015-06-14T21:30:00+00:00,2015-06-14,CONMEBOL/Copa America,group-stage-2015,Brazil,Peru,2,1,H,0.0,0.0,0.0,0.0,,,STATUS_FULL_TIME,True,Estadio Germán Becker,espn
409850,2015-06-15T21:00:00+00:00,2015-06-15,CONMEBOL/Copa America,group-stage-2015,Ecuador,Bolivia,2,3,A,26.0,5.0,10.0,4.0,,,STATUS_FULL_TIME,True,Estadio Elías Figueroa Brander,espn
409849,2015-06-15T23:30:00+00:00,2015-06-15,CONMEBOL/Copa America,group-stage-2015,Chile,Mexico,3,3,D,0.0,0.0,0.0,0.0,,,STATUS_FULL_TIME,True,Estadio Nacional Julio Martínez Prádanos,espn
409848,2015-06-16T21:00:00+00:00,2015-06-16,CONMEBOL/Copa America,group-stage-2015,Paraguay,Jamaica,1,0,H,0.0,0.0,0.0,0.0,,,STATUS_FULL_TIME,True,Estadio Bicentenario Calvo y Bascuñán,espn
409847,2015-06-16T23:30:00+00:00,2015-06-16,CONMEBOL/Copa America,group-stage-2015,Argentina,Uruguay,1,0,H,0.0,0.0,0.0,0.0,,,STATUS_FULL_TIME,True,Estadio La Portada,espn
409846,2015-06-18T00:00:00+00:00,2015-06-18,CONMEBOL/Copa America,group-stage-2015,Brazil,Colombia,0,1,A,0.0,0.0,0.0,0.0,,,STATUS_FULL_TIME,True,Estadio Monumental David Arellano,espn
409845,2015-06-18T23:30:00+00:00,2015-06-18,CONMEBOL/Copa America,group-stage-2015,Peru,Venezuela,1,0,H,0.0,0.0,0.0,0.0,,,STATUS_FULL_TIME,True,Estadio Elías Figueroa Brander,espn
409844,2015-06-19T21:00:00+00:00,2015-06-19,CONMEBOL/Copa America,group-stage-2015,Mexico,Ecuador,1,2,A,0.0,0.0,0.0,0.0,,,STATUS_FULL_TIME,True,Estadio El Teniente,espn
409843,2015-06-19T23:30:00+00:00,2015-06-19,CONMEBOL/Copa America,group-stage-2015,Chile,Bolivia,5,0,H,0.0,0.0,0.0,0.0,,,STATUS_FULL_TIME,True,Estadio Nacional Julio Martínez Prádanos,espn
409842,2015-06-20T19:00:00+00:00,2015-06-20,CONMEBOL/Copa America,group-stage-2015,Uruguay,Paraguay,1,1,D,0.0,0.0,0.0,0.0,,,STATUS_FULL_TIME,True,Estadio La Portada,espn
409841,2015-06-20T21:30:00+00:00,2015-06-20,CONMEBOL/Copa America,group-stage-2015,Argentina,Jamaica,1,0,H,0.0,0.0,0.0,0.0,,,STATUS_FULL_TIME,True,Estadio Sausalito,espn
409840,2015-06-21T19:00:00+00:00,2015-06-21,CONMEBOL/Copa America,group-stage-2015,Colombia,Peru,0,0,D,0.0,0.0,0.0,0.0,,,STATUS_FULL_TIME,True,Estadio Germán Becker,espn
409839,2015-06-21T21:30:00+00:00,2015-06-21,CONMEBOL/Copa America,group-stage-2015,Brazil,Venezuela,2,1,H,0.0,0.0,0.0,0.0,,,STATUS_FULL_TIME,True,Estadio Monumental David Arellano,espn
424364,2015-06-24T23:30:00+00:00,2015-06-24,CONMEBOL/Copa America,quarter-finals,Chile,Uruguay,1,0,H,15.0,0.0,7.0,0.0,,,STATUS_FULL_TIME,True,Estadio Nacional Julio Martínez Prádanos,espn
424363,2015-06-25T23:30:00+00:00,2015-06-25,CONMEBOL/Copa America,quarter-finals,Bolivia,Peru,1,3,A,0.0,0.0,0.0,0.0,,,STATUS_FULL_TIME,True,Estadio Germán Becker,espn
424362,2015-06-26T23:30:00+00:00,2015-06-26,CONMEBOL/Copa America,quarter-finals,Argentina,Colombia,0,0,H,0.0,0.0,0.0,0.0,5.0,4.0,STATUS_FINAL_PEN,True,Estadio Sausalito,espn
424361,2015-06-27T21:30:00+00:00,2015-06-27,CONMEBOL/Copa America,quarter-finals,Brazil,Paraguay,1,1,A,0.0,0.0,0.0,0.0,3.0,4.0,STATUS_FINAL_PEN,True,Estadio Municipal Alcaldesa Ester Roa Rebolledo,espn
424360,2015-06-29T23:30:00+00:00,2015-06-29,CONMEBOL/Copa America,semi-finals,Chile,Peru,2,1,H,16.0,0.0,5.0,0.0,,,STATUS_FULL_TIME,True,Estadio Nacional Julio Martínez Prádanos,espn
424359,2015-06-30T23:30:00+00:00,2015-06-30,CONMEBOL/Copa America,semi-finals,Argentina,Paraguay,6,1,H,0.0,0.0,0.0,0.0,,,STATUS_FULL_TIME,True,Estadio Municipal Alcaldesa Ester Roa Rebolledo,espn
424358,2015-07-03T23:30:00+00:00,2015-07-03,CONMEBOL/Copa America,third-place,Peru,Paraguay,2,0,H,0.0,0.0,0.0,0.0,,,STATUS_FULL_TIME,True,Estadio Municipal Alcaldesa Ester Roa Rebolledo,espn
424357,2015-07-04T20:00:00+00:00,2015-07-04,CONMEBOL/Copa America,final,Chile,Argentina,0,0,H,18.0,0.0,4.0,0.0,4.0,1.0,STATUS_FINAL_PEN,True,Estadio Nacional Julio Martínez Prádanos,espn
418229,2015-07-07T23:00:00+00:00,2015-07-07,CONCACAF/Gold Cup,group-stage-2015,Panama,Haiti,1,1,D,15.0,11.0,5.0,2.0,,,STATUS_FULL_TIME,True,Toyota Stadium,espn
418228,2015-07-08T01:30:00+00:00,2015-07-08,CONCACAF/Gold Cup,group-stage-2015,United States,Honduras,2,1,H,6.0,16.0,5.0,3.0,,,STATUS_FULL_TIME,True,Toyota Stadium,espn
418227,2015-07-09T00:00:00+00:00,2015-07-09,CONCACAF/Gold Cup,group-stage-2015,Costa Rica,Jamaica,2,2,D,13.0,13.0,6.0,4.0,,,STATUS_FULL_TIME,True,Dignity Health Sports Park,espn
418226,2015-07-09T02:30:00+00:00,2015-07-09,CONCACAF/Gold Cup,group-stage-2015,El Salvador,Canada,0,0,D,14.0,11.0,6.0,4.0,,,STATUS_FULL_TIME,True,Dignity Health Sports Park,espn
418225,2015-07-09T23:00:00+00:00,2015-07-09,CONCACAF/Gold Cup,group-stage-2015,Trinidad and Tobago,Guatemala,3,1,H,12.0,13.0,4.0,4.0,,,STATUS_FULL_TIME,True,Soldier Field,espn
418224,2015-07-10T01:30:00+00:00,2015-07-10,CONCACAF/Gold Cup,group-stage-2015,Mexico,Cuba,6,0,H,44.0,3.0,18.0,1.0,,,STATUS_FULL_TIME,True,Soldier Field,espn
418223,2015-07-10T22:00:00+00:00,2015-07-10,CONCACAF/Gold Cup,group-stage-2015,Honduras,Panama,1,1,D,21.0,9.0,8.0,3.0,,,STATUS_FULL_TIME,True,Gillette Stadium,espn
418222,2015-07-11T00:30:00+00:00,2015-07-11,CONCACAF/Gold Cup,group-stage-2015,United States,Haiti,1,0,H,6.0,21.0,2.0,4.0,,,STATUS_FULL_TIME,True,Gillette Stadium,espn
418221,2015-07-11T22:30:00+00:00,2015-07-11,CONCACAF/Gold Cup,group-stage-2015,Jamaica,Canada,1,0,H,21.0,7.0,6.0,2.0,,,STATUS_FULL_TIME,True,Shell Energy Stadium,espn
418220,2015-07-12T01:00:00+00:00,2015-07-12,CONCACAF/Gold Cup,group-stage-2015,Costa Rica,El Salvador,1,1,D,9.0,10.0,2.0,6.0,,,STATUS_FULL_TIME,True,Shell Energy Stadium,espn
418219,2015-07-12T22:30:00+00:00,2015-07-12,CONCACAF/Gold Cup,group-stage-2015,Trinidad and Tobago,Cuba,2,0,H,11.0,9.0,6.0,3.0,,,STATUS_FULL_TIME,True,State Farm Stadium,espn
418218,2015-07-13T01:00:00+00:00,2015-07-13,CONCACAF/Gold Cup,group-stage-2015,Guatemala,Mexico,0,0,D,3.0,19.0,0.0,4.0,,,STATUS_FULL_TIME,True,State Farm Stadium,espn
418217,2015-07-13T23:00:00+00:00,2015-07-13,CONCACAF/Gold Cup,group-stage-2015,Haiti,Honduras,1,0,H,8.0,8.0,2.0,2.0,,,STATUS_FULL_TIME,True,Children's Mercy Park,espn
418216,2015-07-14T01:30:00+00:00,2015-07-14,CONCACAF/Gold Cup,group-stage-2015,Panama,United States,1,1,D,13.0,8.0,7.0,3.0,,,STATUS_FULL_TIME,True,Children's Mercy Park,espn
418215,2015-07-14T22:00:00+00:00,2015-07-14,CONCACAF/Gold Cup,group-stage-2015,Jamaica,El Salvador,1,0,H,8.0,14.0,4.0,7.0,,,STATUS_FULL_TIME,True,BMO Field,espn
418214,2015-07-15T00:30:00+00:00,2015-07-15,CONCACAF/Gold Cup,group-stage-2015,Canada,Costa Rica,0,0,D,11.0,18.0,3.0,5.0,,,STATUS_FULL_TIME,True,BMO Field,espn
418213,2015-07-15T22:00:00+00:00,2015-07-15,CONCACAF/Gold Cup,group-stage-2015,Cuba,Guatemala,1,0,H,15.0,16.0,7.0,5.0,,,STATUS_FULL_TIME,True,Bank of America Stadium,espn
418212,2015-07-16T00:30:00+00:00,2015-07-16,CONCACAF/Gold Cup,group-stage-2015,Mexico,Trinidad and Tobago,4,4,D,22.0,9.0,6.0,5.0,,,STATUS_FULL_TIME,True,Bank of America Stadium,espn
430272,2015-07-18T21:00:00+00:00,2015-07-18,CONCACAF/Gold Cup,quarter-finals,United States,Cuba,6,0,H,17.0,8.0,8.0,1.0,,,STATUS_FULL_TIME,True,M&T Bank Stadium,espn
430271,2015-07-19T00:00:00+00:00,2015-07-19,CONCACAF/Gold Cup,quarter-finals,Haiti,Jamaica,0,1,A,28.0,12.0,4.0,6.0,,,STATUS_FULL_TIME,True,M&T Bank Stadium,espn
430270,2015-07-19T20:30:00+00:00,2015-07-19,CONCACAF/Gold Cup,quarter-finals,Trinidad and Tobago,Panama,1,1,D,11.0,20.0,1.0,5.0,5.0,6.0,STATUS_FINAL_PEN,True,MetLife Stadium,espn
430269,2015-07-19T23:30:00+00:00,2015-07-19,CONCACAF/Gold Cup,quarter-finals,Mexico,Costa Rica,1,0,H,16.0,6.0,7.0,2.0,,,STATUS_FINAL_AET,True,MetLife Stadium,espn
430268,2015-07-22T22:00:00+00:00,2015-07-22,CONCACAF/Gold Cup,semi-finals,United States,Jamaica,1,2,A,20.0,10.0,10.0,3.0,,,STATUS_FULL_TIME,True,Georgia Dome,espn
430267,2015-07-23T01:00:00+00:00,2015-07-23,CONCACAF/Gold Cup,semi-finals,Panama,Mexico,1,2,A,11.0,12.0,4.0,5.0,,,STATUS_FINAL_AET,True,Georgia Dome,espn
430266,2015-07-25T20:00:00+00:00,2015-07-25,CONCACAF/Gold Cup,third-place-game,United States,Panama,1,1,D,5.0,25.0,2.0,12.0,2.0,3.0,STATUS_FINAL_PEN,True,Subaru Park,espn
430265,2015-07-26T23:30:00+00:00,2015-07-26,CONCACAF/Gold Cup,final,Jamaica,Mexico,1,3,A,8.0,16.0,2.0,8.0,,,STATUS_FULL_TIME,True,Lincoln Financial Field,espn
444727,2016-06-04T01:30:00+00:00,2016-06-04,CONMEBOL/Copa America,group-stage,United States,Colombia,0,2,A,0.0,0.0,0.0,0.0,,,STATUS_FULL_TIME,True,Levi's Stadium,espn
444725,2016-06-04T21:00:00+00:00,2016-06-04,CONMEBOL/Copa America,group-stage,Costa Rica,Paraguay,0,0,D,0.0,0.0,0.0,0.0,,,STATUS_FULL_TIME,True,Camping World Stadium,espn
444726,2016-06-04T23:30:00+00:00,2016-06-04,CONMEBOL/Copa America,group-stage,Haiti,Peru,0,1,A,0.0,0.0,0.0,0.0,,,STATUS_FULL_TIME,True,Lumen Field,espn
444724,2016-06-05T02:00:00+00:00,2016-06-05,CONMEBOL/Copa America,group-stage,Brazil,Ecuador,0,0,D,0.0,0.0,0.0,0.0,,,STATUS_FULL_TIME,True,Rose Bowl,espn
444723,2016-06-05T21:00:00+00:00,2016-06-05,CONMEBOL/Copa America,group-stage,Jamaica,Venezuela,0,1,A,0.0,0.0,0.0,0.0,,,STATUS_FULL_TIME,True,Soldier Field,espn
444722,2016-06-06T00:00:00+00:00,2016-06-06,CONMEBOL/Copa America,group-stage,Mexico,Uruguay,3,1,H,19.0,0.0,7.0,0.0,,,STATUS_FULL_TIME,True,State Farm Stadium,espn
444720,2016-06-06T23:00:00+00:00,2016-06-06,CONMEBOL/Copa America,group-stage,Panama,Bolivia,2,1,H,0.0,0.0,0.0,0.0,,,STATUS_FULL_TIME,True,Camping World Stadium,espn
444721,2016-06-07T02:00:00+00:00,2016-06-07,CONMEBOL/Copa America,group-stage,Argentina,Chile,2,1,H,0.0,0.0,0.0,0.0,,,STATUS_FULL_TIME,True,Levi's Stadium,espn
444718,2016-06-08T00:00:00+00:00,2016-06-08,CONMEBOL/Copa America,group-stage,United States,Costa Rica,4,0,H,0.0,0.0,0.0,0.0,,,STATUS_FULL_TIME,True,Soldier Field,espn
444719,2016-06-08T02:30:00+00:00,2016-06-08,CONMEBOL/Copa America,group-stage,Colombia,Paraguay,2,1,H,0.0,0.0,0.0,0.0,,,STATUS_FULL_TIME,True,Rose Bowl,espn
444716,2016-06-08T23:30:00+00:00,2016-06-08,CONMEBOL/Copa America,group-stage,Brazil,Haiti,7,1,H,0.0,0.0,0.0,0.0,,,STATUS_FULL_TIME,True,Camping World Stadium,espn
444717,2016-06-09T02:00:00+00:00,2016-06-09,CONMEBOL/Copa America,group-stage,Ecuador,Peru,2,2,D,0.0,0.0,0.0,0.0,,,STATUS_FULL_TIME,True,State Farm Stadium,espn
444715,2016-06-09T23:30:00+00:00,2016-06-09,CONMEBOL/Copa America,group-stage,Uruguay,Venezuela,0,1,A,0.0,0.0,0.0,0.0,,,STATUS_FULL_TIME,True,Lincoln Financial Field,espn
444714,2016-06-10T02:00:00+00:00,2016-06-10,CONMEBOL/Copa America,group-stage,Mexico,Jamaica,2,0,H,0.0,0.0,0.0,0.0,,,STATUS_FULL_TIME,True,Rose Bowl,espn
438204,2016-06-10T19:00:00+00:00,2016-06-10,UEFA/European Championship,group-stage,France,Romania,2,1,H,14.0,10.0,5.0,2.0,,,STATUS_FULL_TIME,True,Stade de France,espn
444712,2016-06-10T23:00:00+00:00,2016-06-10,CONMEBOL/Copa America,group-stage,Chile,Bolivia,2,1,H,0.0,0.0,0.0,0.0,,,STATUS_FULL_TIME,True,Gillette Stadium,espn
444713,2016-06-11T01:30:00+00:00,2016-06-11,CONMEBOL/Copa America,group-stage,Argentina,Panama,5,0,H,0.0,0.0,0.0,0.0,,,STATUS_FULL_TIME,True,Soldier Field,espn
438203,2016-06-11T13:00:00+00:00,2016-06-11,UEFA/European Championship,group-stage,Albania,Switzerland,0,1,A,7.0,17.0,2.0,7.0,,,STATUS_FULL_TIME,True,Stade Félix Bollaert-Delélis,espn
438202,2016-06-11T16:00:00+00:00,2016-06-11,UEFA/European Championship,group-stage,Wales,Slovakia,2,1,H,11.0,13.0,8.0,2.0,,,STATUS_FULL_TIME,True,Matmut Atlantique,espn
438201,2016-06-11T19:00:00+00:00,2016-06-11,UEFA/European Championship,group-stage,England,Russia,1,1,D,16.0,6.0,6.0,2.0,,,STATUS_FULL_TIME,True,Orange Vélodrome,espn
444711,2016-06-11T23:00:00+00:00,2016-06-11,CONMEBOL/Copa America,group-stage,United States,Paraguay,1,0,H,0.0,0.0,0.0,0.0,,,STATUS_FULL_TIME,True,Lincoln Financial Field,espn
444710,2016-06-12T01:00:00+00:00,2016-06-12,CONMEBOL/Copa America,group-stage,Colombia,Costa Rica,2,3,A,0.0,0.0,0.0,0.0,,,STATUS_FULL_TIME,True,NRG Stadium,espn
438200,2016-06-12T13:00:00+00:00,2016-06-12,UEFA/European Championship,group-stage,Türkiye,Croatia,0,1,A,9.0,18.0,2.0,6.0,,,STATUS_FULL_TIME,True,Parc des Princes,espn
438199,2016-06-12T16:00:00+00:00,2016-06-12,UEFA/European Championship,group-stage,Poland,Northern Ireland,1,0,H,18.0,2.0,4.0,0.0,,,STATUS_FULL_TIME,True,Allianz Riviera,espn
438198,2016-06-12T19:00:00+00:00,2016-06-12,UEFA/European Championship,group-stage,Germany,Ukraine,2,0,H,18.0,7.0,8.0,3.0,,,STATUS_FULL_TIME,True,Decathlon Arena - Stade Pierre-Mauroy,espn
444708,2016-06-12T22:30:00+00:00,2016-06-12,CONMEBOL/Copa America,group-stage,Ecuador,Haiti,4,0,H,0.0,0.0,0.0,0.0,,,STATUS_FULL_TIME,True,MetLife Stadium,espn
444709,2016-06-13T00:30:00+00:00,2016-06-13,CONMEBOL/Copa America,group-stage,Brazil,Peru,0,1,A,0.0,0.0,0.0,0.0,,,STATUS_FULL_TIME,True,Gillette Stadium,espn
438197,2016-06-13T13:00:00+00:00,2016-06-13,UEFA/European Championship,group-stage,Spain,Czechia,1,0,H,17.0,7.0,5.0,3.0,,,STATUS_FULL_TIME,True,Stadium de Toulouse,espn
438196,2016-06-13T16:00:00+00:00,2016-06-13,UEFA/European Championship,group-stage,Republic of Ireland,Sweden,1,1,D,9.0,7.0,4.0,0.0,,,STATUS_FULL_TIME,True,Stade de France,espn
438195,2016-06-13T19:00:00+00:00,2016-06-13,UEFA/European Championship,group-stage,Belgium,Italy,0,2,A,18.0,11.0,3.0,6.0,,,STATUS_FULL_TIME,True,Groupama Stadium,espn
444707,2016-06-14T00:00:00+00:00,2016-06-14,CONMEBOL/Copa America,group-stage,Mexico,Venezuela,1,1,D,0.0,0.0,0.0,0.0,,,STATUS_FULL_TIME,True,NRG Stadium,espn
444706,2016-06-14T02:00:00+00:00,2016-06-14,CONMEBOL/Copa America,group-stage,Uruguay,Jamaica,3,0,H,0.0,0.0,0.0,0.0,,,STATUS_FULL_TIME,True,Levi's Stadium,espn
438194,2016-06-14T16:00:00+00:00,2016-06-14,UEFA/European Championship,group-stage,Austria,Hungary,0,2,A,14.0,15.0,3.0,8.0,,,STATUS_FULL_TIME,True,Matmut Atlantique,espn
438193,2016-06-14T19:00:00+00:00,2016-06-14,UEFA/European Championship,group-stage,Portugal,Iceland,1,1,D,27.0,4.0,10.0,4.0,,,STATUS_FULL_TIME,True,Stade Geoffroy-Guichard,espn
444705,2016-06-15T00:00:00+00:00,2016-06-15,CONMEBOL/Copa America,group-stage,Chile,Panama,4,2,H,0.0,0.0,0.0,0.0,,,STATUS_FULL_TIME,True,Lincoln Financial Field,espn
444704,2016-06-15T02:00:00+00:00,2016-06-15,CONMEBOL/Copa America,group-stage,Argentina,Bolivia,3,0,H,0.0,0.0,0.0,0.0,,,STATUS_FULL_TIME,True,Lumen Field,espn
438192,2016-06-15T13:00:00+00:00,2016-06-15,UEFA/European Championship,group-stage,Russia,Slovakia,1,2,A,15.0,9.0,2.0,3.0,,,STATUS_FULL_TIME,True,Decathlon Arena - Stade Pierre-Mauroy,espn
438191,2016-06-15T16:00:00+00:00,2016-06-15,UEFA/European Championship,group-stage,Romania,Switzerland,1,1,D,14.0,19.0,4.0,6.0,,,STATUS_FULL_TIME,True,Parc des Princes,espn
438190,2016-06-15T19:00:00+00:00,2016-06-15,UEFA/European Championship,group-stage,France,Albania,2,0,H,22.0,8.0,2.0,0.0,,,STATUS_FULL_TIME,True,Orange Vélodrome,espn
438189,2016-06-16T13:00:00+00:00,2016-06-16,UEFA/European Championship,group-stage,England,Wales,2,1,H,21.0,7.0,4.0,2.0,,,STATUS_FULL_TIME,True,Stade Félix Bollaert-Delélis,espn
438188,2016-06-16T16:00:00+00:00,2016-06-16,UEFA/European Championship,group-stage,Ukraine,Northern Ireland,0,2,A,17.0,13.0,5.0,7.0,,,STATUS_FULL_TIME,True,Groupama Stadium,espn
438187,2016-06-16T19:00:00+00:00,2016-06-16,UEFA/European Championship,group-stage,Germany,Poland,0,0,D,15.0,7.0,3.0,0.0,,,STATUS_FULL_TIME,True,Stade de France,espn
444703,2016-06-17T01:30:00+00:00,2016-06-17,CONMEBOL/Copa America,quarterfinals,United States,Ecuador,2,1,H,0.0,0.0,0.0,0.0,,,STATUS_FULL_TIME,True,Lumen Field,espn
438186,2016-06-17T13:00:00+00:00,2016-06-17,UEFA/European Championship,group-stage,Italy,Sweden,1,0,H,8.0,4.0,3.0,0.0,,,STATUS_FULL_TIME,True,Stadium de Toulouse,espn
438185,2016-06-17T16:00:00+00:00,2016-06-17,UEFA/European Championship,group-stage,Czechia,Croatia,2,2,D,7.0,19.0,4.0,6.0,,,STATUS_FULL_TIME,True,Stade Geoffroy-Guichard,espn
438184,2016-06-17T19:00:00+00:00,2016-06-17,UEFA/European Championship,group-stage,Spain,Türkiye,3,0,H,18.0,8.0,6.0,0.0,,,STATUS_FULL_TIME,True,Allianz Riviera,espn
444702,2016-06-18T00:00:00+00:00,2016-06-18,CONMEBOL/Copa America,quarterfinals,Peru,Colombia,0,0,A,0.0,0.0,0.0,0.0,2.0,4.0,STATUS_FINAL_PEN,True,MetLife Stadium,espn
438183,2016-06-18T13:00:00+00:00,2016-06-18,UEFA/European Championship,group-stage,Belgium,Republic of Ireland,3,0,H,18.0,11.0,7.0,2.0,,,STATUS_FULL_TIME,True,Matmut Atlantique,espn
438182,2016-06-18T16:00:00+00:00,2016-06-18,UEFA/European Championship,group-stage,Iceland,Hungary,1,1,D,8.0,12.0,2.0,4.0,,,STATUS_FULL_TIME,True,Orange Vélodrome,espn
438181,2016-06-18T19:00:00+00:00,2016-06-18,UEFA/European Championship,group-stage,Portugal,Austria,0,0,D,23.0,3.0,6.0,1.0,,,STATUS_FULL_TIME,True,Parc des Princes,espn
444700,2016-06-18T23:00:00+00:00,2016-06-18,CONMEBOL/Copa America,quarterfinals,Argentina,Venezuela,4,1,H,0.0,0.0,0.0,0.0,,,STATUS_FULL_TIME,True,Gillette Stadium,espn
444701,2016-06-19T02:00:00+00:00,2016-06-19,CONMEBOL/Copa America,quarterfinals,Mexico,Chile,0,7,A,0.0,0.0,0.0,0.0,,,STATUS_FULL_TIME,True,Levi's Stadium,espn
438179,2016-06-19T19:00:00+00:00,2016-06-19,UEFA/European Championship,group-stage,Romania,Albania,0,1,A,16.0,14.0,3.0,6.0,,,STATUS_FULL_TIME,True,Groupama Stadium,espn
438180,2016-06-19T19:00:00+00:00,2016-06-19,UEFA/European Championship,group-stage,Switzerland,France,0,0,D,6.0,13.0,0.0,4.0,,,STATUS_FULL_TIME,True,Decathlon Arena - Stade Pierre-Mauroy,espn
438178,2016-06-20T19:00:00+00:00,2016-06-20,UEFA/European Championship,group-stage,Russia,Wales,0,3,A,13.0,19.0,2.0,11.0,,,STATUS_FULL_TIME,True,Stadium de Toulouse,espn
438177,2016-06-20T19:00:00+00:00,2016-06-20,UEFA/European Championship,group-stage,Slovakia,England,0,0,D,4.0,27.0,2.0,5.0,,,STATUS_FULL_TIME,True,Stade Geoffroy-Guichard,espn
438175,2016-06-21T16:00:00+00:00,2016-06-21,UEFA/European Championship,group-stage,Northern Ireland,Germany,0,1,A,2.0,26.0,1.0,9.0,,,STATUS_FULL_TIME,True,Parc des Princes,espn
438176,2016-06-21T16:00:00+00:00,2016-06-21,UEFA/European Championship,group-stage,Ukraine,Poland,0,1,A,19.0,9.0,5.0,3.0,,,STATUS_FULL_TIME,True,Orange Vélodrome,espn
438173,2016-06-21T19:00:00+00:00,2016-06-21,UEFA/European Championship,group-stage,Croatia,Spain,2,1,H,13.0,16.0,4.0,3.0,,,STATUS_FULL_TIME,True,Matmut Atlantique,espn
438174,2016-06-21T19:00:00+00:00,2016-06-21,UEFA/European Championship,group-stage,Czechia,Türkiye,0,2,A,13.0,9.0,5.0,2.0,,,STATUS_FULL_TIME,True,Stade Félix Bollaert-Delélis,espn
444699,2016-06-22T01:00:00+00:00,2016-06-22,CONMEBOL/Copa America,semifinals,United States,Argentina,0,4,A,0.0,0.0,0.0,0.0,,,STATUS_FULL_TIME,True,NRG Stadium,espn
438171,2016-06-22T16:00:00+00:00,2016-06-22,UEFA/European Championship,group-stage,Hungary,Portugal,3,3,D,10.0,19.0,5.0,6.0,,,STATUS_FULL_TIME,True,Groupama Stadium,espn
438172,2016-06-22T16:00:00+00:00,2016-06-22,UEFA/European Championship,group-stage,Iceland,Austria,2,1,H,9.0,23.0,3.0,6.0,,,STATUS_FULL_TIME,True,Stade de France,espn
438170,2016-06-22T19:00:00+00:00,2016-06-22,UEFA/European Championship,group-stage,Italy,Republic of Ireland,0,1,A,5.0,12.0,1.0,4.0,,,STATUS_FULL_TIME,True,Decathlon Arena - Stade Pierre-Mauroy,espn
438169,2016-06-22T19:00:00+00:00,2016-06-22,UEFA/European Championship,group-stage,Sweden,Belgium,0,1,A,12.0,23.0,3.0,8.0,,,STATUS_FULL_TIME,True,Allianz Riviera,espn
444698,2016-06-23T00:00:00+00:00,2016-06-23,CONMEBOL/Copa America,semifinals,Colombia,Chile,0,2,A,0.0,0.0,0.0,0.0,,,STATUS_FULL_TIME,True,Soldier Field,espn
438168,2016-06-25T13:00:00+00:00,2016-06-25,UEFA/European Championship,round-of-16,Switzerland,Poland,1,1,A,29.0,21.0,7.0,5.0,4.0,5.0,STATUS_FINAL_PEN,True,Stade Geoffroy-Guichard,espn
438167,2016-06-25T16:00:00+00:00,2016-06-25,UEFA/European Championship,round-of-16,Wales,Northern Ireland,1,0,H,7.0,6.0,1.0,3.0,,,STATUS_FULL_TIME,True,Parc des Princes,espn
438166,2016-06-25T19:00:00+00:00,2016-06-25,UEFA/European Championship,round-of-16,Croatia,Portugal,0,1,A,17.0,5.0,0.0,2.0,,,STATUS_FINAL_AET,True,Stade Félix Bollaert-Delélis,espn
444697,2016-06-26T00:00:00+00:00,2016-06-26,CONMEBOL/Copa America,3rd-place,United States,Colombia,0,1,A,0.0,0.0,0.0,0.0,,,STATUS_FULL_TIME,True,State Farm Stadium,espn
438165,2016-06-26T13:00:00+00:00,2016-06-26,UEFA/European Championship,round-of-16,France,Republic of Ireland,2,1,H,24.0,6.0,10.0,2.0,,,STATUS_FULL_TIME,True,Groupama Stadium,espn
438164,2016-06-26T16:00:00+00:00,2016-06-26,UEFA/European Championship,round-of-16,Germany,Slovakia,3,0,H,19.0,7.0,7.0,2.0,,,STATUS_FULL_TIME,True,Decathlon Arena - Stade Pierre-Mauroy,espn
438163,2016-06-26T19:00:00+00:00,2016-06-26,UEFA/European Championship,round-of-16,Hungary,Belgium,0,4,A,16.0,25.0,6.0,14.0,,,STATUS_FULL_TIME,True,Stadium de Toulouse,espn
444696,2016-06-27T00:00:00+00:00,2016-06-27,CONMEBOL/Copa America,final,Argentina,Chile,0,0,A,0.0,0.0,0.0,0.0,2.0,4.0,STATUS_FINAL_PEN,True,MetLife Stadium,espn
438162,2016-06-27T16:00:00+00:00,2016-06-27,UEFA/European Championship,round-of-16,Italy,Spain,2,0,H,11.0,14.0,7.0,5.0,,,STATUS_FULL_TIME,True,Stade de France,espn
438161,2016-06-27T19:00:00+00:00,2016-06-27,UEFA/European Championship,round-of-16,England,Iceland,1,2,A,18.0,8.0,5.0,5.0,,,STATUS_FULL_TIME,True,Allianz Riviera,espn
438160,2016-06-30T19:00:00+00:00,2016-06-30,UEFA/European Championship,quarterfinals,Poland,Portugal,1,1,A,14.0,21.0,5.0,6.0,3.0,5.0,STATUS_FINAL_PEN,True,Orange Vélodrome,espn
438159,2016-07-01T19:00:00+00:00,2016-07-01,UEFA/European Championship,quarterfinals,Wales,Belgium,3,1,H,15.0,14.0,7.0,4.0,,,STATUS_FULL_TIME,True,Decathlon Arena - Stade Pierre-Mauroy,espn
438158,2016-07-02T19:00:00+00:00,2016-07-02,UEFA/European Championship,quarterfinals,Germany,Italy,1,1,H,14.0,12.0,4.0,3.0,6.0,5.0,STATUS_FINAL_PEN,True,Matmut Atlantique,espn
438157,2016-07-03T19:00:00+00:00,2016-07-03,UEFA/European Championship,quarterfinals,France,Iceland,5,2,H,15.0,11.0,8.0,5.0,,,STATUS_FULL_TIME,True,Stade de France,espn
438156,2016-07-06T19:00:00+00:00,2016-07-06,UEFA/European Championship,semifinals,Portugal,Wales,2,0,H,17.0,9.0,6.0,3.0,,,STATUS_FULL_TIME,True,Groupama Stadium,espn
438155,2016-07-07T19:00:00+00:00,2016-07-07,UEFA/European Championship,semifinals,Germany,France,0,2,A,17.0,15.0,6.0,7.0,,,STATUS_FULL_TIME,True,Orange Vélodrome,espn
438154,2016-07-10T19:00:00+00:00,2016-07-10,UEFA/European Championship,final,Portugal,France,1,0,H,9.0,18.0,3.0,7.0,,,STATUS_FINAL_AET,True,Stade de France,espn
467905,2017-01-14T16:00:00+00:00,2017-01-14,CAF/Africa Cup of Nations,group-stage-2017,Gabon,Guinea-Bissau,1,1,D,3.0,2.0,1.0,0.0,,,STATUS_FULL_TIME,True,Stade d'Angondjé,espn
467904,2017-01-14T19:00:00+00:00,2017-01-14,CAF/Africa Cup of Nations,group-stage-2017,Burkina Faso,Cameroon,1,1,D,17.0,14.0,5.0,7.0,,,STATUS_FULL_TIME,True,Stade d'Angondjé,espn
467903,2017-01-15T16:00:00+00:00,2017-01-15,CAF/Africa Cup of Nations,group-stage-2017,Algeria,Zimbabwe,2,2,D,21.0,11.0,8.0,8.0,,,STATUS_FULL_TIME,True,Stade de Franceville,espn
467902,2017-01-15T19:00:00+00:00,2017-01-15,CAF/Africa Cup of Nations,group-stage-2017,Tunisia,Senegal,0,2,A,18.0,8.0,4.0,2.0,,,STATUS_FULL_TIME,True,Stade de Franceville,espn
467901,2017-01-16T16:00:00+00:00,2017-01-16,CAF/Africa Cup of Nations,group-stage-2017,Ivory Coast,Togo,0,0,D,10.0,8.0,2.0,1.0,,,STATUS_FULL_TIME,True,Stade d'Oyem,espn
467900,2017-01-16T19:00:00+00:00,2017-01-16,CAF/Africa Cup of Nations,group-stage-2017,Congo DR,Morocco,1,0,H,4.0,15.0,2.0,2.0,,,STATUS_FULL_TIME,True,Stade d'Oyem,espn
467899,2017-01-17T16:00:00+00:00,2017-01-17,CAF/Africa Cup of Nations,group-stage-2017,Ghana,Uganda,1,0,H,10.0,12.0,5.0,4.0,,,STATUS_FULL_TIME,True,Stade de Port-Gentil,espn
467898,2017-01-17T19:00:00+00:00,2017-01-17,CAF/Africa Cup of Nations,group-stage-2017,Mali,Egypt,0,0,D,13.0,7.0,2.0,3.0,,,STATUS_FULL_TIME,True,Stade de Port-Gentil,espn
467897,2017-01-18T16:00:00+00:00,2017-01-18,CAF/Africa Cup of Nations,group-stage-2017,Gabon,Burkina Faso,1,1,D,13.0,9.0,5.0,4.0,,,STATUS_FULL_TIME,True,Stade d'Angondjé,espn
467896,2017-01-18T19:00:00+00:00,2017-01-18,CAF/Africa Cup of Nations,group-stage-2017,Cameroon,Guinea-Bissau,2,1,H,18.0,7.0,6.0,4.0,,,STATUS_FULL_TIME,True,Stade d'Angondjé,espn
467895,2017-01-19T16:00:00+00:00,2017-01-19,CAF/Africa Cup of Nations,group-stage-2017,Algeria,Tunisia,1,2,A,6.0,12.0,5.0,4.0,,,STATUS_FULL_TIME,True,Stade de Franceville,espn
467894,2017-01-19T19:00:00+00:00,2017-01-19,CAF/Africa Cup of Nations,group-stage-2017,Senegal,Zimbabwe,2,0,H,24.0,14.0,9.0,3.0,,,STATUS_FULL_TIME,True,Stade de Franceville,espn
467893,2017-01-20T16:00:00+00:00,2017-01-20,CAF/Africa Cup of Nations,group-stage-2017,Ivory Coast,Congo DR,2,2,D,13.0,6.0,5.0,2.0,,,STATUS_FULL_TIME,True,Stade d'Oyem,espn
467892,2017-01-20T19:00:00+00:00,2017-01-20,CAF/Africa Cup of Nations,group-stage-2017,Morocco,Togo,3,1,H,15.0,12.0,5.0,4.0,,,STATUS_FULL_TIME,True,Stade d'Oyem,espn
467891,2017-01-21T16:00:00+00:00,2017-01-21,CAF/Africa Cup of Nations,group-stage-2017,Ghana,Mali,1,0,H,7.0,14.0,2.0,3.0,,,STATUS_FULL_TIME,True,Stade de Port-Gentil,espn
467890,2017-01-21T19:00:00+00:00,2017-01-21,CAF/Africa Cup of Nations,group-stage-2017,Egypt,Uganda,1,0,H,13.0,2.0,3.0,0.0,,,STATUS_FULL_TIME,True,Stade de Port-Gentil,espn
467889,2017-01-22T19:00:00+00:00,2017-01-22,CAF/Africa Cup of Nations,group-stage-2017,Cameroon,Gabon,0,0,D,9.0,6.0,1.0,1.0,,,STATUS_FULL_TIME,True,Stade d'Angondjé,espn
467888,2017-01-22T19:00:00+00:00,2017-01-22,CAF/Africa Cup of Nations,group-stage-2017,Guinea-Bissau,Burkina Faso,0,2,A,18.0,7.0,3.0,1.0,,,STATUS_FULL_TIME,True,Stade de Franceville,espn
467886,2017-01-23T19:00:00+00:00,2017-01-23,CAF/Africa Cup of Nations,group-stage-2017,Senegal,Algeria,2,2,D,13.0,10.0,4.0,4.0,,,STATUS_FULL_TIME,True,Stade de Franceville,espn
467887,2017-01-23T19:00:00+00:00,2017-01-23,CAF/Africa Cup of Nations,group-stage-2017,Zimbabwe,Tunisia,2,4,A,8.0,14.0,3.0,9.0,,,STATUS_FULL_TIME,True,Stade d'Angondjé,espn
467885,2017-01-24T19:00:00+00:00,2017-01-24,CAF/Africa Cup of Nations,group-stage-2017,Morocco,Ivory Coast,1,0,H,8.0,11.0,1.0,4.0,,,STATUS_FULL_TIME,True,Stade d'Oyem,espn
467884,2017-01-24T19:00:00+00:00,2017-01-24,CAF/Africa Cup of Nations,group-stage-2017,Togo,Congo DR,1,3,A,6.0,17.0,3.0,6.0,,,STATUS_FULL_TIME,True,Stade de Port-Gentil,espn
467882,2017-01-25T19:00:00+00:00,2017-01-25,CAF/Africa Cup of Nations,group-stage-2017,Egypt,Ghana,1,0,H,7.0,11.0,1.0,2.0,,,STATUS_FULL_TIME,True,Stade de Port-Gentil,espn
467883,2017-01-25T19:00:00+00:00,2017-01-25,CAF/Africa Cup of Nations,group-stage-2017,Uganda,Mali,1,1,D,6.0,13.0,1.0,1.0,,,STATUS_FULL_TIME,True,Stade d'Oyem,espn
467881,2017-01-28T16:00:00+00:00,2017-01-28,CAF/Africa Cup of Nations,quarterfinals,Burkina Faso,Tunisia,2,0,H,12.0,11.0,2.0,3.0,,,STATUS_FULL_TIME,True,Stade d'Angondjé,espn
467880,2017-01-28T19:00:00+00:00,2017-01-28,CAF/Africa Cup of Nations,quarterfinals,Senegal,Cameroon,0,0,A,19.0,12.0,5.0,3.0,4.0,5.0,STATUS_FINAL_PEN,True,Stade de Franceville,espn
467879,2017-01-29T16:00:00+00:00,2017-01-29,CAF/Africa Cup of Nations,quarterfinals,Congo DR,Ghana,1,2,A,17.0,10.0,4.0,6.0,,,STATUS_FULL_TIME,True,Stade d'Oyem,espn
467878,2017-01-29T19:00:00+00:00,2017-01-29,CAF/Africa Cup of Nations,quarterfinals,Egypt,Morocco,1,0,H,6.0,16.0,4.0,4.0,,,STATUS_FULL_TIME,True,Stade de Port-Gentil,espn
467877,2017-02-01T19:00:00+00:00,2017-02-01,CAF/Africa Cup of Nations,semifinals,Burkina Faso,Egypt,1,1,A,24.0,7.0,9.0,2.0,3.0,4.0,STATUS_FINAL_PEN,True,Stade d'Angondjé,espn
467876,2017-02-02T19:00:00+00:00,2017-02-02,CAF/Africa Cup of Nations,semifinals,Cameroon,Ghana,2,0,H,10.0,12.0,4.0,2.0,,,STATUS_FULL_TIME,True,Stade de Franceville,espn
467875,2017-02-04T19:00:00+00:00,2017-02-04,CAF/Africa Cup of Nations,third-place,Burkina Faso,Ghana,1,0,H,12.0,18.0,4.0,2.0,,,STATUS_FULL_TIME,True,Stade de Port-Gentil,espn
467874,2017-02-05T19:00:00+00:00,2017-02-05,CAF/Africa Cup of Nations,final,Egypt,Cameroon,1,2,A,4.0,15.0,2.0,3.0,,,STATUS_FULL_TIME,True,Stade d'Angondjé,espn
475846,2017-07-07T23:00:00+00:00,2017-07-07,CONCACAF/Gold Cup,group-stage-2017,French Guiana,Canada,2,4,A,10.0,11.0,5.0,5.0,,,STATUS_FULL_TIME,True,Sports Illustrated Stadium,espn
475847,2017-07-08T01:00:00+00:00,2017-07-08,CONCACAF/Gold Cup,group-stage-2017,Honduras,Costa Rica,0,1,A,15.0,9.0,3.0,2.0,,,STATUS_FULL_TIME,True,Sports Illustrated Stadium,espn
475844,2017-07-08T20:30:00+00:00,2017-07-08,CONCACAF/Gold Cup,group-stage-2017,United States,Panama,1,1,D,12.0,12.0,4.0,6.0,,,STATUS_FULL_TIME,True,"Nissan Stadium, Nashville",espn
475845,2017-07-08T23:00:00+00:00,2017-07-08,CONCACAF/Gold Cup,group-stage-2017,Martinique,Nicaragua,2,0,H,19.0,17.0,11.0,4.0,,,STATUS_FULL_TIME,True,"Nissan Stadium, Nashville",espn
475843,2017-07-09T23:00:00+00:00,2017-07-09,CONCACAF/Gold Cup,group-stage-2017,Curacao,Jamaica,0,2,A,21.0,13.0,6.0,6.0,,,STATUS_FULL_TIME,True,SDCCU Stadium,espn
475842,2017-07-10T01:00:00+00:00,2017-07-10,CONCACAF/Gold Cup,group-stage-2017,Mexico,El Salvador,3,1,H,16.0,12.0,7.0,4.0,,,STATUS_FULL_TIME,True,SDCCU Stadium,espn
475840,2017-07-11T23:30:00+00:00,2017-07-11,CONCACAF/Gold Cup,group-stage-2017,Costa Rica,Canada,1,1,D,20.0,10.0,10.0,1.0,,,STATUS_FULL_TIME,True,Shell Energy Stadium,espn
475841,2017-07-12T02:00:00+00:00,2017-07-12,CONCACAF/Gold Cup,group-stage-2017,Honduras,French Guiana,0,0,D,20.0,16.0,7.0,6.0,,,STATUS_FULL_TIME,True,Shell Energy Stadium,espn
475839,2017-07-12T22:30:00+00:00,2017-07-12,CONCACAF/Gold Cup,group-stage-2017,Panama,Nicaragua,2,1,H,13.0,11.0,5.0,4.0,,,STATUS_FULL_TIME,True,Raymond James Stadium,espn
475838,2017-07-13T01:00:00+00:00,2017-07-13,CONCACAF/Gold Cup,group-stage-2017,United States,Martinique,3,2,H,21.0,13.0,10.0,5.0,,,STATUS_FULL_TIME,True,Raymond James Stadium,espn
475836,2017-07-14T00:00:00+00:00,2017-07-14,CONCACAF/Gold Cup,group-stage-2017,El Salvador,Curacao,2,0,H,17.0,13.0,9.0,4.0,,,STATUS_FULL_TIME,True,Empower Field at Mile High,espn
475837,2017-07-14T02:30:00+00:00,2017-07-14,CONCACAF/Gold Cup,group-stage-2017,Mexico,Jamaica,0,0,D,14.0,5.0,3.0,0.0,,,STATUS_FULL_TIME,True,Empower Field at Mile High,espn
475834,2017-07-14T23:30:00+00:00,2017-07-14,CONCACAF/Gold Cup,group-stage-2017,Costa Rica,French Guiana,3,0,H,15.0,8.0,6.0,1.0,,,STATUS_FULL_TIME,True,Toyota Stadium,espn
475835,2017-07-15T02:00:00+00:00,2017-07-15,CONCACAF/Gold Cup,group-stage-2017,Canada,Honduras,0,0,D,12.0,19.0,3.0,7.0,,,STATUS_FULL_TIME,True,Toyota Stadium,espn
475832,2017-07-15T20:30:00+00:00,2017-07-15,CONCACAF/Gold Cup,group-stage-2017,Panama,Martinique,3,0,H,10.0,11.0,3.0,2.0,,,STATUS_FULL_TIME,True,Huntington Bank Field,espn
475833,2017-07-15T23:00:00+00:00,2017-07-15,CONCACAF/Gold Cup,group-stage-2017,Nicaragua,United States,0,3,A,6.0,16.0,2.0,10.0,,,STATUS_FULL_TIME,True,Huntington Bank Field,espn
475830,2017-07-16T22:00:00+00:00,2017-07-16,CONCACAF/Gold Cup,group-stage-2017,Jamaica,El Salvador,1,1,D,8.0,10.0,4.0,3.0,,,STATUS_FULL_TIME,True,Alamodome,espn
475831,2017-07-17T00:30:00+00:00,2017-07-17,CONCACAF/Gold Cup,group-stage-2017,Curacao,Mexico,0,2,A,12.0,17.0,4.0,10.0,,,STATUS_FULL_TIME,True,Alamodome,espn
475853,2017-07-19T22:00:00+00:00,2017-07-19,CONCACAF/Gold Cup,quarterfinals,Costa Rica,Panama,1,0,H,10.0,10.0,5.0,3.0,,,STATUS_FULL_TIME,True,Lincoln Financial Field,espn
475854,2017-07-20T01:00:00+00:00,2017-07-20,CONCACAF/Gold Cup,quarterfinals,United States,El Salvador,2,0,H,14.0,8.0,8.0,1.0,,,STATUS_FULL_TIME,True,Lincoln Financial Field,espn
475851,2017-07-20T23:30:00+00:00,2017-07-20,CONCACAF/Gold Cup,quarterfinals,Jamaica,Canada,2,1,H,8.0,19.0,4.0,5.0,,,STATUS_FULL_TIME,True,State Farm Stadium,espn
475852,2017-07-21T02:30:00+00:00,2017-07-21,CONCACAF/Gold Cup,quarterfinals,Mexico,Honduras,1,0,H,8.0,11.0,2.0,2.0,,,STATUS_FULL_TIME,True,State Farm Stadium,espn
475850,2017-07-23T02:00:00+00:00,2017-07-23,CONCACAF/Gold Cup,semifinals,Costa Rica,United States,0,2,A,7.0,10.0,2.0,4.0,,,STATUS_FULL_TIME,True,AT&T Stadium,espn
475849,2017-07-24T01:00:00+00:00,2017-07-24,CONCACAF/Gold Cup,semifinals,Mexico,Jamaica,0,1,A,12.0,9.0,5.0,5.0,,,STATUS_FULL_TIME,True,Rose Bowl,espn
475848,2017-07-27T01:30:00+00:00,2017-07-27,CONCACAF/Gold Cup,final,United States,Jamaica,2,1,H,13.0,6.0,8.0,3.0,,,STATUS_FULL_TIME,True,Levi's Stadium,espn
498202,2018-06-14T15:00:00+00:00,2018-06-14,FIFA/World Cup,group-stage,Russia,Saudi Arabia,5,0,H,13.0,6.0,7.0,0.0,,,STATUS_FULL_TIME,True,Luzhniki Stadium,espn
498201,2018-06-15T12:00:00+00:00,2018-06-15,FIFA/World Cup,group-stage,Egypt,Uruguay,0,1,A,8.0,14.0,3.0,4.0,,,STATUS_FULL_TIME,True,Ekaterinburg Arena,espn
498200,2018-06-15T15:00:00+00:00,2018-06-15,FIFA/World Cup,group-stage,Morocco,Iran,0,1,A,13.0,8.0,3.0,2.0,,,STATUS_FULL_TIME,True,Gazprom Arena,espn
498199,2018-06-15T18:00:00+00:00,2018-06-15,FIFA/World Cup,group-stage,Portugal,Spain,3,3,D,8.0,12.0,3.0,5.0,,,STATUS_FULL_TIME,True,Fisht Olympic Stadium,espn
498198,2018-06-16T10:00:00+00:00,2018-06-16,FIFA/World Cup,group-stage,France,Australia,2,1,H,13.0,4.0,5.0,1.0,,,STATUS_FULL_TIME,True,Ak Bars Arena,espn
498197,2018-06-16T13:00:00+00:00,2018-06-16,FIFA/World Cup,group-stage,Argentina,Iceland,1,1,D,26.0,9.0,7.0,3.0,,,STATUS_FULL_TIME,True,Lukoil Arena,espn
498196,2018-06-16T16:00:00+00:00,2018-06-16,FIFA/World Cup,group-stage,Peru,Denmark,0,1,A,17.0,10.0,6.0,3.0,,,STATUS_FULL_TIME,True,Mordovia Arena,espn
498195,2018-06-16T19:00:00+00:00,2018-06-16,FIFA/World Cup,group-stage,Croatia,Nigeria,2,0,H,11.0,14.0,2.0,2.0,,,STATUS_FULL_TIME,True,Rostec Arena,espn
498194,2018-06-17T12:00:00+00:00,2018-06-17,FIFA/World Cup,group-stage,Costa Rica,Serbia,0,1,A,10.0,10.0,3.0,3.0,,,STATUS_FULL_TIME,True,Solidarnost Samara Arena,espn
498193,2018-06-17T15:00:00+00:00,2018-06-17,FIFA/World Cup,group-stage,Germany,Mexico,0,1,A,25.0,12.0,9.0,4.0,,,STATUS_FULL_TIME,True,Luzhniki Stadium,espn
498192,2018-06-17T18:00:00+00:00,2018-06-17,FIFA/World Cup,group-stage,Brazil,Switzerland,1,1,D,20.0,6.0,4.0,2.0,,,STATUS_FULL_TIME,True,Rostov Arena,espn
498191,2018-06-18T12:00:00+00:00,2018-06-18,FIFA/World Cup,group-stage,Sweden,South Korea,1,0,H,15.0,5.0,5.0,0.0,,,STATUS_FULL_TIME,True,Sovcombank Arena,espn
498190,2018-06-18T15:00:00+00:00,2018-06-18,FIFA/World Cup,group-stage,Belgium,Panama,3,0,H,15.0,6.0,6.0,2.0,,,STATUS_FULL_TIME,True,Fisht Olympic Stadium,espn
498189,2018-06-18T18:00:00+00:00,2018-06-18,FIFA/World Cup,group-stage,Tunisia,England,1,2,A,6.0,17.0,1.0,7.0,,,STATUS_FULL_TIME,True,Volgograd Arena,espn
498187,2018-06-19T12:00:00+00:00,2018-06-19,FIFA/World Cup,group-stage,Colombia,Japan,1,2,A,8.0,14.0,3.0,6.0,,,STATUS_FULL_TIME,True,Mordovia Arena,espn
498188,2018-06-19T15:00:00+00:00,2018-06-19,FIFA/World Cup,group-stage,Poland,Senegal,1,2,A,10.0,8.0,4.0,2.0,,,STATUS_FULL_TIME,True,Lukoil Arena,espn
498186,2018-06-19T18:00:00+00:00,2018-06-19,FIFA/World Cup,group-stage,Russia,Egypt,3,1,H,11.0,13.0,3.0,1.0,,,STATUS_FULL_TIME,True,Gazprom Arena,espn
498185,2018-06-20T12:00:00+00:00,2018-06-20,FIFA/World Cup,group-stage,Portugal,Morocco,1,0,H,10.0,16.0,2.0,4.0,,,STATUS_FULL_TIME,True,Luzhniki Stadium,espn
498184,2018-06-20T15:00:00+00:00,2018-06-20,FIFA/World Cup,group-stage,Uruguay,Saudi Arabia,1,0,H,13.0,8.0,4.0,3.0,,,STATUS_FULL_TIME,True,Rostov Arena,espn
498183,2018-06-20T18:00:00+00:00,2018-06-20,FIFA/World Cup,group-stage,Iran,Spain,0,1,A,5.0,17.0,0.0,3.0,,,STATUS_FULL_TIME,True,Ak Bars Arena,espn
498181,2018-06-21T12:00:00+00:00,2018-06-21,FIFA/World Cup,group-stage,Denmark,Australia,1,1,D,10.0,14.0,5.0,5.0,,,STATUS_FULL_TIME,True,Solidarnost Samara Arena,espn
498182,2018-06-21T15:00:00+00:00,2018-06-21,FIFA/World Cup,group-stage,France,Peru,1,0,H,12.0,10.0,4.0,2.0,,,STATUS_FULL_TIME,True,Ekaterinburg Arena,espn
498180,2018-06-21T18:00:00+00:00,2018-06-21,FIFA/World Cup,group-stage,Argentina,Croatia,0,3,A,10.0,15.0,3.0,5.0,,,STATUS_FULL_TIME,True,Sovcombank Arena,espn
498179,2018-06-22T12:00:00+00:00,2018-06-22,FIFA/World Cup,group-stage,Brazil,Costa Rica,2,0,H,23.0,4.0,9.0,0.0,,,STATUS_FULL_TIME,True,Gazprom Arena,espn
498178,2018-06-22T15:00:00+00:00,2018-06-22,FIFA/World Cup,group-stage,Nigeria,Iceland,2,0,H,16.0,10.0,4.0,3.0,,,STATUS_FULL_TIME,True,Volgograd Arena,espn
498177,2018-06-22T18:00:00+00:00,2018-06-22,FIFA/World Cup,group-stage,Serbia,Switzerland,1,2,A,12.0,20.0,3.0,5.0,,,STATUS_FULL_TIME,True,Rostec Arena,espn
498176,2018-06-23T12:00:00+00:00,2018-06-23,FIFA/World Cup,group-stage,Belgium,Tunisia,5,2,H,23.0,15.0,12.0,5.0,,,STATUS_FULL_TIME,True,Lukoil Arena,espn
498174,2018-06-23T15:00:00+00:00,2018-06-23,FIFA/World Cup,group-stage,South Korea,Mexico,1,2,A,17.0,13.0,6.0,5.0,,,STATUS_FULL_TIME,True,Rostov Arena,espn
498175,2018-06-23T18:00:00+00:00,2018-06-23,FIFA/World Cup,group-stage,Germany,Sweden,2,1,H,16.0,8.0,5.0,6.0,,,STATUS_FULL_TIME,True,Fisht Olympic Stadium,espn
498173,2018-06-24T12:00:00+00:00,2018-06-24,FIFA/World Cup,group-stage,England,Panama,6,1,H,12.0,8.0,7.0,2.0,,,STATUS_FULL_TIME,True,Sovcombank Arena,espn
498172,2018-06-24T15:00:00+00:00,2018-06-24,FIFA/World Cup,group-stage,Japan,Senegal,2,2,D,7.0,13.0,3.0,7.0,,,STATUS_FULL_TIME,True,Ekaterinburg Arena,espn
498171,2018-06-24T18:00:00+00:00,2018-06-24,FIFA/World Cup,group-stage,Poland,Colombia,0,3,A,9.0,13.0,2.0,3.0,,,STATUS_FULL_TIME,True,Ak Bars Arena,espn
498169,2018-06-25T14:00:00+00:00,2018-06-25,FIFA/World Cup,group-stage,Saudi Arabia,Egypt,2,1,H,22.0,8.0,7.0,1.0,,,STATUS_FULL_TIME,True,Volgograd Arena,espn
498170,2018-06-25T14:00:00+00:00,2018-06-25,FIFA/World Cup,group-stage,Uruguay,Russia,3,0,H,17.0,3.0,7.0,1.0,,,STATUS_FULL_TIME,True,Solidarnost Samara Arena,espn
498167,2018-06-25T18:00:00+00:00,2018-06-25,FIFA/World Cup,group-stage,Iran,Portugal,1,1,D,8.0,14.0,2.0,4.0,,,STATUS_FULL_TIME,True,Mordovia Arena,espn
498168,2018-06-25T18:00:00+00:00,2018-06-25,FIFA/World Cup,group-stage,Spain,Morocco,2,2,D,16.0,6.0,4.0,3.0,,,STATUS_FULL_TIME,True,Rostec Arena,espn
498166,2018-06-26T14:00:00+00:00,2018-06-26,FIFA/World Cup,group-stage,Australia,Peru,0,2,A,14.0,4.0,2.0,3.0,,,STATUS_FULL_TIME,True,Fisht Olympic Stadium,espn
498165,2018-06-26T14:00:00+00:00,2018-06-26,FIFA/World Cup,group-stage,Denmark,France,0,0,D,5.0,11.0,1.0,4.0,,,STATUS_FULL_TIME,True,Luzhniki Stadium,espn
498164,2018-06-26T18:00:00+00:00,2018-06-26,FIFA/World Cup,group-stage,Iceland,Croatia,1,2,A,17.0,13.0,6.0,2.0,,,STATUS_FULL_TIME,True,Rostov Arena,espn
498163,2018-06-26T18:00:00+00:00,2018-06-26,FIFA/World Cup,group-stage,Nigeria,Argentina,1,2,A,9.0,8.0,3.0,4.0,,,STATUS_FULL_TIME,True,Gazprom Arena,espn
498162,2018-06-27T14:00:00+00:00,2018-06-27,FIFA/World Cup,group-stage,Mexico,Sweden,0,3,A,19.0,13.0,3.0,5.0,,,STATUS_FULL_TIME,True,Ekaterinburg Arena,espn
498161,2018-06-27T14:00:00+00:00,2018-06-27,FIFA/World Cup,group-stage,South Korea,Germany,2,0,H,11.0,26.0,5.0,6.0,,,STATUS_FULL_TIME,True,Ak Bars Arena,espn
498159,2018-06-27T18:00:00+00:00,2018-06-27,FIFA/World Cup,group-stage,Serbia,Brazil,0,2,A,10.0,13.0,1.0,6.0,,,STATUS_FULL_TIME,True,Lukoil Arena,espn
498160,2018-06-27T18:00:00+00:00,2018-06-27,FIFA/World Cup,group-stage,Switzerland,Costa Rica,2,2,D,12.0,14.0,3.0,6.0,,,STATUS_FULL_TIME,True,Sovcombank Arena,espn
498157,2018-06-28T14:00:00+00:00,2018-06-28,FIFA/World Cup,group-stage,Japan,Poland,0,1,A,10.0,11.0,3.0,2.0,,,STATUS_FULL_TIME,True,Volgograd Arena,espn
498158,2018-06-28T14:00:00+00:00,2018-06-28,FIFA/World Cup,group-stage,Senegal,Colombia,0,1,A,8.0,4.0,3.0,2.0,,,STATUS_FULL_TIME,True,Solidarnost Samara Arena,espn
498155,2018-06-28T18:00:00+00:00,2018-06-28,FIFA/World Cup,group-stage,England,Belgium,0,1,A,13.0,15.0,1.0,4.0,,,STATUS_FULL_TIME,True,Rostec Arena,espn
498156,2018-06-28T18:00:00+00:00,2018-06-28,FIFA/World Cup,group-stage,Panama,Tunisia,1,2,A,9.0,15.0,4.0,7.0,,,STATUS_FULL_TIME,True,Mordovia Arena,espn
498154,2018-06-30T14:00:00+00:00,2018-06-30,FIFA/World Cup,round-of-16,France,Argentina,4,3,H,9.0,9.0,4.0,4.0,,,STATUS_FULL_TIME,True,Ak Bars Arena,espn
498153,2018-06-30T18:00:00+00:00,2018-06-30,FIFA/World Cup,round-of-16,Uruguay,Portugal,2,1,H,6.0,20.0,3.0,5.0,,,STATUS_FULL_TIME,True,Fisht Olympic Stadium,espn
498152,2018-07-01T14:00:00+00:00,2018-07-01,FIFA/World Cup,round-of-16,Spain,Russia,1,1,A,25.0,6.0,9.0,1.0,3.0,4.0,STATUS_FINAL_PEN,True,Luzhniki Stadium,espn
498151,2018-07-01T18:00:00+00:00,2018-07-01,FIFA/World Cup,round-of-16,Croatia,Denmark,1,1,H,22.0,15.0,7.0,3.0,3.0,2.0,STATUS_FINAL_PEN,True,Sovcombank Arena,espn
498150,2018-07-02T14:00:00+00:00,2018-07-02,FIFA/World Cup,round-of-16,Brazil,Mexico,2,0,H,21.0,13.0,10.0,1.0,,,STATUS_FULL_TIME,True,Solidarnost Samara Arena,espn
498149,2018-07-02T18:00:00+00:00,2018-07-02,FIFA/World Cup,round-of-16,Belgium,Japan,3,2,H,24.0,11.0,8.0,4.0,,,STATUS_FULL_TIME,True,Rostov Arena,espn
498148,2018-07-03T14:00:00+00:00,2018-07-03,FIFA/World Cup,round-of-16,Sweden,Switzerland,1,0,H,12.0,18.0,3.0,4.0,,,STATUS_FULL_TIME,True,Gazprom Arena,espn
498147,2018-07-03T18:00:00+00:00,2018-07-03,FIFA/World Cup,round-of-16,Colombia,England,1,1,A,14.0,16.0,4.0,2.0,3.0,4.0,STATUS_FINAL_PEN,True,Lukoil Arena,espn
498146,2018-07-06T14:00:00+00:00,2018-07-06,FIFA/World Cup,quarterfinals,Uruguay,France,0,2,A,11.0,11.0,4.0,2.0,,,STATUS_FULL_TIME,True,Sovcombank Arena,espn
498145,2018-07-06T18:00:00+00:00,2018-07-06,FIFA/World Cup,quarterfinals,Brazil,Belgium,1,2,A,26.0,8.0,9.0,3.0,,,STATUS_FULL_TIME,True,Ak Bars Arena,espn
498144,2018-07-07T14:00:00+00:00,2018-07-07,FIFA/World Cup,quarterfinals,Sweden,England,0,2,A,7.0,12.0,3.0,2.0,,,STATUS_FULL_TIME,True,Solidarnost Samara Arena,espn
498143,2018-07-07T18:00:00+00:00,2018-07-07,FIFA/World Cup,quarterfinals,Russia,Croatia,2,2,A,13.0,17.0,7.0,3.0,3.0,4.0,STATUS_FINAL_PEN,True,Fisht Olympic Stadium,espn
498142,2018-07-10T18:00:00+00:00,2018-07-10,FIFA/World Cup,semifinals,France,Belgium,1,0,H,19.0,9.0,5.0,3.0,,,STATUS_FULL_TIME,True,Gazprom Arena,espn
498141,2018-07-11T18:00:00+00:00,2018-07-11,FIFA/World Cup,semifinals,Croatia,England,2,1,H,22.0,11.0,7.0,1.0,,,STATUS_FINAL_AET,True,Luzhniki Stadium,espn
498140,2018-07-14T14:00:00+00:00,2018-07-14,FIFA/World Cup,third-place,Belgium,England,2,0,H,12.0,15.0,4.0,5.0,,,STATUS_FULL_TIME,True,Gazprom Arena,espn
498139,2018-07-15T15:00:00+00:00,2018-07-15,FIFA/World Cup,final,France,Croatia,4,2,H,8.0,15.0,6.0,3.0,,,STATUS_FULL_TIME,True,Luzhniki Stadium,espn
529096,2019-06-05T18:45:00+00:00,2019-06-05,UEFA/Nations League,semifinals,Portugal,Switzerland,3,1,H,10.0,16.0,3.0,3.0,,,STATUS_FULL_TIME,True,Estádio do Dragão,espn
529095,2019-06-06T18:45:00+00:00,2019-06-06,UEFA/Nations League,semifinals,Netherlands,England,3,1,H,29.0,13.0,14.0,3.0,,,STATUS_FINAL_AET,True,Estádio D. Afonso Henriques,espn
540882,2019-06-09T13:00:00+00:00,2019-06-09,UEFA/Nations League,third-place-match,Switzerland,England,0,0,A,11.0,12.0,2.0,5.0,5.0,6.0,STATUS_FINAL_PEN,True,Estádio D. Afonso Henriques,espn
540881,2019-06-09T18:45:00+00:00,2019-06-09,UEFA/Nations League,final,Portugal,Netherlands,1,0,H,18.0,4.0,7.0,1.0,,,STATUS_FULL_TIME,True,Estádio do Dragão,espn
535899,2019-06-15T00:30:00+00:00,2019-06-15,CONMEBOL/Copa America,group-stage,Brazil,Bolivia,3,0,H,20.0,5.0,5.0,1.0,,,STATUS_FULL_TIME,True,MorumBIS,espn
535898,2019-06-15T19:00:00+00:00,2019-06-15,CONMEBOL/Copa America,group-stage,Venezuela,Peru,0,0,D,0.0,0.0,0.0,0.0,,,STATUS_FULL_TIME,True,Grêmio Arena,espn
535897,2019-06-15T22:00:00+00:00,2019-06-15,CONMEBOL/Copa America,group-stage,Argentina,Colombia,0,2,A,0.0,0.0,0.0,0.0,,,STATUS_FULL_TIME,True,Casa de Apostas Arena Fonte Nova,espn
539242,2019-06-15T23:30:00+00:00,2019-06-15,CONCACAF/Gold Cup,group-stage,Canada,Martinique,4,0,H,24.0,16.0,12.0,3.0,,,STATUS_FULL_TIME,True,Rose Bowl,espn
539241,2019-06-16T02:00:00+00:00,2019-06-16,CONCACAF/Gold Cup,group-stage,Mexico,Cuba,7,0,H,30.0,3.0,15.0,0.0,,,STATUS_FULL_TIME,True,Rose Bowl,espn
535896,2019-06-16T19:00:00+00:00,2019-06-16,CONMEBOL/Copa America,group-stage,Paraguay,Qatar,2,2,D,13.0,8.0,5.0,4.0,,,STATUS_FULL_TIME,True,Estadio do Maracana,espn
539240,2019-06-16T22:00:00+00:00,2019-06-16,CONCACAF/Gold Cup,group-stage,Haiti,Bermuda,2,1,H,24.0,8.0,10.0,2.0,,,STATUS_FULL_TIME,True,Estadio Nacional de Costa Rica,espn
535895,2019-06-16T22:00:00+00:00,2019-06-16,CONMEBOL/Copa America,group-stage,Uruguay,Ecuador,4,0,H,0.0,0.0,0.0,0.0,,,STATUS_FULL_TIME,True,Estadio Mineirão,espn
539239,2019-06-17T00:30:00+00:00,2019-06-17,CONCACAF/Gold Cup,group-stage,Costa Rica,Nicaragua,4,0,H,15.0,8.0,7.0,1.0,,,STATUS_FULL_TIME,True,Estadio Nacional de Costa Rica,espn
539238,2019-06-17T23:00:00+00:00,2019-06-17,CONCACAF/Gold Cup,group-stage,Curacao,El Salvador,0,1,A,3.0,9.0,1.0,5.0,,,STATUS_FULL_TIME,True,Independence Park,espn
535894,2019-06-17T23:00:00+00:00,2019-06-17,CONMEBOL/Copa America,group-stage,Japan,Chile,0,4,A,0.0,0.0,0.0,0.0,,,STATUS_FULL_TIME,True,MorumBIS,espn
539237,2019-06-18T01:30:00+00:00,2019-06-18,CONCACAF/Gold Cup,group-stage,Jamaica,Honduras,3,2,H,14.0,12.0,8.0,2.0,,,STATUS_FULL_TIME,True,Independence Park,espn
535893,2019-06-18T21:30:00+00:00,2019-06-18,CONMEBOL/Copa America,group-stage,Bolivia,Peru,1,3,A,7.0,18.0,2.0,10.0,,,STATUS_FULL_TIME,True,Estadio do Maracana,espn
539236,2019-06-18T23:30:00+00:00,2019-06-18,CONCACAF/Gold Cup,group-stage,Panama,Trinidad and Tobago,2,0,H,17.0,6.0,7.0,0.0,,,STATUS_FULL_TIME,True,Allianz Field,espn
535892,2019-06-19T00:30:00+00:00,2019-06-19,CONMEBOL/Copa America,group-stage,Brazil,Venezuela,0,0,D,0.0,0.0,0.0,0.0,,,STATUS_FULL_TIME,True,Casa de Apostas Arena Fonte Nova,espn
539235,2019-06-19T02:00:00+00:00,2019-06-19,CONCACAF/Gold Cup,group-stage,United States,Guyana,4,0,H,20.0,4.0,6.0,1.0,,,STATUS_FULL_TIME,True,Allianz Field,espn
535891,2019-06-19T21:30:00+00:00,2019-06-19,CONMEBOL/Copa America,group-stage,Colombia,Qatar,1,0,H,0.0,0.0,0.0,0.0,,,STATUS_FULL_TIME,True,MorumBIS,espn
539234,2019-06-20T00:00:00+00:00,2019-06-20,CONCACAF/Gold Cup,group-stage,Cuba,Martinique,0,3,A,7.0,21.0,3.0,7.0,,,STATUS_FULL_TIME,True,Empower Field at Mile High,espn
535890,2019-06-20T00:30:00+00:00,2019-06-20,CONMEBOL/Copa America,group-stage,Argentina,Paraguay,1,1,D,0.0,0.0,0.0,0.0,,,STATUS_FULL_TIME,True,Estadio Mineirão,espn
539233,2019-06-20T02:30:00+00:00,2019-06-20,CONCACAF/Gold Cup,group-stage,Mexico,Canada,3,1,H,18.0,10.0,6.0,4.0,,,STATUS_FULL_TIME,True,Empower Field at Mile High,espn
539232,2019-06-20T23:00:00+00:00,2019-06-20,CONCACAF/Gold Cup,group-stage,Nicaragua,Haiti,0,2,A,11.0,9.0,3.0,4.0,,,STATUS_FULL_TIME,True,Toyota Stadium,espn
535888,2019-06-20T23:00:00+00:00,2019-06-20,CONMEBOL/Copa America,group-stage,Uruguay,Japan,2,2,D,29.0,12.0,10.0,3.0,,,STATUS_FULL_TIME,True,Grêmio Arena,espn
539231,2019-06-21T01:30:00+00:00,2019-06-21,CONCACAF/Gold Cup,group-stage,Costa Rica,Bermuda,2,1,H,20.0,13.0,8.0,4.0,,,STATUS_FULL_TIME,True,Toyota Stadium,espn
539315,2019-06-21T20:00:00+00:00,2019-06-21,CAF/Africa Cup of Nations,group-stage,Egypt,Zimbabwe,1,0,H,16.0,11.0,9.0,2.0,,,STATUS_FULL_TIME,True,Cairo International Stadium,espn
539230,2019-06-21T23:00:00+00:00,2019-06-21,CONCACAF/Gold Cup,group-stage,El Salvador,Jamaica,0,0,D,5.0,7.0,1.0,2.0,,,STATUS_FULL_TIME,True,Shell Energy Stadium,espn
535889,2019-06-21T23:00:00+00:00,2019-06-21,CONMEBOL/Copa America,group-stage,Ecuador,Chile,1,2,A,0.0,0.0,0.0,0.0,,,STATUS_FULL_TIME,True,Casa de Apostas Arena Fonte Nova,espn
539229,2019-06-22T01:30:00+00:00,2019-06-22,CONCACAF/Gold Cup,group-stage,Honduras,Curacao,0,1,A,35.0,7.0,13.0,4.0,,,STATUS_FULL_TIME,True,Shell Energy Stadium,espn
539314,2019-06-22T14:30:00+00:00,2019-06-22,CAF/Africa Cup of Nations,group-stage,Congo DR,Uganda,0,2,A,11.0,13.0,3.0,5.0,,,STATUS_FULL_TIME,True,Cairo International Stadium,espn
539313,2019-06-22T17:00:00+00:00,2019-06-22,CAF/Africa Cup of Nations,group-stage,Nigeria,Burundi,1,0,H,15.0,15.0,3.0,6.0,,,STATUS_FULL_TIME,True,Alexandria Stadium,espn
535887,2019-06-22T19:00:00+00:00,2019-06-22,CONMEBOL/Copa America,group-stage,Bolivia,Venezuela,1,3,A,0.0,0.0,0.0,0.0,,,STATUS_FULL_TIME,True,Estadio Mineirão,espn
535886,2019-06-22T19:00:00+00:00,2019-06-22,CONMEBOL/Copa America,group-stage,Peru,Brazil,0,5,A,8.0,19.0,2.0,9.0,,,STATUS_FULL_TIME,True,Neo Química Arena,espn
539312,2019-06-22T20:00:00+00:00,2019-06-22,CAF/Africa Cup of Nations,group-stage,Guinea,Madagascar,2,2,D,15.0,6.0,3.0,3.0,,,STATUS_FULL_TIME,True,Alexandria Stadium,espn
539228,2019-06-22T21:30:00+00:00,2019-06-22,CONCACAF/Gold Cup,group-stage,Guyana,Panama,2,4,A,5.0,19.0,3.0,8.0,,,STATUS_FULL_TIME,True,Huntington Bank Field,espn
539227,2019-06-23T00:00:00+00:00,2019-06-23,CONCACAF/Gold Cup,group-stage,United States,Trinidad and Tobago,6,0,H,27.0,9.0,12.0,3.0,,,STATUS_FULL_TIME,True,Huntington Bank Field,espn
539311,2019-06-23T14:30:00+00:00,2019-06-23,CAF/Africa Cup of Nations,group-stage,Morocco,Namibia,1,0,H,17.0,3.0,5.0,0.0,,,STATUS_FULL_TIME,True,Al Salam Stadium,espn
539310,2019-06-23T17:00:00+00:00,2019-06-23,CAF/Africa Cup of Nations,group-stage,Senegal,Tanzania,2,0,H,24.0,3.0,10.0,0.0,,,STATUS_FULL_TIME,True,30 June Air Defence Stadium,espn
535885,2019-06-23T19:00:00+00:00,2019-06-23,CONMEBOL/Copa America,group-stage,Colombia,Paraguay,1,0,H,0.0,0.0,0.0,0.0,,,STATUS_FULL_TIME,True,Casa de Apostas Arena Fonte Nova,espn
535884,2019-06-23T19:00:00+00:00,2019-06-23,CONMEBOL/Copa America,group-stage,Qatar,Argentina,0,2,A,0.0,0.0,0.0,0.0,,,STATUS_FULL_TIME,True,Grêmio Arena,espn
539309,2019-06-23T20:00:00+00:00,2019-06-23,CAF/Africa Cup of Nations,group-stage,Algeria,Kenya,2,0,H,12.0,4.0,4.0,0.0,,,STATUS_FULL_TIME,True,30 June Air Defence Stadium,espn
539226,2019-06-23T22:00:00+00:00,2019-06-23,CONCACAF/Gold Cup,group-stage,Canada,Cuba,7,0,H,25.0,10.0,14.0,2.0,,,STATUS_FULL_TIME,True,Bank of America Stadium,espn
539225,2019-06-24T00:30:00+00:00,2019-06-24,CONCACAF/Gold Cup,group-stage,Martinique,Mexico,2,3,A,8.0,25.0,3.0,10.0,,,STATUS_FULL_TIME,True,Bank of America Stadium,espn
539308,2019-06-24T14:30:00+00:00,2019-06-24,CAF/Africa Cup of Nations,group-stage,Ivory Coast,South Africa,1,0,H,9.0,2.0,3.0,0.0,,,STATUS_FULL_TIME,True,Al Salam Stadium,espn
539307,2019-06-24T17:00:00+00:00,2019-06-24,CAF/Africa Cup of Nations,group-stage,Tunisia,Angola,1,1,D,9.0,9.0,2.0,3.0,,,STATUS_FULL_TIME,True,New Suez Stadium,espn
539306,2019-06-24T20:00:00+00:00,2019-06-24,CAF/Africa Cup of Nations,group-stage,Mali,Mauritania,4,1,H,19.0,7.0,9.0,1.0,,,STATUS_FULL_TIME,True,New Suez Stadium,espn
539224,2019-06-24T22:30:00+00:00,2019-06-24,CONCACAF/Gold Cup,group-stage,Bermuda,Nicaragua,2,0,H,18.0,17.0,7.0,5.0,,,STATUS_FULL_TIME,True,Sports Illustrated Stadium,espn
535883,2019-06-24T23:00:00+00:00,2019-06-24,CONMEBOL/Copa America,group-stage,Chile,Uruguay,0,1,A,12.0,0.0,3.0,0.0,,,STATUS_FULL_TIME,True,Estadio do Maracana,espn
535882,2019-06-24T23:00:00+00:00,2019-06-24,CONMEBOL/Copa America,group-stage,Ecuador,Japan,1,1,D,0.0,0.0,0.0,0.0,,,STATUS_FULL_TIME,True,Estadio Mineirão,espn
539223,2019-06-25T01:00:00+00:00,2019-06-25,CONCACAF/Gold Cup,group-stage,Haiti,Costa Rica,2,1,H,10.0,13.0,6.0,3.0,,,STATUS_FULL_TIME,True,Sports Illustrated Stadium,espn
539305,2019-06-25T17:00:00+00:00,2019-06-25,CAF/Africa Cup of Nations,group-stage,Cameroon,Guinea-Bissau,2,0,H,16.0,11.0,5.0,1.0,,,STATUS_FULL_TIME,True,Ismailia Stadium,espn
539304,2019-06-25T20:00:00+00:00,2019-06-25,CAF/Africa Cup of Nations,group-stage,Ghana,Benin,2,2,D,7.0,14.0,3.0,4.0,,,STATUS_FULL_TIME,True,Ismailia Stadium,espn
539222,2019-06-26T00:00:00+00:00,2019-06-26,CONCACAF/Gold Cup,group-stage,Jamaica,Curacao,1,1,D,17.0,11.0,4.0,3.0,,,STATUS_FULL_TIME,True,BMO Stadium,espn
539221,2019-06-26T02:30:00+00:00,2019-06-26,CONCACAF/Gold Cup,group-stage,Honduras,El Salvador,4,0,H,14.0,8.0,6.0,2.0,,,STATUS_FULL_TIME,True,BMO Stadium,espn
539303,2019-06-26T14:30:00+00:00,2019-06-26,CAF/Africa Cup of Nations,group-stage,Nigeria,Guinea,1,0,H,10.0,8.0,4.0,3.0,,,STATUS_FULL_TIME,True,Alexandria Stadium,espn
539302,2019-06-26T17:00:00+00:00,2019-06-26,CAF/Africa Cup of Nations,group-stage,Uganda,Zimbabwe,1,1,D,8.0,13.0,2.0,2.0,,,STATUS_FULL_TIME,True,Cairo International Stadium,espn
539301,2019-06-26T20:00:00+00:00,2019-06-26,CAF/Africa Cup of Nations,group-stage,Egypt,Congo DR,2,0,H,9.0,19.0,3.0,3.0,,,STATUS_FULL_TIME,True,Cairo International Stadium,espn
539220,2019-06-26T22:30:00+00:00,2019-06-26,CONCACAF/Gold Cup,group-stage,Trinidad and Tobago,Guyana,1,1,D,14.0,7.0,4.0,1.0,,,STATUS_FULL_TIME,True,Children's Mercy Park,espn
539219,2019-06-27T01:00:00+00:00,2019-06-27,CONCACAF/Gold Cup,group-stage,Panama,United States,0,1,A,7.0,7.0,1.0,2.0,,,STATUS_FULL_TIME,True,Children's Mercy Park,espn
539300,2019-06-27T14:30:00+00:00,2019-06-27,CAF/Africa Cup of Nations,group-stage,Madagascar,Burundi,1,0,H,11.0,13.0,5.0,2.0,,,STATUS_FULL_TIME,True,Alexandria Stadium,espn
539299,2019-06-27T17:00:00+00:00,2019-06-27,CAF/Africa Cup of Nations,group-stage,Senegal,Algeria,0,1,A,12.0,8.0,2.0,2.0,,,STATUS_FULL_TIME,True,30 June Air Defence Stadium,espn
539298,2019-06-27T20:00:00+00:00,2019-06-27,CAF/Africa Cup of Nations,group-stage,Kenya,Tanzania,3,2,H,15.0,11.0,9.0,5.0,,,STATUS_FULL_TIME,True,30 June Air Defence Stadium,espn
547350,2019-06-28T00:30:00+00:00,2019-06-28,CONMEBOL/Copa America,quarterfinals,Brazil,Paraguay,0,0,H,26.0,5.0,8.0,1.0,4.0,3.0,STATUS_FINAL_PEN,True,Grêmio Arena,espn
539297,2019-06-28T14:30:00+00:00,2019-06-28,CAF/Africa Cup of Nations,group-stage,Tunisia,Mali,1,1,D,8.0,9.0,2.0,3.0,,,STATUS_FULL_TIME,True,New Suez Stadium,espn
539296,2019-06-28T17:00:00+00:00,2019-06-28,CAF/Africa Cup of Nations,group-stage,Morocco,Ivory Coast,1,0,H,14.0,10.0,3.0,3.0,,,STATUS_FULL_TIME,True,Al Salam Stadium,espn
547349,2019-06-28T19:00:00+00:00,2019-06-28,CONMEBOL/Copa America,quarterfinals,Venezuela,Argentina,0,2,A,0.0,0.0,0.0,0.0,,,STATUS_FULL_TIME,True,Estadio do Maracana,espn
539295,2019-06-28T20:00:00+00:00,2019-06-28,CAF/Africa Cup of Nations,group-stage,South Africa,Namibia,1,0,H,17.0,6.0,7.0,1.0,,,STATUS_FULL_TIME,True,Al Salam Stadium,espn
547348,2019-06-28T23:20:00+00:00,2019-06-28,CONMEBOL/Copa America,quarterfinals,Colombia,Chile,0,0,A,0.0,0.0,0.0,0.0,4.0,5.0,STATUS_FINAL_PEN,True,Neo Química Arena,espn
539294,2019-06-29T14:30:00+00:00,2019-06-29,CAF/Africa Cup of Nations,group-stage,Mauritania,Angola,0,0,D,7.0,5.0,0.0,1.0,,,STATUS_FULL_TIME,True,New Suez Stadium,espn
539293,2019-06-29T17:00:00+00:00,2019-06-29,CAF/Africa Cup of Nations,group-stage,Cameroon,Ghana,0,0,D,8.0,15.0,2.0,1.0,,,STATUS_FULL_TIME,True,Ismailia Stadium,espn
547347,2019-06-29T19:00:00+00:00,2019-06-29,CONMEBOL/Copa America,quarterfinals,Uruguay,Peru,0,0,A,12.0,3.0,3.0,0.0,4.0,5.0,STATUS_FINAL_PEN,True,Casa de Apostas Arena Fonte Nova,espn
539292,2019-06-29T20:00:00+00:00,2019-06-29,CAF/Africa Cup of Nations,group-stage,Benin,Guinea-Bissau,0,0,D,16.0,11.0,2.0,0.0,,,STATUS_FULL_TIME,True,Ismailia Stadium,espn
547960,2019-06-29T23:00:00+00:00,2019-06-29,CONCACAF/Gold Cup,quarterfinals,Haiti,Canada,3,2,H,16.0,13.0,5.0,5.0,,,STATUS_FULL_TIME,True,NRG Stadium,espn
547959,2019-06-30T02:00:00+00:00,2019-06-30,CONCACAF/Gold Cup,quarterfinals,Mexico,Costa Rica,1,1,H,22.0,15.0,5.0,5.0,5.0,4.0,STATUS_FINAL_PEN,True,NRG Stadium,espn
539290,2019-06-30T16:00:00+00:00,2019-06-30,CAF/Africa Cup of Nations,group-stage,Burundi,Guinea,0,2,A,9.0,15.0,3.0,4.0,,,STATUS_FULL_TIME,True,Al Salam Stadium,espn
539291,2019-06-30T16:00:00+00:00,2019-06-30,CAF/Africa Cup of Nations,group-stage,Madagascar,Nigeria,2,0,H,7.0,12.0,3.0,1.0,,,STATUS_FULL_TIME,True,Alexandria Stadium,espn
539289,2019-06-30T19:00:00+00:00,2019-06-30,CAF/Africa Cup of Nations,group-stage,Uganda,Egypt,0,2,A,17.0,7.0,5.0,4.0,,,STATUS_FULL_TIME,True,Cairo International Stadium,espn
539288,2019-06-30T19:00:00+00:00,2019-06-30,CAF/Africa Cup of Nations,group-stage,Zimbabwe,Congo DR,0,4,A,15.0,10.0,4.0,9.0,,,STATUS_FULL_TIME,True,30 June Air Defence Stadium,espn
547958,2019-06-30T21:30:00+00:00,2019-06-30,CONCACAF/Gold Cup,quarterfinals,Jamaica,Panama,1,0,H,7.0,7.0,4.0,2.0,,,STATUS_FULL_TIME,True,Lincoln Financial Field,espn
547957,2019-07-01T00:30:00+00:00,2019-07-01,CONCACAF/Gold Cup,quarterfinals,United States,Curacao,1,0,H,10.0,15.0,3.0,5.0,,,STATUS_FULL_TIME,True,Lincoln Financial Field,espn
539286,2019-07-01T16:00:00+00:00,2019-07-01,CAF/Africa Cup of Nations,group-stage,Namibia,Ivory Coast,1,4,A,11.0,16.0,4.0,8.0,,,STATUS_FULL_TIME,True,30 June Air Defence Stadium,espn
539287,2019-07-01T16:00:00+00:00,2019-07-01,CAF/Africa Cup of Nations,group-stage,South Africa,Morocco,0,1,A,2.0,11.0,0.0,3.0,,,STATUS_FULL_TIME,True,Al Salam Stadium,espn
539285,2019-07-01T19:00:00+00:00,2019-07-01,CAF/Africa Cup of Nations,group-stage,Kenya,Senegal,0,3,A,12.0,16.0,2.0,10.0,,,STATUS_FULL_TIME,True,30 June Air Defence Stadium,espn
539284,2019-07-01T19:00:00+00:00,2019-07-01,CAF/Africa Cup of Nations,group-stage,Tanzania,Algeria,0,3,A,9.0,18.0,1.0,6.0,,,STATUS_FULL_TIME,True,Al Salam Stadium,espn
539282,2019-07-02T16:00:00+00:00,2019-07-02,CAF/Africa Cup of Nations,group-stage,Benin,Cameroon,0,0,D,7.0,11.0,0.0,2.0,,,STATUS_FULL_TIME,True,Ismailia Stadium,espn
539283,2019-07-02T16:00:00+00:00,2019-07-02,CAF/Africa Cup of Nations,group-stage,Guinea-Bissau,Ghana,0,2,A,6.0,17.0,2.0,6.0,,,STATUS_FULL_TIME,True,New Suez Stadium,espn
539280,2019-07-02T19:00:00+00:00,2019-07-02,CAF/Africa Cup of Nations,group-stage,Angola,Mali,0,1,A,15.0,16.0,3.0,4.0,,,STATUS_FULL_TIME,True,Ismailia Stadium,espn
539281,2019-07-02T19:00:00+00:00,2019-07-02,CAF/Africa Cup of Nations,group-stage,Mauritania,Tunisia,0,0,D,11.0,12.0,3.0,3.0,,,STATUS_FULL_TIME,True,New Suez Stadium,espn
548054,2019-07-03T00:30:00+00:00,2019-07-03,CONMEBOL/Copa America,semifinals,Brazil,Argentina,2,0,H,0.0,0.0,0.0,0.0,,,STATUS_FULL_TIME,True,Estadio Mineirão,espn
529168,2019-07-03T02:30:00+00:00,2019-07-03,CONCACAF/Gold Cup,semifinals,Haiti,Mexico,0,1,A,11.0,27.0,1.0,5.0,,,STATUS_FINAL_AET,True,State Farm Stadium,espn
548672,2019-07-04T00:30:00+00:00,2019-07-04,CONMEBOL/Copa America,semifinals,Chile,Peru,0,3,A,19.0,9.0,7.0,3.0,,,STATUS_FULL_TIME,True,Grêmio Arena,espn
529167,2019-07-04T01:30:00+00:00,2019-07-04,CONCACAF/Gold Cup,semifinals,Jamaica,United States,1,3,A,16.0,16.0,4.0,9.0,,,STATUS_FULL_TIME,True,"Nissan Stadium, Nashville",espn
539331,2019-07-05T16:00:00+00:00,2019-07-05,CAF/Africa Cup of Nations,round-of-16,Morocco,Benin,1,1,A,22.0,7.0,7.0,4.0,1.0,4.0,STATUS_FINAL_PEN,True,Al Salam Stadium,espn
539330,2019-07-05T19:00:00+00:00,2019-07-05,CAF/Africa Cup of Nations,round-of-16,Uganda,Senegal,0,1,A,0.0,0.0,0.0,0.0,,,STATUS_FULL_TIME,True,Cairo International Stadium,espn
539329,2019-07-06T16:00:00+00:00,2019-07-06,CAF/Africa Cup of Nations,round-of-16,Nigeria,Cameroon,3,2,H,16.0,12.0,4.0,3.0,,,STATUS_FULL_TIME,True,Alexandria Stadium,espn
539328,2019-07-06T19:00:00+00:00,2019-07-06,CAF/Africa Cup of Nations,round-of-16,Egypt,South Africa,0,1,A,15.0,14.0,3.0,6.0,,,STATUS_FULL_TIME,True,Cairo International Stadium,espn
549436,2019-07-06T19:00:00+00:00,2019-07-06,CONMEBOL/Copa America,3rd-place,Argentina,Chile,2,1,H,0.0,4.0,0.0,3.0,,,STATUS_FULL_TIME,True,Neo Química Arena,espn
539327,2019-07-07T16:00:00+00:00,2019-07-07,CAF/Africa Cup of Nations,round-of-16,Madagascar,Congo DR,2,2,H,16.0,17.0,5.0,8.0,4.0,2.0,STATUS_FINAL_PEN,True,Alexandria Stadium,espn
539326,2019-07-07T19:00:00+00:00,2019-07-07,CAF/Africa Cup of Nations,round-of-16,Algeria,Guinea,3,0,H,9.0,13.0,5.0,1.0,,,STATUS_FULL_TIME,True,30 June Air Defence Stadium,espn
549435,2019-07-07T20:00:00+00:00,2019-07-07,CONMEBOL/Copa America,final,Brazil,Peru,3,1,H,12.0,7.0,3.0,2.0,,,STATUS_FULL_TIME,True,Estadio do Maracana,espn
529165,2019-07-08T01:00:00+00:00,2019-07-08,CONCACAF/Gold Cup,final,Mexico,United States,1,0,H,20.0,11.0,5.0,3.0,,,STATUS_FULL_TIME,True,Soldier Field,espn
539325,2019-07-08T16:00:00+00:00,2019-07-08,CAF/Africa Cup of Nations,round-of-16,Mali,Ivory Coast,0,1,A,17.0,7.0,4.0,2.0,,,STATUS_FULL_TIME,True,New Suez Stadium,espn
539324,2019-07-08T19:00:00+00:00,2019-07-08,CAF/Africa Cup of Nations,round-of-16,Ghana,Tunisia,1,1,A,23.0,12.0,6.0,4.0,4.0,5.0,STATUS_FINAL_PEN,True,Ismailia Stadium,espn
539323,2019-07-10T16:00:00+00:00,2019-07-10,CAF/Africa Cup of Nations,quarterfinals,Senegal,Benin,1,0,H,14.0,9.0,4.0,3.0,,,STATUS_FULL_TIME,True,30 June Air Defence Stadium,espn
539322,2019-07-10T19:00:00+00:00,2019-07-10,CAF/Africa Cup of Nations,quarterfinals,Nigeria,South Africa,2,1,H,11.0,5.0,4.0,2.0,,,STATUS_FULL_TIME,True,Cairo International Stadium,espn
539321,2019-07-11T16:00:00+00:00,2019-07-11,CAF/Africa Cup of Nations,quarterfinals,Ivory Coast,Algeria,1,1,A,15.0,21.0,8.0,6.0,3.0,4.0,STATUS_FINAL_PEN,True,New Suez Stadium,espn
539320,2019-07-11T19:00:00+00:00,2019-07-11,CAF/Africa Cup of Nations,quarterfinals,Madagascar,Tunisia,0,3,A,6.0,18.0,2.0,8.0,,,STATUS_FULL_TIME,True,Al Salam Stadium,espn
539319,2019-07-14T16:00:00+00:00,2019-07-14,CAF/Africa Cup of Nations,semifinals,Senegal,Tunisia,1,0,H,12.0,14.0,1.0,2.0,,,STATUS_FINAL_AET,True,30 June Air Defence Stadium,espn
539318,2019-07-14T19:00:00+00:00,2019-07-14,CAF/Africa Cup of Nations,semifinals,Algeria,Nigeria,2,1,H,8.0,11.0,2.0,4.0,,,STATUS_FULL_TIME,True,Cairo International Stadium,espn
539317,2019-07-17T19:00:00+00:00,2019-07-17,CAF/Africa Cup of Nations,third-place-match,Tunisia,Nigeria,0,1,A,11.0,10.0,1.0,4.0,,,STATUS_FULL_TIME,True,Al Salam Stadium,espn
539316,2019-07-19T19:00:00+00:00,2019-07-19,CAF/Africa Cup of Nations,final,Senegal,Algeria,0,1,A,12.0,1.0,3.0,1.0,,,STATUS_FULL_TIME,True,Cairo International Stadium,espn
560344,2021-06-11T19:00:00+00:00,2021-06-11,UEFA/European Championship,group-stage,Türkiye,Italy,0,3,A,3.0,24.0,0.0,8.0,,,STATUS_FULL_TIME,True,Stadio Olimpico,espn
560343,2021-06-12T13:00:00+00:00,2021-06-12,UEFA/European Championship,group-stage,Wales,Switzerland,1,1,D,9.0,18.0,2.0,4.0,,,STATUS_FULL_TIME,True,Baku Olympic Stadium,espn
560341,2021-06-12T16:00:00+00:00,2021-06-12,UEFA/European Championship,group-stage,Denmark,Finland,0,1,A,22.0,1.0,6.0,1.0,,,STATUS_FULL_TIME,True,Parken,espn
560342,2021-06-12T19:00:00+00:00,2021-06-12,UEFA/European Championship,group-stage,Belgium,Russia,3,0,H,9.0,5.0,4.0,1.0,,,STATUS_FULL_TIME,True,Gazprom Arena,espn
560338,2021-06-13T13:00:00+00:00,2021-06-13,UEFA/European Championship,group-stage,England,Croatia,1,0,H,8.0,8.0,2.0,1.0,,,STATUS_FULL_TIME,True,Wembley Stadium,espn
560340,2021-06-13T16:00:00+00:00,2021-06-13,UEFA/European Championship,group-stage,Austria,North Macedonia,3,1,H,11.0,7.0,7.0,2.0,,,STATUS_FULL_TIME,True,National Arena,espn
560339,2021-06-13T19:00:00+00:00,2021-06-13,UEFA/European Championship,group-stage,Netherlands,Ukraine,3,2,H,15.0,8.0,7.0,5.0,,,STATUS_FULL_TIME,True,Johan Cruijff Arena,espn
560522,2021-06-13T21:00:00+00:00,2021-06-13,CONMEBOL/Copa America,group-stage,Brazil,Venezuela,3,0,H,18.0,3.0,7.0,1.0,,,STATUS_FULL_TIME,True,Arena BRB Mané Garrincha,espn
560524,2021-06-14T00:00:00+00:00,2021-06-14,CONMEBOL/Copa America,group-stage,Colombia,Ecuador,1,0,H,5.0,8.0,2.0,2.0,,,STATUS_FULL_TIME,True,Arena Pantanal,espn
560335,2021-06-14T13:00:00+00:00,2021-06-14,UEFA/European Championship,group-stage,Scotland,Czechia,0,2,A,19.0,10.0,5.0,7.0,,,STATUS_FULL_TIME,True,Hampden Park,espn
560337,2021-06-14T16:00:00+00:00,2021-06-14,UEFA/European Championship,group-stage,Poland,Slovakia,1,2,A,17.0,11.0,3.0,2.0,,,STATUS_FULL_TIME,True,Gazprom Arena,espn
560336,2021-06-14T19:00:00+00:00,2021-06-14,UEFA/European Championship,group-stage,Spain,Sweden,0,0,D,17.0,4.0,5.0,0.0,,,STATUS_FULL_TIME,True,Estadio La Cartuja,espn
560526,2021-06-14T21:00:00+00:00,2021-06-14,CONMEBOL/Copa America,group-stage,Argentina,Chile,1,1,D,18.0,5.0,5.0,4.0,,,STATUS_FULL_TIME,True,Estádio Olímpico Nilton Santos,espn
560523,2021-06-15T00:00:00+00:00,2021-06-15,CONMEBOL/Copa America,group-stage,Paraguay,Bolivia,3,1,H,34.0,4.0,11.0,2.0,,,STATUS_FULL_TIME,True,Olimpico Pedro Ludovico,espn
560334,2021-06-15T16:00:00+00:00,2021-06-15,UEFA/European Championship,group-stage,Hungary,Portugal,0,3,A,5.0,11.0,3.0,7.0,,,STATUS_FULL_TIME,True,Puskás Aréna,espn
560333,2021-06-15T19:00:00+00:00,2021-06-15,UEFA/European Championship,group-stage,France,Germany,1,0,H,4.0,10.0,1.0,1.0,,,STATUS_FULL_TIME,True,Allianz Arena,espn
560330,2021-06-16T13:00:00+00:00,2021-06-16,UEFA/European Championship,group-stage,Finland,Russia,0,1,A,11.0,14.0,1.0,3.0,,,STATUS_FULL_TIME,True,Gazprom Arena,espn
560332,2021-06-16T16:00:00+00:00,2021-06-16,UEFA/European Championship,group-stage,Türkiye,Wales,0,2,A,17.0,16.0,5.0,7.0,,,STATUS_FULL_TIME,True,Baku Olympic Stadium,espn
560331,2021-06-16T19:00:00+00:00,2021-06-16,UEFA/European Championship,group-stage,Italy,Switzerland,3,0,H,13.0,6.0,3.0,1.0,,,STATUS_FULL_TIME,True,Stadio Olimpico,espn
560329,2021-06-17T13:00:00+00:00,2021-06-17,UEFA/European Championship,group-stage,Ukraine,North Macedonia,2,1,H,17.0,13.0,8.0,5.0,,,STATUS_FULL_TIME,True,National Arena,espn
560328,2021-06-17T16:00:00+00:00,2021-06-17,UEFA/European Championship,group-stage,Denmark,Belgium,1,2,A,22.0,6.0,6.0,4.0,,,STATUS_FULL_TIME,True,Parken,espn
560327,2021-06-17T19:00:00+00:00,2021-06-17,UEFA/European Championship,group-stage,Netherlands,Austria,2,0,H,14.0,8.0,3.0,1.0,,,STATUS_FULL_TIME,True,Johan Cruijff Arena,espn
560518,2021-06-17T21:00:00+00:00,2021-06-17,CONMEBOL/Copa America,group-stage,Colombia,Venezuela,0,0,D,23.0,2.0,8.0,0.0,,,STATUS_FULL_TIME,True,Olimpico Pedro Ludovico,espn
560515,2021-06-18T00:00:00+00:00,2021-06-18,CONMEBOL/Copa America,group-stage,Brazil,Peru,4,0,H,17.0,7.0,9.0,2.0,,,STATUS_FULL_TIME,True,Estádio Olímpico Nilton Santos,espn
560325,2021-06-18T13:00:00+00:00,2021-06-18,UEFA/European Championship,group-stage,Sweden,Slovakia,1,0,H,13.0,10.0,4.0,0.0,,,STATUS_FULL_TIME,True,Gazprom Arena,espn
560324,2021-06-18T16:00:00+00:00,2021-06-18,UEFA/European Championship,group-stage,Croatia,Czechia,1,1,D,11.0,11.0,2.0,1.0,,,STATUS_FULL_TIME,True,Hampden Park,espn
560326,2021-06-18T19:00:00+00:00,2021-06-18,UEFA/European Championship,group-stage,England,Scotland,0,0,D,9.0,11.0,1.0,1.0,,,STATUS_FULL_TIME,True,Wembley Stadium,espn
560519,2021-06-18T21:00:00+00:00,2021-06-18,CONMEBOL/Copa America,group-stage,Chile,Bolivia,1,0,H,18.0,10.0,11.0,3.0,,,STATUS_FULL_TIME,True,Arena Pantanal,espn
560520,2021-06-19T00:00:00+00:00,2021-06-19,CONMEBOL/Copa America,group-stage,Argentina,Uruguay,1,0,H,9.0,4.0,6.0,0.0,,,STATUS_FULL_TIME,True,Arena BRB Mané Garrincha,espn
560321,2021-06-19T13:00:00+00:00,2021-06-19,UEFA/European Championship,group-stage,Hungary,France,1,1,D,5.0,16.0,3.0,4.0,,,STATUS_FULL_TIME,True,Puskás Aréna,espn
560322,2021-06-19T16:00:00+00:00,2021-06-19,UEFA/European Championship,group-stage,Portugal,Germany,2,4,A,8.0,13.0,2.0,7.0,,,STATUS_FULL_TIME,True,Allianz Arena,espn
560323,2021-06-19T19:00:00+00:00,2021-06-19,UEFA/European Championship,group-stage,Spain,Poland,1,1,D,11.0,5.0,5.0,2.0,,,STATUS_FULL_TIME,True,Estadio La Cartuja,espn
560320,2021-06-20T16:00:00+00:00,2021-06-20,UEFA/European Championship,group-stage,Italy,Wales,1,0,H,23.0,3.0,6.0,1.0,,,STATUS_FULL_TIME,True,Stadio Olimpico,espn
560319,2021-06-20T16:00:00+00:00,2021-06-20,UEFA/European Championship,group-stage,Switzerland,Türkiye,3,1,H,23.0,19.0,10.0,6.0,,,STATUS_FULL_TIME,True,Baku Olympic Stadium,espn
560511,2021-06-20T21:00:00+00:00,2021-06-20,CONMEBOL/Copa America,group-stage,Venezuela,Ecuador,2,2,D,9.0,19.0,3.0,7.0,,,STATUS_FULL_TIME,True,Estádio Olímpico Nilton Santos,espn
560513,2021-06-21T00:00:00+00:00,2021-06-21,CONMEBOL/Copa America,group-stage,Colombia,Peru,1,2,A,12.0,11.0,4.0,3.0,,,STATUS_FULL_TIME,True,Olimpico Pedro Ludovico,espn
560318,2021-06-21T16:00:00+00:00,2021-06-21,UEFA/European Championship,group-stage,North Macedonia,Netherlands,0,3,A,12.0,17.0,1.0,7.0,,,STATUS_FULL_TIME,True,Johan Cruijff Arena,espn
560315,2021-06-21T16:00:00+00:00,2021-06-21,UEFA/European Championship,group-stage,Ukraine,Austria,0,1,A,5.0,18.0,1.0,4.0,,,STATUS_FULL_TIME,True,National Arena,espn
560316,2021-06-21T19:00:00+00:00,2021-06-21,UEFA/European Championship,group-stage,Finland,Belgium,0,2,A,7.0,17.0,1.0,7.0,,,STATUS_FULL_TIME,True,Gazprom Arena,espn
560317,2021-06-21T19:00:00+00:00,2021-06-21,UEFA/European Championship,group-stage,Russia,Denmark,1,4,A,6.0,16.0,2.0,10.0,,,STATUS_FULL_TIME,True,Parken,espn
560512,2021-06-21T21:00:00+00:00,2021-06-21,CONMEBOL/Copa America,group-stage,Uruguay,Chile,1,1,D,17.0,7.0,5.0,1.0,,,STATUS_FULL_TIME,True,Arena Pantanal,espn
560514,2021-06-22T00:00:00+00:00,2021-06-22,CONMEBOL/Copa America,group-stage,Argentina,Paraguay,1,0,H,9.0,10.0,4.0,2.0,,,STATUS_FULL_TIME,True,Arena BRB Mané Garrincha,espn
560314,2021-06-22T19:00:00+00:00,2021-06-22,UEFA/European Championship,group-stage,Croatia,Scotland,3,1,H,11.0,12.0,7.0,4.0,,,STATUS_FULL_TIME,True,Hampden Park,espn
560313,2021-06-22T19:00:00+00:00,2021-06-22,UEFA/European Championship,group-stage,Czechia,England,0,1,A,7.0,5.0,1.0,2.0,,,STATUS_FULL_TIME,True,Wembley Stadium,espn
560311,2021-06-23T16:00:00+00:00,2021-06-23,UEFA/European Championship,group-stage,Slovakia,Spain,0,5,A,3.0,17.0,0.0,9.0,,,STATUS_FULL_TIME,True,Estadio La Cartuja,espn
560310,2021-06-23T16:00:00+00:00,2021-06-23,UEFA/European Championship,group-stage,Sweden,Poland,3,2,H,12.0,19.0,4.0,6.0,,,STATUS_FULL_TIME,True,Gazprom Arena,espn
560312,2021-06-23T19:00:00+00:00,2021-06-23,UEFA/European Championship,group-stage,Germany,Hungary,2,2,D,16.0,8.0,6.0,4.0,,,STATUS_FULL_TIME,True,Allianz Arena,espn
560309,2021-06-23T19:00:00+00:00,2021-06-23,UEFA/European Championship,group-stage,Portugal,France,2,2,D,10.0,11.0,5.0,5.0,,,STATUS_FULL_TIME,True,Puskás Aréna,espn
560505,2021-06-23T21:00:00+00:00,2021-06-23,CONMEBOL/Copa America,group-stage,Ecuador,Peru,2,2,D,16.0,7.0,6.0,4.0,,,STATUS_FULL_TIME,True,Olimpico Pedro Ludovico,espn
560504,2021-06-24T00:00:00+00:00,2021-06-24,CONMEBOL/Copa America,group-stage,Brazil,Colombia,2,1,H,15.0,3.0,4.0,2.0,,,STATUS_FULL_TIME,True,Estádio Olímpico Nilton Santos,espn
560507,2021-06-24T21:00:00+00:00,2021-06-24,CONMEBOL/Copa America,group-stage,Bolivia,Uruguay,0,2,A,4.0,22.0,3.0,7.0,,,STATUS_FULL_TIME,True,Arena Pantanal,espn
560508,2021-06-25T00:00:00+00:00,2021-06-25,CONMEBOL/Copa America,group-stage,Chile,Paraguay,0,2,A,5.0,7.0,1.0,3.0,,,STATUS_FULL_TIME,True,Arena BRB Mané Garrincha,espn
560307,2021-06-26T16:00:00+00:00,2021-06-26,UEFA/European Championship,round-of-16,Wales,Denmark,0,4,A,11.0,16.0,1.0,8.0,,,STATUS_FULL_TIME,True,Johan Cruijff Arena,espn
560308,2021-06-26T19:00:00+00:00,2021-06-26,UEFA/European Championship,round-of-16,Italy,Austria,2,1,H,26.0,16.0,6.0,3.0,,,STATUS_FINAL_AET,True,Wembley Stadium,espn
560306,2021-06-27T16:00:00+00:00,2021-06-27,UEFA/European Championship,round-of-16,Netherlands,Czechia,0,2,A,7.0,13.0,0.0,5.0,,,STATUS_FULL_TIME,True,Puskás Aréna,espn
560305,2021-06-27T19:00:00+00:00,2021-06-27,UEFA/European Championship,round-of-16,Belgium,Portugal,1,0,H,6.0,24.0,1.0,5.0,,,STATUS_FULL_TIME,True,Estadio La Cartuja,espn
560497,2021-06-27T21:00:00+00:00,2021-06-27,CONMEBOL/Copa America,group-stage,Brazil,Ecuador,1,1,D,6.0,8.0,3.0,3.0,,,STATUS_FULL_TIME,True,Olimpico Pedro Ludovico,espn
560498,2021-06-27T21:00:00+00:00,2021-06-27,CONMEBOL/Copa America,group-stage,Venezuela,Peru,0,1,A,10.0,12.0,3.0,4.0,,,STATUS_FULL_TIME,True,Arena BRB Mané Garrincha,espn
560304,2021-06-28T16:00:00+00:00,2021-06-28,UEFA/European Championship,round-of-16,Croatia,Spain,3,5,A,12.0,23.0,6.0,10.0,,,STATUS_FINAL_AET,True,Parken,espn
560303,2021-06-28T19:00:00+00:00,2021-06-28,UEFA/European Championship,round-of-16,France,Switzerland,3,3,A,26.0,13.0,8.0,5.0,4.0,5.0,STATUS_FINAL_PEN,True,National Arena,espn
560500,2021-06-29T00:00:00+00:00,2021-06-29,CONMEBOL/Copa America,group-stage,Bolivia,Argentina,1,4,A,5.0,18.0,2.0,13.0,,,STATUS_FULL_TIME,True,Arena Pantanal,espn
560502,2021-06-29T00:00:00+00:00,2021-06-29,CONMEBOL/Copa America,group-stage,Uruguay,Paraguay,1,0,H,18.0,4.0,6.0,0.0,,,STATUS_FULL_TIME,True,Estádio Olímpico Nilton Santos,espn
560302,2021-06-29T16:00:00+00:00,2021-06-29,UEFA/European Championship,round-of-16,England,Germany,2,0,H,5.0,9.0,4.0,3.0,,,STATUS_FULL_TIME,True,Wembley Stadium,espn
560301,2021-06-29T19:00:00+00:00,2021-06-29,UEFA/European Championship,round-of-16,Sweden,Ukraine,1,2,A,13.0,15.0,3.0,4.0,,,STATUS_FINAL_AET,True,Hampden Park,espn
560300,2021-07-02T16:00:00+00:00,2021-07-02,UEFA/European Championship,quarterfinals,Switzerland,Spain,1,1,D,9.0,27.0,2.0,10.0,1.0,3.0,STATUS_FINAL_PEN,True,Gazprom Arena,espn
560299,2021-07-02T19:00:00+00:00,2021-07-02,UEFA/European Championship,quarterfinals,Belgium,Italy,1,2,A,10.0,14.0,3.0,3.0,,,STATUS_FULL_TIME,True,Allianz Arena,espn
603189,2021-07-02T21:00:00+00:00,2021-07-02,CONMEBOL/Copa America,quarterfinals,Peru,Paraguay,3,3,H,12.0,14.0,6.0,8.0,4.0,3.0,STATUS_FINAL_PEN,True,Olimpico Pedro Ludovico,espn
603188,2021-07-03T00:00:00+00:00,2021-07-03,CONMEBOL/Copa America,quarterfinals,Brazil,Chile,1,0,H,10.0,11.0,5.0,5.0,,,STATUS_FULL_TIME,True,Estádio Olímpico Nilton Santos,espn
560298,2021-07-03T16:00:00+00:00,2021-07-03,UEFA/European Championship,quarterfinals,Czechia,Denmark,1,2,A,17.0,13.0,5.0,7.0,,,STATUS_FULL_TIME,True,Baku Olympic Stadium,espn
560297,2021-07-03T19:00:00+00:00,2021-07-03,UEFA/European Championship,quarterfinals,Ukraine,England,0,4,A,7.0,10.0,2.0,6.0,,,STATUS_FULL_TIME,True,Stadio Olimpico,espn
603187,2021-07-03T22:00:00+00:00,2021-07-03,CONMEBOL/Copa America,quarterfinals,Uruguay,Colombia,0,0,A,7.0,9.0,3.0,3.0,2.0,4.0,STATUS_FINAL_PEN,True,Arena BRB Mané Garrincha,espn
603186,2021-07-04T01:00:00+00:00,2021-07-04,CONMEBOL/Copa America,quarterfinals,Argentina,Ecuador,3,0,H,21.0,10.0,8.0,2.0,,,STATUS_FULL_TIME,True,Olimpico Pedro Ludovico,espn
603185,2021-07-05T23:00:00+00:00,2021-07-05,CONMEBOL/Copa America,semifinals,Brazil,Peru,1,0,H,15.0,7.0,8.0,2.0,,,STATUS_FULL_TIME,True,Estádio Olímpico Nilton Santos,espn
560296,2021-07-06T19:00:00+00:00,2021-07-06,UEFA/European Championship,semifinals,Italy,Spain,1,1,H,7.0,16.0,4.0,4.0,4.0,2.0,STATUS_FINAL_PEN,True,Wembley Stadium,espn
603184,2021-07-07T01:00:00+00:00,2021-07-07,CONMEBOL/Copa America,semifinals,Argentina,Colombia,1,1,H,13.0,14.0,4.0,4.0,3.0,2.0,STATUS_FINAL_PEN,True,Arena BRB Mané Garrincha,espn
560295,2021-07-07T19:00:00+00:00,2021-07-07,UEFA/European Championship,semifinals,England,Denmark,2,1,H,21.0,6.0,10.0,3.0,,,STATUS_FINAL_AET,True,Wembley Stadium,espn
603183,2021-07-10T00:00:00+00:00,2021-07-10,CONMEBOL/Copa America,3rd-place,Colombia,Peru,3,2,H,12.0,10.0,6.0,3.0,,,STATUS_FULL_TIME,True,Arena BRB Mané Garrincha,espn
603182,2021-07-11T00:00:00+00:00,2021-07-11,CONMEBOL/Copa America,final,Argentina,Brazil,1,0,H,6.0,13.0,2.0,2.0,,,STATUS_FULL_TIME,True,Estadio do Maracana,espn
602720,2021-07-11T02:30:00+00:00,2021-07-11,CONCACAF/Gold Cup,group-stage,Mexico,Trinidad and Tobago,0,0,D,30.0,4.0,7.0,0.0,,,STATUS_FULL_TIME,True,AT&T Stadium,espn
560294,2021-07-11T19:00:00+00:00,2021-07-11,UEFA/European Championship,final,Italy,England,1,1,H,20.0,6.0,6.0,1.0,3.0,2.0,STATUS_FINAL_PEN,True,Wembley Stadium,espn
602719,2021-07-11T22:30:00+00:00,2021-07-11,CONCACAF/Gold Cup,group-stage,Canada,Martinique,4,1,H,14.0,5.0,5.0,2.0,,,STATUS_FULL_TIME,True,Children's Mercy Park,espn
602718,2021-07-12T00:30:00+00:00,2021-07-12,CONCACAF/Gold Cup,group-stage,United States,Haiti,1,0,H,13.0,10.0,5.0,3.0,,,STATUS_FULL_TIME,True,Children's Mercy Park,espn
602721,2021-07-12T02:30:00+00:00,2021-07-12,CONCACAF/Gold Cup,group-stage,El Salvador,Guatemala,2,0,H,21.0,4.0,6.0,1.0,,,STATUS_FULL_TIME,True,Toyota Stadium,espn
602717,2021-07-12T22:30:00+00:00,2021-07-12,CONCACAF/Gold Cup,group-stage,Jamaica,Suriname,2,0,H,7.0,10.0,6.0,3.0,,,STATUS_FULL_TIME,True,Inter&Co Stadium,espn
602716,2021-07-13T01:00:00+00:00,2021-07-13,CONCACAF/Gold Cup,group-stage,Costa Rica,Guadeloupe,3,1,H,10.0,8.0,5.0,3.0,,,STATUS_FULL_TIME,True,Inter&Co Stadium,espn
602715,2021-07-13T23:00:00+00:00,2021-07-13,CONCACAF/Gold Cup,group-stage,Qatar,Panama,3,3,D,15.0,11.0,6.0,6.0,,,STATUS_FULL_TIME,True,Shell Energy Stadium,espn
602714,2021-07-14T03:10:00+00:00,2021-07-14,CONCACAF/Gold Cup,group-stage,Honduras,Grenada,4,0,H,11.0,10.0,4.0,3.0,,,STATUS_FULL_TIME,True,Shell Energy Stadium,espn
602713,2021-07-14T23:30:00+00:00,2021-07-14,CONCACAF/Gold Cup,group-stage,Trinidad and Tobago,El Salvador,0,2,A,9.0,19.0,2.0,8.0,,,STATUS_FULL_TIME,True,Toyota Stadium,espn
602712,2021-07-15T02:30:00+00:00,2021-07-15,CONCACAF/Gold Cup,group-stage,Guatemala,Mexico,0,3,A,4.0,17.0,1.0,8.0,,,STATUS_FULL_TIME,True,Cotton Bowl,espn
602711,2021-07-15T23:30:00+00:00,2021-07-15,CONCACAF/Gold Cup,group-stage,Haiti,Canada,1,4,A,10.0,12.0,4.0,4.0,,,STATUS_FULL_TIME,True,Children's Mercy Park,espn
602710,2021-07-16T02:00:00+00:00,2021-07-16,CONCACAF/Gold Cup,group-stage,Martinique,United States,1,6,A,13.0,22.0,5.0,12.0,,,STATUS_FULL_TIME,True,Children's Mercy Park,espn
602709,2021-07-16T22:30:00+00:00,2021-07-16,CONCACAF/Gold Cup,group-stage,Guadeloupe,Jamaica,1,2,A,6.0,17.0,3.0,7.0,,,STATUS_FULL_TIME,True,Inter&Co Stadium,espn
602708,2021-07-17T00:30:00+00:00,2021-07-17,CONCACAF/Gold Cup,group-stage,Suriname,Costa Rica,1,2,A,15.0,11.0,2.0,3.0,,,STATUS_FULL_TIME,True,Inter&Co Stadium,espn
602707,2021-07-17T23:30:00+00:00,2021-07-17,CONCACAF/Gold Cup,group-stage,Grenada,Qatar,0,4,A,5.0,21.0,2.0,9.0,,,STATUS_FULL_TIME,True,Shell Energy Stadium,espn
602706,2021-07-18T01:30:00+00:00,2021-07-18,CONCACAF/Gold Cup,group-stage,Panama,Honduras,2,3,A,18.0,12.0,6.0,9.0,,,STATUS_FULL_TIME,True,Shell Energy Stadium,espn
602705,2021-07-18T21:00:00+00:00,2021-07-18,CONCACAF/Gold Cup,group-stage,Martinique,Haiti,1,2,A,13.0,17.0,5.0,8.0,,,STATUS_FULL_TIME,True,Toyota Stadium,espn
602704,2021-07-18T21:00:00+00:00,2021-07-18,CONCACAF/Gold Cup,group-stage,United States,Canada,1,0,H,6.0,14.0,1.0,3.0,,,STATUS_FULL_TIME,True,Children's Mercy Park,espn
602703,2021-07-19T02:00:00+00:00,2021-07-19,CONCACAF/Gold Cup,group-stage,Guatemala,Trinidad and Tobago,1,1,D,16.0,7.0,3.0,4.0,,,STATUS_FULL_TIME,True,Toyota Stadium,espn
602702,2021-07-19T02:00:00+00:00,2021-07-19,CONCACAF/Gold Cup,group-stage,Mexico,El Salvador,1,0,H,16.0,11.0,6.0,2.0,,,STATUS_FULL_TIME,True,Cotton Bowl,espn
602700,2021-07-20T23:00:00+00:00,2021-07-20,CONCACAF/Gold Cup,group-stage,Costa Rica,Jamaica,1,0,H,5.0,18.0,1.0,5.0,,,STATUS_FULL_TIME,True,Inter&Co Stadium,espn
602701,2021-07-20T23:00:00+00:00,2021-07-20,CONCACAF/Gold Cup,group-stage,Suriname,Guadeloupe,2,1,H,22.0,13.0,11.0,3.0,,,STATUS_FULL_TIME,True,Shell Energy Stadium,espn
602699,2021-07-21T01:00:00+00:00,2021-07-21,CONCACAF/Gold Cup,group-stage,Honduras,Qatar,0,2,A,8.0,19.0,0.0,6.0,,,STATUS_FULL_TIME,True,Shell Energy Stadium,espn
602698,2021-07-21T03:30:00+00:00,2021-07-21,CONCACAF/Gold Cup,group-stage,Panama,Grenada,3,1,H,15.0,6.0,7.0,3.0,,,STATUS_FULL_TIME,True,Inter&Co Stadium,espn
602697,2021-07-24T23:30:00+00:00,2021-07-24,CONCACAF/Gold Cup,quarterfinals,Qatar,El Salvador,3,2,H,11.0,15.0,5.0,5.0,,,STATUS_FULL_TIME,True,State Farm Stadium,espn
602696,2021-07-25T02:00:00+00:00,2021-07-25,CONCACAF/Gold Cup,quarterfinals,Mexico,Honduras,3,0,H,15.0,6.0,6.0,2.0,,,STATUS_FULL_TIME,True,State Farm Stadium,espn
602695,2021-07-25T23:00:00+00:00,2021-07-25,CONCACAF/Gold Cup,quarterfinals,Costa Rica,Canada,0,2,A,4.0,15.0,0.0,5.0,,,STATUS_FULL_TIME,True,AT&T Stadium,espn
602694,2021-07-26T01:30:00+00:00,2021-07-26,CONCACAF/Gold Cup,quarterfinals,United States,Jamaica,1,0,H,11.0,9.0,5.0,5.0,,,STATUS_FULL_TIME,True,AT&T Stadium,espn
602693,2021-07-29T23:30:00+00:00,2021-07-29,CONCACAF/Gold Cup,semifinals,Qatar,United States,0,1,A,18.0,6.0,2.0,4.0,,,STATUS_FULL_TIME,True,Q2 Stadium,espn
602692,2021-07-30T02:00:00+00:00,2021-07-30,CONCACAF/Gold Cup,semifinals,Mexico,Canada,2,1,H,14.0,9.0,7.0,3.0,,,STATUS_FULL_TIME,True,NRG Stadium,espn
602722,2021-08-02T01:00:00+00:00,2021-08-02,CONCACAF/Gold Cup,final,United States,Mexico,1,0,H,14.0,22.0,5.0,5.0,,,STATUS_FINAL_AET,True,Allegiant Stadium,espn
589987,2021-10-06T18:45:00+00:00,2021-10-06,UEFA/Nations League,semifinals,Italy,Spain,1,2,A,8.0,13.0,5.0,4.0,,,STATUS_FULL_TIME,True,Stadio Giuseppe Meazza,espn
589986,2021-10-07T18:45:00+00:00,2021-10-07,UEFA/Nations League,semifinals,Belgium,France,2,3,A,11.0,16.0,6.0,6.0,,,STATUS_FULL_TIME,True,Allianz Stadium,espn
589984,2021-10-10T13:00:00+00:00,2021-10-10,UEFA/Nations League,3rd-place-match,Italy,Belgium,2,1,H,12.0,13.0,5.0,4.0,,,STATUS_FULL_TIME,True,Allianz Stadium,espn
589985,2021-10-10T18:45:00+00:00,2021-10-10,UEFA/Nations League,final,Spain,France,1,2,A,12.0,12.0,4.0,5.0,,,STATUS_FULL_TIME,True,Stadio Giuseppe Meazza,espn
618267,2022-01-09T16:00:00+00:00,2022-01-09,CAF/Africa Cup of Nations,group-stage,Cameroon,Burkina Faso,2,1,H,14.0,11.0,4.0,6.0,,,STATUS_FULL_TIME,True,Olembe Stadium,espn
618266,2022-01-09T19:00:00+00:00,2022-01-09,CAF/Africa Cup of Nations,group-stage,Ethiopia,Cape Verde,0,1,A,7.0,11.0,1.0,3.0,,,STATUS_FULL_TIME,True,Olembe Stadium,espn
618232,2022-01-10T13:00:00+00:00,2022-01-10,CAF/Africa Cup of Nations,group-stage,Senegal,Zimbabwe,1,0,H,16.0,11.0,3.0,2.0,,,STATUS_FULL_TIME,True,Kouekong Stadium,espn
618265,2022-01-10T16:00:00+00:00,2022-01-10,CAF/Africa Cup of Nations,group-stage,Guinea,Malawi,1,0,H,13.0,10.0,4.0,6.0,,,STATUS_FULL_TIME,True,Kouekong Stadium,espn
618264,2022-01-10T16:00:00+00:00,2022-01-10,CAF/Africa Cup of Nations,group-stage,Morocco,Ghana,1,0,H,12.0,5.0,3.0,2.0,,,STATUS_FULL_TIME,True,Stade Omnisport Ahmadou Ahidjo,espn
618263,2022-01-10T19:00:00+00:00,2022-01-10,CAF/Africa Cup of Nations,group-stage,Comoros,Gabon,0,1,A,9.0,4.0,1.0,2.0,,,STATUS_FULL_TIME,True,Stade Omnisport Ahmadou Ahidjo,espn
618233,2022-01-11T13:00:00+00:00,2022-01-11,CAF/Africa Cup of Nations,group-stage,Algeria,Sierra Leone,0,0,D,19.0,10.0,8.0,1.0,,,STATUS_FULL_TIME,True,Stade Omnisport de Douala,espn
618262,2022-01-11T16:00:00+00:00,2022-01-11,CAF/Africa Cup of Nations,group-stage,Nigeria,Egypt,1,0,H,15.0,4.0,5.0,2.0,,,STATUS_FULL_TIME,True,Stade Omnisports Roumdé Adjia,espn
618261,2022-01-11T19:00:00+00:00,2022-01-11,CAF/Africa Cup of Nations,group-stage,Sudan,Guinea-Bissau,0,0,D,10.0,9.0,4.0,4.0,,,STATUS_FULL_TIME,True,Stade Omnisports Roumdé Adjia,espn
618234,2022-01-12T13:00:00+00:00,2022-01-12,CAF/Africa Cup of Nations,group-stage,Tunisia,Mali,0,1,A,8.0,10.0,3.0,1.0,,,STATUS_FULL_TIME,True,Stade Municipal de Limbe,espn
618260,2022-01-12T16:45:00+00:00,2022-01-12,CAF/Africa Cup of Nations,group-stage,Mauritania,Gambia,0,1,A,20.0,8.0,2.0,3.0,,,STATUS_FULL_TIME,True,Stade Municipal de Limbe,espn
618259,2022-01-12T19:00:00+00:00,2022-01-12,CAF/Africa Cup of Nations,group-stage,Equatorial Guinea,Ivory Coast,0,1,A,12.0,12.0,2.0,2.0,,,STATUS_FULL_TIME,True,Stade Omnisport de Douala,espn
618258,2022-01-13T16:00:00+00:00,2022-01-13,CAF/Africa Cup of Nations,group-stage,Cameroon,Ethiopia,4,1,H,17.0,12.0,7.0,5.0,,,STATUS_FULL_TIME,True,Olembe Stadium,espn
618257,2022-01-13T19:00:00+00:00,2022-01-13,CAF/Africa Cup of Nations,group-stage,Cape Verde,Burkina Faso,0,1,A,7.0,11.0,2.0,4.0,,,STATUS_FULL_TIME,True,Olembe Stadium,espn
618235,2022-01-14T13:00:00+00:00,2022-01-14,CAF/Africa Cup of Nations,group-stage,Senegal,Guinea,0,0,D,10.0,5.0,2.0,1.0,,,STATUS_FULL_TIME,True,Kouekong Stadium,espn
618256,2022-01-14T16:00:00+00:00,2022-01-14,CAF/Africa Cup of Nations,group-stage,Malawi,Zimbabwe,2,1,H,9.0,12.0,2.0,5.0,,,STATUS_FULL_TIME,True,Kouekong Stadium,espn
618255,2022-01-14T16:00:00+00:00,2022-01-14,CAF/Africa Cup of Nations,group-stage,Morocco,Comoros,2,0,H,19.0,7.0,9.0,0.0,,,STATUS_FULL_TIME,True,Stade Omnisport Ahmadou Ahidjo,espn
618254,2022-01-14T19:00:00+00:00,2022-01-14,CAF/Africa Cup of Nations,group-stage,Gabon,Ghana,1,1,D,14.0,6.0,3.0,1.0,,,STATUS_FULL_TIME,True,Stade Omnisport Ahmadou Ahidjo,espn
618253,2022-01-15T16:00:00+00:00,2022-01-15,CAF/Africa Cup of Nations,group-stage,Nigeria,Sudan,3,1,H,17.0,5.0,8.0,2.0,,,STATUS_FULL_TIME,True,Stade Omnisports Roumdé Adjia,espn
618252,2022-01-15T19:00:00+00:00,2022-01-15,CAF/Africa Cup of Nations,group-stage,Guinea-Bissau,Egypt,0,1,A,7.0,18.0,3.0,4.0,,,STATUS_FULL_TIME,True,Stade Omnisports Roumdé Adjia,espn
618236,2022-01-16T13:00:00+00:00,2022-01-16,CAF/Africa Cup of Nations,group-stage,Gambia,Mali,1,1,D,6.0,19.0,1.0,5.0,,,STATUS_FULL_TIME,True,Stade Municipal de Limbe,espn
618251,2022-01-16T16:00:00+00:00,2022-01-16,CAF/Africa Cup of Nations,group-stage,Ivory Coast,Sierra Leone,2,2,D,18.0,7.0,8.0,4.0,,,STATUS_FULL_TIME,True,Stade Omnisport de Douala,espn
618250,2022-01-16T16:00:00+00:00,2022-01-16,CAF/Africa Cup of Nations,group-stage,Tunisia,Mauritania,4,0,H,13.0,11.0,8.0,1.0,,,STATUS_FULL_TIME,True,Stade Municipal de Limbe,espn
618249,2022-01-16T19:00:00+00:00,2022-01-16,CAF/Africa Cup of Nations,group-stage,Algeria,Equatorial Guinea,0,1,A,13.0,8.0,3.0,4.0,,,STATUS_FULL_TIME,True,Stade Omnisport de Douala,espn
618248,2022-01-17T16:00:00+00:00,2022-01-17,CAF/Africa Cup of Nations,group-stage,Burkina Faso,Ethiopia,1,1,D,6.0,11.0,2.0,6.0,,,STATUS_FULL_TIME,True,Kouekong Stadium,espn
618247,2022-01-17T16:00:00+00:00,2022-01-17,CAF/Africa Cup of Nations,group-stage,Cape Verde,Cameroon,1,1,D,4.0,14.0,2.0,3.0,,,STATUS_FULL_TIME,True,Olembe Stadium,espn
618246,2022-01-18T16:00:00+00:00,2022-01-18,CAF/Africa Cup of Nations,group-stage,Malawi,Senegal,0,0,D,10.0,10.0,0.0,3.0,,,STATUS_FULL_TIME,True,Kouekong Stadium,espn
618245,2022-01-18T16:00:00+00:00,2022-01-18,CAF/Africa Cup of Nations,group-stage,Zimbabwe,Guinea,2,1,H,11.0,16.0,4.0,4.0,,,STATUS_FULL_TIME,True,Stade Omnisport Ahmadou Ahidjo,espn
618244,2022-01-18T19:00:00+00:00,2022-01-18,CAF/Africa Cup of Nations,group-stage,Gabon,Morocco,2,2,D,11.0,9.0,3.0,3.0,,,STATUS_FULL_TIME,True,Stade Omnisport Ahmadou Ahidjo,espn
618243,2022-01-18T19:00:00+00:00,2022-01-18,CAF/Africa Cup of Nations,group-stage,Ghana,Comoros,2,3,A,21.0,12.0,8.0,3.0,,,STATUS_FULL_TIME,True,Stade Omnisports Roumdé Adjia,espn
618242,2022-01-19T19:00:00+00:00,2022-01-19,CAF/Africa Cup of Nations,group-stage,Egypt,Sudan,1,0,H,12.0,8.0,4.0,1.0,,,STATUS_FULL_TIME,True,Stade Omnisport Ahmadou Ahidjo,espn
618241,2022-01-19T19:00:00+00:00,2022-01-19,CAF/Africa Cup of Nations,group-stage,Guinea-Bissau,Nigeria,0,2,A,10.0,16.0,2.0,4.0,,,STATUS_FULL_TIME,True,Stade Omnisports Roumdé Adjia,espn
618239,2022-01-20T16:00:00+00:00,2022-01-20,CAF/Africa Cup of Nations,group-stage,Ivory Coast,Algeria,3,1,H,12.0,14.0,7.0,4.0,,,STATUS_FULL_TIME,True,Stade Omnisport de Douala,espn
618240,2022-01-20T16:00:00+00:00,2022-01-20,CAF/Africa Cup of Nations,group-stage,Sierra Leone,Equatorial Guinea,0,1,A,7.0,17.0,3.0,6.0,,,STATUS_FULL_TIME,True,Stade Municipal de Limbe,espn
618238,2022-01-20T19:00:00+00:00,2022-01-20,CAF/Africa Cup of Nations,group-stage,Gambia,Tunisia,1,0,H,10.0,19.0,3.0,3.0,,,STATUS_FULL_TIME,True,Stade Municipal de Limbe,espn
618237,2022-01-20T19:00:00+00:00,2022-01-20,CAF/Africa Cup of Nations,group-stage,Mali,Mauritania,2,0,H,18.0,7.0,5.0,3.0,,,STATUS_FULL_TIME,True,Stade Omnisport de Douala,espn
629168,2022-01-23T16:00:00+00:00,2022-01-23,CAF/Africa Cup of Nations,round-of-16,Burkina Faso,Gabon,1,1,H,16.0,18.0,7.0,3.0,7.0,6.0,STATUS_FINAL_PEN,True,Stade Municipal de Limbe,espn
629167,2022-01-23T19:00:00+00:00,2022-01-23,CAF/Africa Cup of Nations,round-of-16,Nigeria,Tunisia,0,1,A,13.0,7.0,1.0,3.0,,,STATUS_FULL_TIME,True,Stade Omnisports Roumdé Adjia,espn
629166,2022-01-24T16:00:00+00:00,2022-01-24,CAF/Africa Cup of Nations,round-of-16,Guinea,Gambia,0,1,A,19.0,12.0,2.0,3.0,,,STATUS_FULL_TIME,True,Kouekong Stadium,espn
629165,2022-01-24T19:00:00+00:00,2022-01-24,CAF/Africa Cup of Nations,round-of-16,Cameroon,Comoros,2,1,H,19.0,13.0,6.0,7.0,,,STATUS_FULL_TIME,True,Olembe Stadium,espn
629164,2022-01-25T16:00:00+00:00,2022-01-25,CAF/Africa Cup of Nations,round-of-16,Senegal,Cape Verde,2,0,H,16.0,2.0,4.0,1.0,,,STATUS_FULL_TIME,True,Kouekong Stadium,espn
629163,2022-01-25T19:00:00+00:00,2022-01-25,CAF/Africa Cup of Nations,round-of-16,Morocco,Malawi,2,1,H,24.0,4.0,10.0,2.0,,,STATUS_FULL_TIME,True,Stade Omnisport Ahmadou Ahidjo,espn
629162,2022-01-26T16:00:00+00:00,2022-01-26,CAF/Africa Cup of Nations,round-of-16,Ivory Coast,Egypt,0,0,A,13.0,21.0,8.0,5.0,4.0,5.0,STATUS_FINAL_PEN,True,Stade Omnisport de Douala,espn
629161,2022-01-26T19:00:00+00:00,2022-01-26,CAF/Africa Cup of Nations,round-of-16,Mali,Equatorial Guinea,0,0,A,14.0,9.0,1.0,1.0,5.0,6.0,STATUS_FINAL_PEN,True,Stade Municipal de Limbe,espn
629160,2022-01-29T16:00:00+00:00,2022-01-29,CAF/Africa Cup of Nations,quarterfinals,Gambia,Cameroon,0,2,A,2.0,18.0,1.0,7.0,,,STATUS_FULL_TIME,True,Stade Omnisport de Douala,espn
629159,2022-01-29T19:00:00+00:00,2022-01-29,CAF/Africa Cup of Nations,quarterfinals,Burkina Faso,Tunisia,1,0,H,10.0,10.0,5.0,3.0,,,STATUS_FULL_TIME,True,Stade Omnisports Roumdé Adjia,espn
629158,2022-01-30T15:00:00+00:00,2022-01-30,CAF/Africa Cup of Nations,quarterfinals,Egypt,Morocco,2,1,H,14.0,16.0,5.0,4.0,,,STATUS_FINAL_AET,True,Stade Omnisport Ahmadou Ahidjo,espn
629157,2022-01-30T19:00:00+00:00,2022-01-30,CAF/Africa Cup of Nations,quarterfinals,Senegal,Equatorial Guinea,3,1,H,11.0,7.0,5.0,2.0,,,STATUS_FULL_TIME,True,Stade Omnisport Ahmadou Ahidjo,espn
629156,2022-02-02T19:00:00+00:00,2022-02-02,CAF/Africa Cup of Nations,semifinals,Burkina Faso,Senegal,1,3,A,10.0,18.0,3.0,7.0,,,STATUS_FULL_TIME,True,Stade Omnisport Ahmadou Ahidjo,espn
629155,2022-02-03T19:00:00+00:00,2022-02-03,CAF/Africa Cup of Nations,semifinals,Cameroon,Egypt,0,0,A,9.0,7.0,3.0,1.0,1.0,3.0,STATUS_FINAL_PEN,True,Olembe Stadium,espn
629154,2022-02-05T19:00:00+00:00,2022-02-05,CAF/Africa Cup of Nations,3rd-place-match,Burkina Faso,Cameroon,3,3,A,9.0,17.0,3.0,6.0,3.0,5.0,STATUS_FINAL_PEN,True,Stade Omnisport Ahmadou Ahidjo,espn
629153,2022-02-06T19:00:00+00:00,2022-02-06,CAF/Africa Cup of Nations,final,Senegal,Egypt,0,0,H,13.0,7.0,8.0,3.0,4.0,2.0,STATUS_FINAL_PEN,True,Olembe Stadium,espn
633790,2022-11-20T16:00:00+00:00,2022-11-20,FIFA/World Cup,group-stage,Qatar,Ecuador,0,2,A,5.0,6.0,0.0,3.0,,,STATUS_FULL_TIME,True,Al Bayt Stadium,espn
633789,2022-11-21T13:00:00+00:00,2022-11-21,FIFA/World Cup,group-stage,England,Iran,6,2,H,13.0,8.0,7.0,3.0,,,STATUS_FULL_TIME,True,Khalifa International Stadium,espn
633788,2022-11-21T16:00:00+00:00,2022-11-21,FIFA/World Cup,group-stage,Senegal,Netherlands,0,2,A,15.0,10.0,4.0,3.0,,,STATUS_FULL_TIME,True,Al Thumama Stadium,espn
633787,2022-11-21T19:00:00+00:00,2022-11-21,FIFA/World Cup,group-stage,United States,Wales,1,1,D,6.0,7.0,1.0,3.0,,,STATUS_FULL_TIME,True,Ahmad bin Ali Stadium,espn
633794,2022-11-22T10:00:00+00:00,2022-11-22,FIFA/World Cup,group-stage,Argentina,Saudi Arabia,1,2,A,15.0,3.0,6.0,2.0,,,STATUS_FULL_TIME,True,Lusail Stadium,espn
633791,2022-11-22T13:00:00+00:00,2022-11-22,FIFA/World Cup,group-stage,Denmark,Tunisia,0,0,D,11.0,13.0,5.0,1.0,,,STATUS_FULL_TIME,True,Education City Stadium,espn
633793,2022-11-22T16:00:00+00:00,2022-11-22,FIFA/World Cup,group-stage,Mexico,Poland,0,0,D,11.0,6.0,4.0,2.0,,,STATUS_FULL_TIME,True,Stadium 974,espn
633792,2022-11-22T19:00:00+00:00,2022-11-22,FIFA/World Cup,group-stage,France,Australia,4,1,H,23.0,4.0,7.0,1.0,,,STATUS_FULL_TIME,True,Al Janoub Stadium,espn
633795,2022-11-23T10:00:00+00:00,2022-11-23,FIFA/World Cup,group-stage,Morocco,Croatia,0,0,D,8.0,5.0,2.0,2.0,,,STATUS_FULL_TIME,True,Al Bayt Stadium,espn
633797,2022-11-23T13:00:00+00:00,2022-11-23,FIFA/World Cup,group-stage,Germany,Japan,1,2,A,26.0,12.0,9.0,4.0,,,STATUS_FULL_TIME,True,Khalifa International Stadium,espn
633798,2022-11-23T16:00:00+00:00,2022-11-23,FIFA/World Cup,group-stage,Spain,Costa Rica,7,0,H,17.0,0.0,8.0,0.0,,,STATUS_FULL_TIME,True,Al Thumama Stadium,espn
633796,2022-11-23T19:00:00+00:00,2022-11-23,FIFA/World Cup,group-stage,Belgium,Canada,1,0,H,9.0,22.0,3.0,3.0,,,STATUS_FULL_TIME,True,Ahmad bin Ali Stadium,espn
633801,2022-11-24T10:00:00+00:00,2022-11-24,FIFA/World Cup,group-stage,Switzerland,Cameroon,1,0,H,7.0,8.0,3.0,5.0,,,STATUS_FULL_TIME,True,Al Janoub Stadium,espn
633799,2022-11-24T13:00:00+00:00,2022-11-24,FIFA/World Cup,group-stage,Uruguay,South Korea,0,0,D,10.0,7.0,1.0,0.0,,,STATUS_FULL_TIME,True,Education City Stadium,espn
633800,2022-11-24T16:00:00+00:00,2022-11-24,FIFA/World Cup,group-stage,Portugal,Ghana,3,2,H,11.0,9.0,5.0,3.0,,,STATUS_FULL_TIME,True,Stadium 974,espn
633802,2022-11-24T19:00:00+00:00,2022-11-24,FIFA/World Cup,group-stage,Brazil,Serbia,2,0,H,23.0,5.0,9.0,0.0,,,STATUS_FULL_TIME,True,Lusail Stadium,espn
633806,2022-11-25T10:00:00+00:00,2022-11-25,FIFA/World Cup,group-stage,Wales,Iran,0,2,A,10.0,21.0,3.0,6.0,,,STATUS_FULL_TIME,True,Ahmad bin Ali Stadium,espn
633803,2022-11-25T13:00:00+00:00,2022-11-25,FIFA/World Cup,group-stage,Qatar,Senegal,1,3,A,10.0,13.0,3.0,5.0,,,STATUS_FULL_TIME,True,Al Thumama Stadium,espn
633805,2022-11-25T16:00:00+00:00,2022-11-25,FIFA/World Cup,group-stage,Netherlands,Ecuador,1,1,D,2.0,15.0,1.0,4.0,,,STATUS_FULL_TIME,True,Khalifa International Stadium,espn
633804,2022-11-25T19:00:00+00:00,2022-11-25,FIFA/World Cup,group-stage,England,United States,0,0,D,8.0,10.0,3.0,1.0,,,STATUS_FULL_TIME,True,Al Bayt Stadium,espn
633808,2022-11-26T10:00:00+00:00,2022-11-26,FIFA/World Cup,group-stage,Tunisia,Australia,0,1,A,14.0,9.0,4.0,2.0,,,STATUS_FULL_TIME,True,Al Janoub Stadium,espn
633809,2022-11-26T13:00:00+00:00,2022-11-26,FIFA/World Cup,group-stage,Poland,Saudi Arabia,2,0,H,9.0,16.0,3.0,5.0,,,STATUS_FULL_TIME,True,Education City Stadium,espn
633810,2022-11-26T16:00:00+00:00,2022-11-26,FIFA/World Cup,group-stage,France,Denmark,2,1,H,21.0,10.0,7.0,2.0,,,STATUS_FULL_TIME,True,Stadium 974,espn
633807,2022-11-26T19:00:00+00:00,2022-11-26,FIFA/World Cup,group-stage,Argentina,Mexico,2,0,H,5.0,4.0,2.0,1.0,,,STATUS_FULL_TIME,True,Lusail Stadium,espn
633813,2022-11-27T10:00:00+00:00,2022-11-27,FIFA/World Cup,group-stage,Japan,Costa Rica,0,1,A,13.0,4.0,3.0,1.0,,,STATUS_FULL_TIME,True,Ahmad bin Ali Stadium,espn
633814,2022-11-27T13:00:00+00:00,2022-11-27,FIFA/World Cup,group-stage,Belgium,Morocco,0,2,A,10.0,10.0,3.0,4.0,,,STATUS_FULL_TIME,True,Al Thumama Stadium,espn
633811,2022-11-27T16:00:00+00:00,2022-11-27,FIFA/World Cup,group-stage,Croatia,Canada,4,1,H,13.0,8.0,10.0,2.0,,,STATUS_FULL_TIME,True,Khalifa International Stadium,espn
633812,2022-11-27T19:00:00+00:00,2022-11-27,FIFA/World Cup,group-stage,Spain,Germany,1,1,D,7.0,11.0,3.0,4.0,,,STATUS_FULL_TIME,True,Al Bayt Stadium,espn
633816,2022-11-28T10:00:00+00:00,2022-11-28,FIFA/World Cup,group-stage,Cameroon,Serbia,3,3,D,13.0,15.0,8.0,5.0,,,STATUS_FULL_TIME,True,Al Janoub Stadium,espn
633818,2022-11-28T13:00:00+00:00,2022-11-28,FIFA/World Cup,group-stage,South Korea,Ghana,2,3,A,22.0,7.0,7.0,3.0,,,STATUS_FULL_TIME,True,Education City Stadium,espn
633815,2022-11-28T16:00:00+00:00,2022-11-28,FIFA/World Cup,group-stage,Brazil,Switzerland,1,0,H,13.0,6.0,5.0,0.0,,,STATUS_FULL_TIME,True,Stadium 974,espn
633817,2022-11-28T19:00:00+00:00,2022-11-28,FIFA/World Cup,group-stage,Portugal,Uruguay,2,0,H,15.0,11.0,3.0,3.0,,,STATUS_FULL_TIME,True,Lusail Stadium,espn
633819,2022-11-29T15:00:00+00:00,2022-11-29,FIFA/World Cup,group-stage,Ecuador,Senegal,1,2,A,9.0,14.0,4.0,3.0,,,STATUS_FULL_TIME,True,Khalifa International Stadium,espn
633821,2022-11-29T15:00:00+00:00,2022-11-29,FIFA/World Cup,group-stage,Netherlands,Qatar,2,0,H,13.0,5.0,4.0,3.0,,,STATUS_FULL_TIME,True,Al Bayt Stadium,espn
633822,2022-11-29T19:00:00+00:00,2022-11-29,FIFA/World Cup,group-stage,Iran,United States,0,1,A,4.0,12.0,1.0,5.0,,,STATUS_FULL_TIME,True,Al Thumama Stadium,espn
633820,2022-11-29T19:00:00+00:00,2022-11-29,FIFA/World Cup,group-stage,Wales,England,0,3,A,7.0,18.0,1.0,7.0,,,STATUS_FULL_TIME,True,Ahmad bin Ali Stadium,espn
633826,2022-11-30T15:00:00+00:00,2022-11-30,FIFA/World Cup,group-stage,Australia,Denmark,1,0,H,8.0,13.0,4.0,3.0,,,STATUS_FULL_TIME,True,Al Janoub Stadium,espn
633825,2022-11-30T15:00:00+00:00,2022-11-30,FIFA/World Cup,group-stage,Tunisia,France,1,0,H,5.0,10.0,3.0,3.0,,,STATUS_FULL_TIME,True,Education City Stadium,espn
633824,2022-11-30T19:00:00+00:00,2022-11-30,FIFA/World Cup,group-stage,Poland,Argentina,0,2,A,4.0,23.0,0.0,12.0,,,STATUS_FULL_TIME,True,Stadium 974,espn
633823,2022-11-30T19:00:00+00:00,2022-11-30,FIFA/World Cup,group-stage,Saudi Arabia,Mexico,1,2,A,10.0,26.0,2.0,11.0,,,STATUS_FULL_TIME,True,Lusail Stadium,espn
633829,2022-12-01T15:00:00+00:00,2022-12-01,FIFA/World Cup,group-stage,Canada,Morocco,1,2,A,5.0,6.0,0.0,2.0,,,STATUS_FULL_TIME,True,Al Thumama Stadium,espn
633830,2022-12-01T15:00:00+00:00,2022-12-01,FIFA/World Cup,group-stage,Croatia,Belgium,0,0,D,11.0,16.0,4.0,3.0,,,STATUS_FULL_TIME,True,Ahmad bin Ali Stadium,espn
633827,2022-12-01T19:00:00+00:00,2022-12-01,FIFA/World Cup,group-stage,Costa Rica,Germany,2,4,A,8.0,32.0,6.0,11.0,,,STATUS_FULL_TIME,True,Al Bayt Stadium,espn
633828,2022-12-01T19:00:00+00:00,2022-12-01,FIFA/World Cup,group-stage,Japan,Spain,2,1,H,6.0,12.0,3.0,5.0,,,STATUS_FULL_TIME,True,Khalifa International Stadium,espn
633834,2022-12-02T15:00:00+00:00,2022-12-02,FIFA/World Cup,group-stage,Ghana,Uruguay,0,2,A,10.0,12.0,4.0,7.0,,,STATUS_FULL_TIME,True,Al Janoub Stadium,espn
633832,2022-12-02T15:00:00+00:00,2022-12-02,FIFA/World Cup,group-stage,South Korea,Portugal,2,1,H,13.0,13.0,6.0,6.0,,,STATUS_FULL_TIME,True,Education City Stadium,espn
633831,2022-12-02T19:00:00+00:00,2022-12-02,FIFA/World Cup,group-stage,Cameroon,Brazil,1,0,H,7.0,21.0,3.0,7.0,,,STATUS_FULL_TIME,True,Lusail Stadium,espn
633833,2022-12-02T19:00:00+00:00,2022-12-02,FIFA/World Cup,group-stage,Serbia,Switzerland,2,3,A,12.0,14.0,4.0,7.0,,,STATUS_FULL_TIME,True,Stadium 974,espn
633835,2022-12-03T15:00:00+00:00,2022-12-03,FIFA/World Cup,round-of-16,Netherlands,United States,3,1,H,11.0,17.0,6.0,8.0,,,STATUS_FULL_TIME,True,Khalifa International Stadium,espn
633836,2022-12-03T19:00:00+00:00,2022-12-03,FIFA/World Cup,round-of-16,Argentina,Australia,2,1,H,14.0,5.0,5.0,1.0,,,STATUS_FULL_TIME,True,Ahmad bin Ali Stadium,espn
633837,2022-12-04T15:00:00+00:00,2022-12-04,FIFA/World Cup,round-of-16,France,Poland,3,1,H,16.0,12.0,8.0,3.0,,,STATUS_FULL_TIME,True,Al Thumama Stadium,espn
633838,2022-12-04T19:00:00+00:00,2022-12-04,FIFA/World Cup,round-of-16,England,Senegal,3,0,H,8.0,10.0,4.0,1.0,,,STATUS_FULL_TIME,True,Al Bayt Stadium,espn
633839,2022-12-05T15:00:00+00:00,2022-12-05,FIFA/World Cup,round-of-16,Japan,Croatia,1,1,A,13.0,17.0,4.0,4.0,1.0,3.0,STATUS_FINAL_PEN,True,Al Janoub Stadium,espn
633840,2022-12-05T19:00:00+00:00,2022-12-05,FIFA/World Cup,round-of-16,Brazil,South Korea,4,1,H,18.0,8.0,9.0,6.0,,,STATUS_FULL_TIME,True,Stadium 974,espn
633841,2022-12-06T15:00:00+00:00,2022-12-06,FIFA/World Cup,round-of-16,Morocco,Spain,0,0,H,6.0,13.0,2.0,1.0,3.0,0.0,STATUS_FINAL_PEN,True,Education City Stadium,espn
633842,2022-12-06T19:00:00+00:00,2022-12-06,FIFA/World Cup,round-of-16,Portugal,Switzerland,6,1,H,15.0,10.0,9.0,3.0,,,STATUS_FULL_TIME,True,Lusail Stadium,espn
633843,2022-12-09T15:00:00+00:00,2022-12-09,FIFA/World Cup,quarterfinals,Croatia,Brazil,1,1,H,9.0,21.0,1.0,11.0,4.0,2.0,STATUS_FINAL_PEN,True,Education City Stadium,espn
633844,2022-12-09T19:00:00+00:00,2022-12-09,FIFA/World Cup,quarterfinals,Netherlands,Argentina,2,2,A,6.0,14.0,2.0,5.0,3.0,4.0,STATUS_FINAL_PEN,True,Lusail Stadium,espn
633845,2022-12-10T15:00:00+00:00,2022-12-10,FIFA/World Cup,quarterfinals,Morocco,Portugal,1,0,H,9.0,12.0,3.0,3.0,,,STATUS_FULL_TIME,True,Al Thumama Stadium,espn
633846,2022-12-10T19:00:00+00:00,2022-12-10,FIFA/World Cup,quarterfinals,England,France,1,2,A,16.0,8.0,8.0,5.0,,,STATUS_FULL_TIME,True,Al Bayt Stadium,espn
633847,2022-12-13T19:00:00+00:00,2022-12-13,FIFA/World Cup,semifinals,Argentina,Croatia,3,0,H,9.0,12.0,7.0,2.0,,,STATUS_FULL_TIME,True,Lusail Stadium,espn
633848,2022-12-14T19:00:00+00:00,2022-12-14,FIFA/World Cup,semifinals,France,Morocco,2,0,H,14.0,13.0,3.0,3.0,,,STATUS_FULL_TIME,True,Al Bayt Stadium,espn
633849,2022-12-17T15:00:00+00:00,2022-12-17,FIFA/World Cup,3rd-place,Croatia,Morocco,2,1,H,12.0,9.0,4.0,2.0,,,STATUS_FULL_TIME,True,Khalifa International Stadium,espn
633850,2022-12-18T15:00:00+00:00,2022-12-18,FIFA/World Cup,final,Argentina,France,3,3,H,20.0,10.0,10.0,5.0,4.0,2.0,STATUS_FINAL_PEN,True,Lusail Stadium,espn
654360,2023-06-14T18:45:00+00:00,2023-06-14,UEFA/Nations League,semifinals,Netherlands,Croatia,2,4,A,14.0,14.0,6.0,5.0,,,STATUS_FINAL_AET,True,Stadion Feijenoord,espn
663883,2023-06-15T18:45:00+00:00,2023-06-15,UEFA/Nations League,semifinals,Spain,Italy,2,1,H,19.0,8.0,7.0,3.0,,,STATUS_FULL_TIME,True,De Grolsch Veste,espn
654362,2023-06-18T13:00:00+00:00,2023-06-18,UEFA/Nations League,3rd-place-match,Netherlands,Italy,2,3,A,19.0,13.0,6.0,3.0,,,STATUS_FULL_TIME,True,De Grolsch Veste,espn
654361,2023-06-18T18:45:00+00:00,2023-06-18,UEFA/Nations League,final,Croatia,Spain,0,0,A,12.0,21.0,5.0,2.0,4.0,5.0,STATUS_FINAL_PEN,True,Stadion Feijenoord,espn
668477,2023-06-25T02:00:00+00:00,2023-06-25,CONCACAF/Gold Cup,group-stage,United States,Jamaica,1,1,D,13.0,6.0,4.0,3.0,,,STATUS_FULL_TIME,True,Soldier Field,espn
668478,2023-06-25T20:00:00+00:00,2023-06-25,CONCACAF/Gold Cup,group-stage,Trinidad and Tobago,St. Kitts and Nevis,3,0,H,14.0,10.0,4.0,1.0,,,STATUS_FULL_TIME,True,Chase Stadium,espn
668479,2023-06-25T22:00:00+00:00,2023-06-25,CONCACAF/Gold Cup,group-stage,Haiti,Qatar,2,1,H,15.0,10.0,3.0,2.0,,,STATUS_FULL_TIME,True,NRG Stadium,espn
668480,2023-06-26T00:30:00+00:00,2023-06-26,CONCACAF/Gold Cup,group-stage,Mexico,Honduras,4,0,H,17.0,6.0,6.0,1.0,,,STATUS_FULL_TIME,True,NRG Stadium,espn
668481,2023-06-26T22:30:00+00:00,2023-06-26,CONCACAF/Gold Cup,group-stage,El Salvador,Martinique,1,2,A,22.0,7.0,10.0,4.0,,,STATUS_FULL_TIME,True,Chase Stadium,espn
668482,2023-06-27T01:00:00+00:00,2023-06-27,CONCACAF/Gold Cup,group-stage,Costa Rica,Panama,1,2,A,6.0,15.0,4.0,10.0,,,STATUS_FULL_TIME,True,Chase Stadium,espn
668483,2023-06-27T23:00:00+00:00,2023-06-27,CONCACAF/Gold Cup,group-stage,Canada,Guadeloupe,2,2,D,18.0,9.0,6.0,4.0,,,STATUS_FULL_TIME,True,BMO Field,espn
668484,2023-06-28T00:45:00+00:00,2023-06-28,CONCACAF/Gold Cup,group-stage,Guatemala,Cuba,1,0,H,17.0,6.0,7.0,1.0,,,STATUS_FULL_TIME,True,Chase Stadium,espn
668485,2023-06-28T23:30:00+00:00,2023-06-28,CONCACAF/Gold Cup,group-stage,Jamaica,Trinidad and Tobago,4,1,H,13.0,3.0,6.0,1.0,,,STATUS_FULL_TIME,True,Energizer Park,espn
668486,2023-06-29T01:30:00+00:00,2023-06-29,CONCACAF/Gold Cup,group-stage,St. Kitts and Nevis,United States,0,6,A,2.0,34.0,0.0,15.0,,,STATUS_FULL_TIME,True,Energizer Park,espn
668487,2023-06-29T23:45:00+00:00,2023-06-29,CONCACAF/Gold Cup,group-stage,Qatar,Honduras,1,1,D,5.0,17.0,3.0,4.0,,,STATUS_FULL_TIME,True,State Farm Stadium,espn
668488,2023-06-30T02:00:00+00:00,2023-06-30,CONCACAF/Gold Cup,group-stage,Haiti,Mexico,1,3,A,6.0,32.0,2.0,10.0,,,STATUS_FULL_TIME,True,State Farm Stadium,espn
668489,2023-06-30T22:30:00+00:00,2023-06-30,CONCACAF/Gold Cup,group-stage,Martinique,Panama,1,2,A,7.0,16.0,3.0,5.0,,,STATUS_FULL_TIME,True,Sports Illustrated Stadium,espn
668490,2023-07-01T01:06:00+00:00,2023-07-01,CONCACAF/Gold Cup,group-stage,El Salvador,Costa Rica,0,0,D,9.0,12.0,2.0,3.0,,,STATUS_FULL_TIME,True,Sports Illustrated Stadium,espn
668491,2023-07-01T23:30:00+00:00,2023-07-01,CONCACAF/Gold Cup,group-stage,Cuba,Guadeloupe,1,4,A,13.0,17.0,2.0,8.0,,,STATUS_FULL_TIME,True,Shell Energy Stadium,espn
668492,2023-07-02T01:30:00+00:00,2023-07-02,CONCACAF/Gold Cup,group-stage,Guatemala,Canada,0,0,D,11.0,9.0,2.0,3.0,,,STATUS_FULL_TIME,True,Shell Energy Stadium,espn
668493,2023-07-02T23:00:00+00:00,2023-07-02,CONCACAF/Gold Cup,group-stage,Jamaica,St. Kitts and Nevis,5,0,H,18.0,9.0,6.0,2.0,,,STATUS_FULL_TIME,True,Levi's Stadium,espn
668494,2023-07-02T23:00:00+00:00,2023-07-02,CONCACAF/Gold Cup,group-stage,United States,Trinidad and Tobago,6,0,H,23.0,9.0,8.0,3.0,,,STATUS_FULL_TIME,True,Bank of America Stadium,espn
668496,2023-07-03T01:00:00+00:00,2023-07-03,CONCACAF/Gold Cup,group-stage,Honduras,Haiti,2,1,H,20.0,18.0,7.0,7.0,,,STATUS_FULL_TIME,True,Bank of America Stadium,espn
668495,2023-07-03T01:00:00+00:00,2023-07-03,CONCACAF/Gold Cup,group-stage,Mexico,Qatar,0,1,A,25.0,1.0,6.0,1.0,,,STATUS_FULL_TIME,True,Levi's Stadium,espn
668497,2023-07-04T22:30:00+00:00,2023-07-04,CONCACAF/Gold Cup,group-stage,Canada,Cuba,4,2,H,14.0,9.0,9.0,2.0,,,STATUS_FULL_TIME,True,Shell Energy Stadium,espn
668498,2023-07-04T22:30:00+00:00,2023-07-04,CONCACAF/Gold Cup,group-stage,Guadeloupe,Guatemala,2,3,A,17.0,10.0,8.0,4.0,,,STATUS_FULL_TIME,True,Sports Illustrated Stadium,espn
668499,2023-07-05T01:00:00+00:00,2023-07-05,CONCACAF/Gold Cup,group-stage,Costa Rica,Martinique,6,4,H,14.0,14.0,8.0,6.0,,,STATUS_FULL_TIME,True,Sports Illustrated Stadium,espn
668500,2023-07-05T01:00:00+00:00,2023-07-05,CONCACAF/Gold Cup,group-stage,Panama,El Salvador,2,2,D,14.0,8.0,2.0,3.0,,,STATUS_FULL_TIME,True,Shell Energy Stadium,espn
678987,2023-07-08T23:00:00+00:00,2023-07-08,CONCACAF/Gold Cup,quarterfinals,Panama,Qatar,4,0,H,17.0,4.0,6.0,1.0,,,STATUS_FULL_TIME,True,AT&T Stadium,espn
678988,2023-07-09T02:10:00+00:00,2023-07-09,CONCACAF/Gold Cup,quarterfinals,Mexico,Costa Rica,2,0,H,14.0,9.0,8.0,1.0,,,STATUS_FULL_TIME,True,AT&T Stadium,espn
678985,2023-07-09T21:00:00+00:00,2023-07-09,CONCACAF/Gold Cup,quarterfinals,Guatemala,Jamaica,0,1,A,11.0,18.0,6.0,3.0,,,STATUS_FULL_TIME,True,TQL Stadium,espn
678986,2023-07-09T23:30:00+00:00,2023-07-09,CONCACAF/Gold Cup,quarterfinals,United States,Canada,2,2,H,21.0,5.0,8.0,2.0,3.0,2.0,STATUS_FINAL_PEN,True,TQL Stadium,espn
676879,2023-07-12T23:30:00+00:00,2023-07-12,CONCACAF/Gold Cup,semifinals,United States,Panama,1,1,A,14.0,12.0,3.0,5.0,4.0,5.0,STATUS_FINAL_PEN,True,Snapdragon Stadium,espn
676878,2023-07-13T02:36:00+00:00,2023-07-13,CONCACAF/Gold Cup,semifinals,Jamaica,Mexico,0,3,A,8.0,13.0,3.0,5.0,,,STATUS_FULL_TIME,True,Allegiant Stadium,espn
678990,2023-07-16T23:30:00+00:00,2023-07-16,CONCACAF/Gold Cup,final,Mexico,Panama,1,0,H,23.0,14.0,7.0,2.0,,,STATUS_FULL_TIME,True,SoFi Stadium,espn
689252,2024-01-13T20:00:00+00:00,2024-01-13,CAF/Africa Cup of Nations,group-stage,Ivory Coast,Guinea-Bissau,2,0,H,10.0,10.0,4.0,3.0,,,STATUS_FULL_TIME,True,Stade Olympique Alassane Ouattara,espn
689253,2024-01-14T14:00:00+00:00,2024-01-14,CAF/Africa Cup of Nations,group-stage,Nigeria,Equatorial Guinea,1,1,D,19.0,7.0,7.0,1.0,,,STATUS_FULL_TIME,True,Stade Olympique Alassane Ouattara,espn
689254,2024-01-14T17:00:00+00:00,2024-01-14,CAF/Africa Cup of Nations,group-stage,Egypt,Mozambique,2,2,D,21.0,6.0,5.0,2.0,,,STATUS_FULL_TIME,True,Felix Houphouet-Boigny,espn
689255,2024-01-14T20:00:00+00:00,2024-01-14,CAF/Africa Cup of Nations,group-stage,Ghana,Cape Verde,1,2,A,10.0,15.0,1.0,5.0,,,STATUS_FULL_TIME,True,Felix Houphouet-Boigny,espn
689256,2024-01-15T14:00:00+00:00,2024-01-15,CAF/Africa Cup of Nations,group-stage,Senegal,Gambia,3,0,H,14.0,12.0,6.0,2.0,,,STATUS_FULL_TIME,True,Stade Charles Konan Banny de Yamoussoukro,espn
689257,2024-01-15T17:00:00+00:00,2024-01-15,CAF/Africa Cup of Nations,group-stage,Cameroon,Guinea,1,1,D,13.0,6.0,2.0,2.0,,,STATUS_FULL_TIME,True,Stade Charles Konan Banny de Yamoussoukro,espn
689258,2024-01-15T20:00:00+00:00,2024-01-15,CAF/Africa Cup of Nations,group-stage,Algeria,Angola,1,1,D,16.0,7.0,3.0,1.0,,,STATUS_FULL_TIME,True,Stade de Bouaké,espn
689259,2024-01-16T14:00:00+00:00,2024-01-16,CAF/Africa Cup of Nations,group-stage,Burkina Faso,Mauritania,1,0,H,11.0,9.0,5.0,4.0,,,STATUS_FULL_TIME,True,Stade de Bouaké,espn
689260,2024-01-16T17:00:00+00:00,2024-01-16,CAF/Africa Cup of Nations,group-stage,Tunisia,Namibia,0,1,A,10.0,13.0,4.0,6.0,,,STATUS_FULL_TIME,True,Amadou Gon Coulibaly Stadium,espn
689261,2024-01-16T20:00:00+00:00,2024-01-16,CAF/Africa Cup of Nations,group-stage,Mali,South Africa,2,0,H,16.0,12.0,7.0,6.0,,,STATUS_FULL_TIME,True,Amadou Gon Coulibaly Stadium,espn
689262,2024-01-17T17:00:00+00:00,2024-01-17,CAF/Africa Cup of Nations,group-stage,Morocco,Tanzania,3,0,H,14.0,2.0,7.0,0.0,,,STATUS_FULL_TIME,True,Stade Laurent Pokou,espn
689263,2024-01-17T20:00:00+00:00,2024-01-17,CAF/Africa Cup of Nations,group-stage,Congo DR,Zambia,1,1,D,25.0,3.0,6.0,1.0,,,STATUS_FULL_TIME,True,Stade Laurent Pokou,espn
689264,2024-01-18T14:00:00+00:00,2024-01-18,CAF/Africa Cup of Nations,group-stage,Equatorial Guinea,Guinea-Bissau,4,2,H,8.0,13.0,6.0,2.0,,,STATUS_FULL_TIME,True,Stade Olympique Alassane Ouattara,espn
689266,2024-01-18T17:00:00+00:00,2024-01-18,CAF/Africa Cup of Nations,group-stage,Ivory Coast,Nigeria,0,1,A,14.0,11.0,3.0,1.0,,,STATUS_FULL_TIME,True,Stade Olympique Alassane Ouattara,espn
689268,2024-01-18T20:00:00+00:00,2024-01-18,CAF/Africa Cup of Nations,group-stage,Egypt,Ghana,2,2,D,11.0,6.0,5.0,3.0,,,STATUS_FULL_TIME,True,Felix Houphouet-Boigny,espn
689269,2024-01-19T14:00:00+00:00,2024-01-19,CAF/Africa Cup of Nations,group-stage,Cape Verde,Mozambique,3,0,H,11.0,8.0,5.0,2.0,,,STATUS_FULL_TIME,True,Felix Houphouet-Boigny,espn
689265,2024-01-19T17:00:00+00:00,2024-01-19,CAF/Africa Cup of Nations,group-stage,Senegal,Cameroon,3,1,H,5.0,5.0,3.0,1.0,,,STATUS_FULL_TIME,True,Stade Charles Konan Banny de Yamoussoukro,espn
689267,2024-01-19T20:00:00+00:00,2024-01-19,CAF/Africa Cup of Nations,group-stage,Guinea,Gambia,1,0,H,16.0,7.0,6.0,0.0,,,STATUS_FULL_TIME,True,Stade Charles Konan Banny de Yamoussoukro,espn
689270,2024-01-20T14:00:00+00:00,2024-01-20,CAF/Africa Cup of Nations,group-stage,Algeria,Burkina Faso,2,2,D,15.0,6.0,4.0,3.0,,,STATUS_FULL_TIME,True,Stade de Bouaké,espn
689271,2024-01-20T17:00:00+00:00,2024-01-20,CAF/Africa Cup of Nations,group-stage,Mauritania,Angola,2,3,A,14.0,19.0,4.0,6.0,,,STATUS_FULL_TIME,True,Stade de Bouaké,espn
689272,2024-01-20T20:00:00+00:00,2024-01-20,CAF/Africa Cup of Nations,group-stage,Tunisia,Mali,1,1,D,5.0,12.0,1.0,1.0,,,STATUS_FULL_TIME,True,Amadou Gon Coulibaly Stadium,espn
689273,2024-01-21T14:00:00+00:00,2024-01-21,CAF/Africa Cup of Nations,group-stage,Morocco,Congo DR,1,1,D,11.0,10.0,4.0,2.0,,,STATUS_FULL_TIME,True,Stade Laurent Pokou,espn
689274,2024-01-21T17:00:00+00:00,2024-01-21,CAF/Africa Cup of Nations,group-stage,Zambia,Tanzania,1,1,D,11.0,6.0,4.0,2.0,,,STATUS_FULL_TIME,True,Stade Laurent Pokou,espn
689275,2024-01-21T20:00:00+00:00,2024-01-21,CAF/Africa Cup of Nations,group-stage,South Africa,Namibia,4,0,H,12.0,4.0,8.0,1.0,,,STATUS_FULL_TIME,True,Amadou Gon Coulibaly Stadium,espn
689276,2024-01-22T17:00:00+00:00,2024-01-22,CAF/Africa Cup of Nations,group-stage,Equatorial Guinea,Ivory Coast,4,0,H,10.0,22.0,7.0,3.0,,,STATUS_FULL_TIME,True,Stade Olympique Alassane Ouattara,espn
689277,2024-01-22T17:00:00+00:00,2024-01-22,CAF/Africa Cup of Nations,group-stage,Guinea-Bissau,Nigeria,0,1,A,12.0,11.0,5.0,1.0,,,STATUS_FULL_TIME,True,Felix Houphouet-Boigny,espn
689279,2024-01-22T20:00:00+00:00,2024-01-22,CAF/Africa Cup of Nations,group-stage,Cape Verde,Egypt,2,2,D,6.0,27.0,3.0,7.0,,,STATUS_FULL_TIME,True,Felix Houphouet-Boigny,espn
689278,2024-01-22T20:00:00+00:00,2024-01-22,CAF/Africa Cup of Nations,group-stage,Mozambique,Ghana,2,2,D,11.0,8.0,4.0,4.0,,,STATUS_FULL_TIME,True,Stade Olympique Alassane Ouattara,espn
689280,2024-01-23T17:00:00+00:00,2024-01-23,CAF/Africa Cup of Nations,group-stage,Gambia,Cameroon,2,3,A,15.0,13.0,7.0,3.0,,,STATUS_FULL_TIME,True,Stade de Bouaké,espn
689281,2024-01-23T17:00:00+00:00,2024-01-23,CAF/Africa Cup of Nations,group-stage,Guinea,Senegal,0,2,A,4.0,12.0,1.0,2.0,,,STATUS_FULL_TIME,True,Stade Charles Konan Banny de Yamoussoukro,espn
689282,2024-01-23T20:00:00+00:00,2024-01-23,CAF/Africa Cup of Nations,group-stage,Angola,Burkina Faso,2,0,H,6.0,20.0,5.0,3.0,,,STATUS_FULL_TIME,True,Stade Charles Konan Banny de Yamoussoukro,espn
689283,2024-01-23T20:00:00+00:00,2024-01-23,CAF/Africa Cup of Nations,group-stage,Mauritania,Algeria,1,0,H,17.0,16.0,7.0,6.0,,,STATUS_FULL_TIME,True,Stade de Bouaké,espn
689285,2024-01-24T17:00:00+00:00,2024-01-24,CAF/Africa Cup of Nations,group-stage,Namibia,Mali,0,0,D,5.0,10.0,1.0,2.0,,,STATUS_FULL_TIME,True,Stade Laurent Pokou,espn
689284,2024-01-24T17:00:00+00:00,2024-01-24,CAF/Africa Cup of Nations,group-stage,South Africa,Tunisia,0,0,D,11.0,11.0,2.0,2.0,,,STATUS_FULL_TIME,True,Amadou Gon Coulibaly Stadium,espn
689286,2024-01-24T20:00:00+00:00,2024-01-24,CAF/Africa Cup of Nations,group-stage,Tanzania,Congo DR,0,0,D,4.0,9.0,0.0,3.0,,,STATUS_FULL_TIME,True,Amadou Gon Coulibaly Stadium,espn
689287,2024-01-24T20:00:00+00:00,2024-01-24,CAF/Africa Cup of Nations,group-stage,Zambia,Morocco,0,1,A,11.0,19.0,2.0,7.0,,,STATUS_FULL_TIME,True,Stade Laurent Pokou,espn
697521,2024-01-27T17:00:00+00:00,2024-01-27,CAF/Africa Cup of Nations,round-of-16,Angola,Namibia,3,0,H,11.0,11.0,4.0,3.0,,,STATUS_FULL_TIME,True,Stade de Bouaké,espn
697522,2024-01-27T20:00:00+00:00,2024-01-27,CAF/Africa Cup of Nations,round-of-16,Nigeria,Cameroon,2,0,H,8.0,6.0,4.0,0.0,,,STATUS_FULL_TIME,True,Felix Houphouet-Boigny,espn
697523,2024-01-28T17:00:00+00:00,2024-01-28,CAF/Africa Cup of Nations,round-of-16,Equatorial Guinea,Guinea,0,1,A,5.0,10.0,0.0,4.0,,,STATUS_FULL_TIME,True,Stade Olympique Alassane Ouattara,espn
697524,2024-01-28T20:00:00+00:00,2024-01-28,CAF/Africa Cup of Nations,round-of-16,Egypt,Congo DR,1,1,A,10.0,12.0,3.0,1.0,7.0,8.0,STATUS_FINAL_PEN,True,Stade Laurent Pokou,espn
697525,2024-01-29T17:00:00+00:00,2024-01-29,CAF/Africa Cup of Nations,round-of-16,Cape Verde,Mauritania,1,0,H,18.0,11.0,4.0,0.0,,,STATUS_FULL_TIME,True,Felix Houphouet-Boigny,espn
697526,2024-01-29T20:00:00+00:00,2024-01-29,CAF/Africa Cup of Nations,round-of-16,Senegal,Ivory Coast,1,1,A,13.0,8.0,4.0,4.0,4.0,5.0,STATUS_FINAL_PEN,True,Stade Charles Konan Banny de Yamoussoukro,espn
697527,2024-01-30T17:00:00+00:00,2024-01-30,CAF/Africa Cup of Nations,round-of-16,Mali,Burkina Faso,2,1,H,14.0,8.0,4.0,4.0,,,STATUS_FULL_TIME,True,Amadou Gon Coulibaly Stadium,espn
697528,2024-01-30T20:00:00+00:00,2024-01-30,CAF/Africa Cup of Nations,round-of-16,Morocco,South Africa,0,2,A,13.0,5.0,2.0,3.0,,,STATUS_FULL_TIME,True,Stade Laurent Pokou,espn
698121,2024-02-02T17:00:00+00:00,2024-02-02,CAF/Africa Cup of Nations,quarterfinals,Nigeria,Angola,1,0,H,13.0,10.0,3.0,2.0,,,STATUS_FULL_TIME,True,Felix Houphouet-Boigny,espn
698135,2024-02-02T20:00:00+00:00,2024-02-02,CAF/Africa Cup of Nations,quarterfinals,Congo DR,Guinea,3,1,H,12.0,7.0,3.0,3.0,,,STATUS_FULL_TIME,True,Stade Olympique Alassane Ouattara,espn
698136,2024-02-03T17:00:00+00:00,2024-02-03,CAF/Africa Cup of Nations,quarterfinals,Mali,Ivory Coast,1,2,A,11.0,11.0,4.0,3.0,,,STATUS_FINAL_AET,True,Stade de Bouaké,espn
698137,2024-02-03T20:00:00+00:00,2024-02-03,CAF/Africa Cup of Nations,quarterfinals,Cape Verde,South Africa,0,0,A,25.0,16.0,2.0,6.0,1.0,2.0,STATUS_FINAL_PEN,True,Stade Charles Konan Banny de Yamoussoukro,espn
698429,2024-02-07T17:00:00+00:00,2024-02-07,CAF/Africa Cup of Nations,semifinals,Nigeria,South Africa,1,1,H,14.0,14.0,6.0,5.0,4.0,2.0,STATUS_FINAL_PEN,True,Stade de Bouaké,espn
698428,2024-02-07T20:00:00+00:00,2024-02-07,CAF/Africa Cup of Nations,semifinals,Ivory Coast,Congo DR,1,0,H,14.0,7.0,2.0,2.0,,,STATUS_FULL_TIME,True,Stade Olympique Alassane Ouattara,espn
698615,2024-02-10T20:00:00+00:00,2024-02-10,CAF/Africa Cup of Nations,3rd-place-match,South Africa,Congo DR,0,0,H,6.0,13.0,3.0,3.0,6.0,5.0,STATUS_FINAL_PEN,True,Felix Houphouet-Boigny,espn
698616,2024-02-11T20:00:00+00:00,2024-02-11,CAF/Africa Cup of Nations,final,Nigeria,Ivory Coast,1,2,A,5.0,18.0,1.0,8.0,,,STATUS_FULL_TIME,True,Stade Olympique Alassane Ouattara,espn
690573,2024-06-14T19:00:00+00:00,2024-06-14,UEFA/European Championship,group-stage,Germany,Scotland,5,1,H,20.0,1.0,10.0,0.0,,,STATUS_FULL_TIME,True,Allianz Arena,espn
690574,2024-06-15T13:00:00+00:00,2024-06-15,UEFA/European Championship,group-stage,Hungary,Switzerland,1,3,A,6.0,15.0,2.0,7.0,,,STATUS_FULL_TIME,True,RheinEnergieStadion,espn
690575,2024-06-15T16:00:00+00:00,2024-06-15,UEFA/European Championship,group-stage,Spain,Croatia,3,0,H,11.0,16.0,5.0,5.0,,,STATUS_FULL_TIME,True,Olympiastadion Berlin,espn
690576,2024-06-15T19:00:00+00:00,2024-06-15,UEFA/European Championship,group-stage,Italy,Albania,2,1,H,17.0,8.0,5.0,1.0,,,STATUS_FULL_TIME,True,SIGNAL IDUNA PARK,espn
690579,2024-06-16T13:00:00+00:00,2024-06-16,UEFA/European Championship,group-stage,Poland,Netherlands,1,2,A,12.0,21.0,7.0,4.0,,,STATUS_FULL_TIME,True,Volksparkstadion,espn
690577,2024-06-16T16:00:00+00:00,2024-06-16,UEFA/European Championship,group-stage,Slovenia,Denmark,1,1,D,11.0,16.0,2.0,4.0,,,STATUS_FULL_TIME,True,MHPArena,espn
690578,2024-06-16T19:00:00+00:00,2024-06-16,UEFA/European Championship,group-stage,Serbia,England,0,1,A,6.0,5.0,1.0,3.0,,,STATUS_FULL_TIME,True,VELTINS-Arena,espn
690582,2024-06-17T13:00:00+00:00,2024-06-17,UEFA/European Championship,group-stage,Romania,Ukraine,3,0,H,9.0,13.0,5.0,2.0,,,STATUS_FULL_TIME,True,Allianz Arena,espn
690581,2024-06-17T16:00:00+00:00,2024-06-17,UEFA/European Championship,group-stage,Belgium,Slovakia,0,1,A,16.0,10.0,5.0,4.0,,,STATUS_FULL_TIME,True,Deutsche Bank Park,espn
690580,2024-06-17T19:00:00+00:00,2024-06-17,UEFA/European Championship,group-stage,Austria,France,0,1,A,6.0,14.0,3.0,3.0,,,STATUS_FULL_TIME,True,Merkur Spiel-Arena,espn
690583,2024-06-18T16:00:00+00:00,2024-06-18,UEFA/European Championship,group-stage,Türkiye,Georgia,3,1,H,22.0,14.0,8.0,5.0,,,STATUS_FULL_TIME,True,SIGNAL IDUNA PARK,espn
690584,2024-06-18T19:00:00+00:00,2024-06-18,UEFA/European Championship,group-stage,Portugal,Czechia,2,1,H,19.0,5.0,8.0,1.0,,,STATUS_FULL_TIME,True,Red Bull Arena,espn
690586,2024-06-19T13:00:00+00:00,2024-06-19,UEFA/European Championship,group-stage,Croatia,Albania,2,2,D,22.0,15.0,10.0,7.0,,,STATUS_FULL_TIME,True,Volksparkstadion,espn
690587,2024-06-19T16:00:00+00:00,2024-06-19,UEFA/European Championship,group-stage,Germany,Hungary,2,0,H,19.0,11.0,7.0,4.0,,,STATUS_FULL_TIME,True,MHPArena,espn
690585,2024-06-19T19:00:00+00:00,2024-06-19,UEFA/European Championship,group-stage,Scotland,Switzerland,1,1,D,12.0,11.0,3.0,4.0,,,STATUS_FULL_TIME,True,RheinEnergieStadion,espn
690589,2024-06-20T13:00:00+00:00,2024-06-20,UEFA/European Championship,group-stage,Slovenia,Serbia,1,1,D,11.0,15.0,4.0,4.0,,,STATUS_FULL_TIME,True,Allianz Arena,espn
690590,2024-06-20T16:00:00+00:00,2024-06-20,UEFA/European Championship,group-stage,Denmark,England,1,1,D,16.0,12.0,7.0,4.0,,,STATUS_FULL_TIME,True,Deutsche Bank Park,espn
690588,2024-06-20T19:00:00+00:00,2024-06-20,UEFA/European Championship,group-stage,Spain,Italy,1,0,H,20.0,4.0,9.0,1.0,,,STATUS_FULL_TIME,True,VELTINS-Arena,espn
690705,2024-06-21T00:00:00+00:00,2024-06-21,CONMEBOL/Copa America,group-stage,Argentina,Canada,2,0,H,19.0,10.0,9.0,2.0,,,STATUS_FULL_TIME,True,Mercedes-Benz Stadium,espn
690593,2024-06-21T13:00:00+00:00,2024-06-21,UEFA/European Championship,group-stage,Slovakia,Ukraine,1,2,A,14.0,13.0,5.0,5.0,,,STATUS_FULL_TIME,True,Merkur Spiel-Arena,espn
690591,2024-06-21T16:00:00+00:00,2024-06-21,UEFA/European Championship,group-stage,Poland,Austria,1,3,A,15.0,15.0,3.0,9.0,,,STATUS_FULL_TIME,True,Olympiastadion Berlin,espn
690592,2024-06-21T19:00:00+00:00,2024-06-21,UEFA/European Championship,group-stage,Netherlands,France,0,0,D,8.0,15.0,4.0,3.0,,,STATUS_FULL_TIME,True,Red Bull Arena,espn
690706,2024-06-22T00:00:00+00:00,2024-06-22,CONMEBOL/Copa America,group-stage,Peru,Chile,0,0,D,7.0,11.0,4.0,1.0,,,STATUS_FULL_TIME,True,AT&T Stadium,espn
690596,2024-06-22T13:00:00+00:00,2024-06-22,UEFA/European Championship,group-stage,Georgia,Czechia,1,1,D,5.0,27.0,1.0,12.0,,,STATUS_FULL_TIME,True,Volksparkstadion,espn
690595,2024-06-22T16:00:00+00:00,2024-06-22,UEFA/European Championship,group-stage,Türkiye,Portugal,0,3,A,11.0,12.0,3.0,3.0,,,STATUS_FULL_TIME,True,SIGNAL IDUNA PARK,espn
690594,2024-06-22T19:00:00+00:00,2024-06-22,UEFA/European Championship,group-stage,Belgium,Romania,2,0,H,20.0,14.0,9.0,5.0,,,STATUS_FULL_TIME,True,RheinEnergieStadion,espn
690708,2024-06-22T22:00:00+00:00,2024-06-22,CONMEBOL/Copa America,group-stage,Ecuador,Venezuela,1,2,A,9.0,14.0,4.0,5.0,,,STATUS_FULL_TIME,True,Levi's Stadium,espn
690707,2024-06-23T01:00:00+00:00,2024-06-23,CONMEBOL/Copa America,group-stage,Mexico,Jamaica,1,0,H,20.0,13.0,9.0,4.0,,,STATUS_FULL_TIME,True,NRG Stadium,espn
690597,2024-06-23T19:00:00+00:00,2024-06-23,UEFA/European Championship,group-stage,Scotland,Hungary,0,1,A,4.0,14.0,0.0,5.0,,,STATUS_FULL_TIME,True,MHPArena,espn
690598,2024-06-23T19:00:00+00:00,2024-06-23,UEFA/European Championship,group-stage,Switzerland,Germany,1,1,D,4.0,18.0,3.0,3.0,,,STATUS_FULL_TIME,True,Deutsche Bank Park,espn
690709,2024-06-23T22:00:00+00:00,2024-06-23,CONMEBOL/Copa America,group-stage,United States,Bolivia,2,0,H,20.0,6.0,8.0,3.0,,,STATUS_FULL_TIME,True,AT&T Stadium,espn
690710,2024-06-24T01:00:00+00:00,2024-06-24,CONMEBOL/Copa America,group-stage,Uruguay,Panama,3,1,H,20.0,10.0,7.0,3.0,,,STATUS_FULL_TIME,True,Hard Rock Stadium,espn
690600,2024-06-24T19:00:00+00:00,2024-06-24,UEFA/European Championship,group-stage,Albania,Spain,0,1,A,10.0,16.0,4.0,3.0,,,STATUS_FULL_TIME,True,Merkur Spiel-Arena,espn
690599,2024-06-24T19:00:00+00:00,2024-06-24,UEFA/European Championship,group-stage,Croatia,Italy,1,1,D,6.0,12.0,4.0,3.0,,,STATUS_FULL_TIME,True,Red Bull Arena,espn
690711,2024-06-24T22:00:00+00:00,2024-06-24,CONMEBOL/Copa America,group-stage,Colombia,Paraguay,2,1,H,11.0,11.0,3.0,3.0,,,STATUS_FULL_TIME,True,NRG Stadium,espn
690712,2024-06-25T01:00:00+00:00,2024-06-25,CONMEBOL/Copa America,group-stage,Brazil,Costa Rica,0,0,D,19.0,2.0,3.0,0.0,,,STATUS_FULL_TIME,True,SoFi Stadium,espn
690604,2024-06-25T16:00:00+00:00,2024-06-25,UEFA/European Championship,group-stage,France,Poland,1,1,D,19.0,10.0,8.0,3.0,,,STATUS_FULL_TIME,True,SIGNAL IDUNA PARK,espn
690603,2024-06-25T16:00:00+00:00,2024-06-25,UEFA/European Championship,group-stage,Netherlands,Austria,2,3,A,11.0,9.0,2.0,5.0,,,STATUS_FULL_TIME,True,Olympiastadion Berlin,espn
690601,2024-06-25T19:00:00+00:00,2024-06-25,UEFA/European Championship,group-stage,Denmark,Serbia,0,0,D,10.0,5.0,3.0,1.0,,,STATUS_FULL_TIME,True,Allianz Arena,espn
690602,2024-06-25T19:00:00+00:00,2024-06-25,UEFA/European Championship,group-stage,England,Slovenia,0,0,D,12.0,4.0,4.0,1.0,,,STATUS_FULL_TIME,True,RheinEnergieStadion,espn
690714,2024-06-25T22:00:00+00:00,2024-06-25,CONMEBOL/Copa America,group-stage,Peru,Canada,0,1,A,9.0,5.0,4.0,2.0,,,STATUS_FULL_TIME,True,Children's Mercy Park,espn
690713,2024-06-26T01:00:00+00:00,2024-06-26,CONMEBOL/Copa America,group-stage,Chile,Argentina,0,1,A,3.0,22.0,3.0,9.0,,,STATUS_FULL_TIME,True,MetLife Stadium,espn
690605,2024-06-26T16:00:00+00:00,2024-06-26,UEFA/European Championship,group-stage,Slovakia,Romania,1,1,D,13.0,9.0,4.0,5.0,,,STATUS_FULL_TIME,True,Deutsche Bank Park,espn
690606,2024-06-26T16:00:00+00:00,2024-06-26,UEFA/European Championship,group-stage,Ukraine,Belgium,0,0,D,13.0,12.0,4.0,4.0,,,STATUS_FULL_TIME,True,MHPArena,espn
690608,2024-06-26T19:00:00+00:00,2024-06-26,UEFA/European Championship,group-stage,Czechia,Türkiye,1,2,A,12.0,18.0,7.0,5.0,,,STATUS_FULL_TIME,True,Volksparkstadion,espn
690607,2024-06-26T19:00:00+00:00,2024-06-26,UEFA/European Championship,group-stage,Georgia,Portugal,2,0,H,7.0,22.0,3.0,5.0,,,STATUS_FULL_TIME,True,VELTINS-Arena,espn
690716,2024-06-26T22:00:00+00:00,2024-06-26,CONMEBOL/Copa America,group-stage,Ecuador,Jamaica,3,1,H,24.0,7.0,4.0,4.0,,,STATUS_FULL_TIME,True,Allegiant Stadium,espn
690715,2024-06-27T01:00:00+00:00,2024-06-27,CONMEBOL/Copa America,group-stage,Venezuela,Mexico,1,0,H,10.0,18.0,2.0,5.0,,,STATUS_FULL_TIME,True,SoFi Stadium,espn
690717,2024-06-27T22:00:00+00:00,2024-06-27,CONMEBOL/Copa America,group-stage,Panama,United States,2,1,H,13.0,6.0,4.0,3.0,,,STATUS_FULL_TIME,True,Mercedes-Benz Stadium,espn
690718,2024-06-28T01:00:00+00:00,2024-06-28,CONMEBOL/Copa America,group-stage,Uruguay,Bolivia,5,0,H,18.0,4.0,9.0,1.0,,,STATUS_FULL_TIME,True,MetLife Stadium,espn
690720,2024-06-28T22:00:00+00:00,2024-06-28,CONMEBOL/Copa America,group-stage,Colombia,Costa Rica,3,0,H,17.0,5.0,5.0,0.0,,,STATUS_FULL_TIME,True,State Farm Stadium,espn
690719,2024-06-29T01:00:00+00:00,2024-06-29,CONMEBOL/Copa America,group-stage,Paraguay,Brazil,1,4,A,15.0,17.0,6.0,6.0,,,STATUS_FULL_TIME,True,Allegiant Stadium,espn
703931,2024-06-29T16:00:00+00:00,2024-06-29,UEFA/European Championship,round-of-16,Switzerland,Italy,2,0,H,16.0,11.0,4.0,1.0,,,STATUS_FULL_TIME,True,Olympiastadion Berlin,espn
703932,2024-06-29T19:00:00+00:00,2024-06-29,UEFA/European Championship,round-of-16,Germany,Denmark,2,0,H,15.0,11.0,9.0,2.0,,,STATUS_FULL_TIME,True,SIGNAL IDUNA PARK,espn
690721,2024-06-30T00:00:00+00:00,2024-06-30,CONMEBOL/Copa America,group-stage,Argentina,Peru,2,0,H,12.0,6.0,6.0,1.0,,,STATUS_FULL_TIME,True,Hard Rock Stadium,espn
690722,2024-06-30T00:00:00+00:00,2024-06-30,CONMEBOL/Copa America,group-stage,Canada,Chile,0,0,D,9.0,8.0,3.0,4.0,,,STATUS_FULL_TIME,True,Inter&Co Stadium,espn
703933,2024-06-30T16:00:00+00:00,2024-06-30,UEFA/European Championship,round-of-16,England,Slovakia,2,1,H,16.0,13.0,2.0,3.0,,,STATUS_FINAL_AET,True,VELTINS-Arena,espn
703934,2024-06-30T19:00:00+00:00,2024-06-30,UEFA/European Championship,round-of-16,Spain,Georgia,4,1,H,35.0,4.0,13.0,0.0,,,STATUS_FULL_TIME,True,RheinEnergieStadion,espn
690724,2024-07-01T00:00:00+00:00,2024-07-01,CONMEBOL/Copa America,group-stage,Jamaica,Venezuela,0,3,A,8.0,17.0,1.0,3.0,,,STATUS_FULL_TIME,True,Q2 Stadium,espn
690723,2024-07-01T00:00:00+00:00,2024-07-01,CONMEBOL/Copa America,group-stage,Mexico,Ecuador,0,0,D,20.0,9.0,4.0,3.0,,,STATUS_FULL_TIME,True,State Farm Stadium,espn
703935,2024-07-01T16:00:00+00:00,2024-07-01,UEFA/European Championship,round-of-16,France,Belgium,1,0,H,19.0,5.0,2.0,2.0,,,STATUS_FULL_TIME,True,Merkur Spiel-Arena,espn
703936,2024-07-01T19:00:00+00:00,2024-07-01,UEFA/European Championship,round-of-16,Portugal,Slovenia,0,0,H,20.0,10.0,6.0,2.0,3.0,0.0,STATUS_FINAL_PEN,True,Deutsche Bank Park,espn
690726,2024-07-02T01:00:00+00:00,2024-07-02,CONMEBOL/Copa America,group-stage,Bolivia,Panama,1,3,A,7.0,13.0,4.0,6.0,,,STATUS_FULL_TIME,True,Inter&Co Stadium,espn
690725,2024-07-02T01:00:00+00:00,2024-07-02,CONMEBOL/Copa America,group-stage,United States,Uruguay,0,1,A,8.0,12.0,3.0,5.0,,,STATUS_FULL_TIME,True,Arrowhead Stadium,espn
703937,2024-07-02T16:00:00+00:00,2024-07-02,UEFA/European Championship,round-of-16,Romania,Netherlands,0,3,A,5.0,23.0,1.0,6.0,,,STATUS_FULL_TIME,True,Allianz Arena,espn
703938,2024-07-02T19:00:00+00:00,2024-07-02,UEFA/European Championship,round-of-16,Austria,Türkiye,1,2,A,21.0,6.0,5.0,3.0,,,STATUS_FULL_TIME,True,Red Bull Arena,espn
690728,2024-07-03T01:00:00+00:00,2024-07-03,CONMEBOL/Copa America,group-stage,Brazil,Colombia,1,1,D,7.0,13.0,3.0,6.0,,,STATUS_FULL_TIME,True,Levi's Stadium,espn
690727,2024-07-03T01:00:00+00:00,2024-07-03,CONMEBOL/Copa America,group-stage,Costa Rica,Paraguay,2,1,H,2.0,17.0,2.0,6.0,,,STATUS_FULL_TIME,True,Q2 Stadium,espn
703946,2024-07-05T01:00:00+00:00,2024-07-05,CONMEBOL/Copa America,quarterfinals,Argentina,Ecuador,1,1,H,8.0,9.0,2.0,2.0,4.0,2.0,STATUS_FINAL_PEN,True,NRG Stadium,espn
703939,2024-07-05T16:00:00+00:00,2024-07-05,UEFA/European Championship,quarterfinals,Spain,Germany,2,1,H,18.0,23.0,6.0,5.0,,,STATUS_FINAL_AET,True,MHPArena,espn
703940,2024-07-05T19:00:00+00:00,2024-07-05,UEFA/European Championship,quarterfinals,Portugal,France,0,0,A,15.0,20.0,4.0,5.0,3.0,5.0,STATUS_FINAL_PEN,True,Volksparkstadion,espn
703947,2024-07-06T01:00:00+00:00,2024-07-06,CONMEBOL/Copa America,quarterfinals,Venezuela,Canada,1,1,A,15.0,16.0,3.0,7.0,3.0,4.0,STATUS_FINAL_PEN,True,AT&T Stadium,espn
703941,2024-07-06T16:00:00+00:00,2024-07-06,UEFA/European Championship,quarterfinals,England,Switzerland,1,1,H,13.0,11.0,3.0,3.0,5.0,3.0,STATUS_FINAL_PEN,True,Merkur Spiel-Arena,espn
703942,2024-07-06T19:00:00+00:00,2024-07-06,UEFA/European Championship,quarterfinals,Netherlands,Türkiye,2,1,H,11.0,15.0,4.0,4.0,,,STATUS_FULL_TIME,True,Olympiastadion Berlin,espn
703948,2024-07-06T22:00:00+00:00,2024-07-06,CONMEBOL/Copa America,quarterfinals,Colombia,Panama,5,0,H,7.0,14.0,5.0,3.0,,,STATUS_FULL_TIME,True,State Farm Stadium,espn
703949,2024-07-07T01:00:00+00:00,2024-07-07,CONMEBOL/Copa America,quarterfinals,Uruguay,Brazil,0,0,H,12.0,7.0,1.0,3.0,4.0,2.0,STATUS_FINAL_PEN,True,Allegiant Stadium,espn
703943,2024-07-09T19:00:00+00:00,2024-07-09,UEFA/European Championship,semifinals,Spain,France,2,1,H,6.0,9.0,2.0,3.0,,,STATUS_FULL_TIME,True,Allianz Arena,espn
703950,2024-07-10T00:00:00+00:00,2024-07-10,CONMEBOL/Copa America,semifinals,Argentina,Canada,2,0,H,11.0,9.0,3.0,2.0,,,STATUS_FULL_TIME,True,MetLife Stadium,espn
703944,2024-07-10T19:00:00+00:00,2024-07-10,UEFA/European Championship,semifinals,Netherlands,England,1,2,A,7.0,9.0,2.0,5.0,,,STATUS_FULL_TIME,True,SIGNAL IDUNA PARK,espn
703951,2024-07-11T00:00:00+00:00,2024-07-11,CONMEBOL/Copa America,semifinals,Uruguay,Colombia,0,1,A,11.0,11.0,2.0,4.0,,,STATUS_FULL_TIME,True,Bank of America Stadium,espn
703952,2024-07-14T00:00:00+00:00,2024-07-14,CONMEBOL/Copa America,3rd-place-match,Canada,Uruguay,2,2,A,14.0,12.0,6.0,5.0,3.0,4.0,STATUS_FINAL_PEN,True,Bank of America Stadium,espn
703945,2024-07-14T19:00:00+00:00,2024-07-14,UEFA/European Championship,final,Spain,England,2,1,H,16.0,9.0,6.0,4.0,,,STATUS_FULL_TIME,True,Olympiastadion Berlin,espn
703953,2024-07-15T01:15:00+00:00,2024-07-15,CONMEBOL/Copa America,final,Argentina,Colombia,1,0,H,11.0,19.0,6.0,4.0,,,STATUS_FINAL_AET,True,Hard Rock Stadium,espn
723735,2025-06-04T19:10:00+00:00,2025-06-04,UEFA/Nations League,semifinals,Germany,Portugal,1,2,A,9.0,17.0,5.0,6.0,,,STATUS_FULL_TIME,True,Allianz Arena,espn
723736,2025-06-05T19:00:00+00:00,2025-06-05,UEFA/Nations League,semifinals,Spain,France,5,4,H,16.0,24.0,8.0,9.0,,,STATUS_FULL_TIME,True,MHPArena,espn
723737,2025-06-08T13:00:00+00:00,2025-06-08,UEFA/Nations League,3rd-place-match,Germany,France,0,2,A,20.0,16.0,6.0,9.0,,,STATUS_FULL_TIME,True,MHPArena,espn
723738,2025-06-08T19:00:00+00:00,2025-06-08,UEFA/Nations League,final,Portugal,Spain,2,2,H,7.0,16.0,2.0,6.0,5.0,3.0,STATUS_FINAL_PEN,True,Allianz Arena,espn
